"Vehicle_ID","Vehicle_Type","Road","Speed","Waiting_Time","Traffic_Level","Vehicle_Count","Weather_Condition","Accident_Status","Signal_Delay"
1,"Truck","Street",57.52,14.6,"High",198,"Cloudy","No",56.16
2,"Van","Rural Road",23.24,21.18,"High",91,"Rainy","Yes",47.84
3,"Truck","Junction",26.5,2.25,"Low",116,"Foggy","No",10.68
4,"Bus","Main Road",24.15,21.79,"Medium",152,"Rainy","No",58.72
5,"Bus","Highway",89.69,12.77,"Low",25,"Cloudy","No",50.31
6,"Van","Rural Road",65.02,22.89,"Medium",148,"Foggy","No",14.2
7,"Truck","Highway",98.51,14.98,"High",73,"Foggy","Yes",5.44
8,"Auto","Street",75.4,2.61,"Medium",197,"Sunny","No",49.17
9,"Bike","Highway",21.57,24.16,"High",162,"Cloudy","Yes",59.45
10,"Van","Highway",38.46,25.94,"Medium",28,"Sunny","No",51
11,"Van","Junction",116.7,14.87,"High",190,"Cloudy","No",16.27
12,"Car","Junction",32.58,1.89,"Low",92,"Cloudy","No",59.83
13,"Bus","Junction",109.16,7.9,"Medium",186,"Sunny","No",13.69
14,"Truck","Rural Road",65.59,4.35,"High",53,"Cloudy","No",2.47
15,"Auto","Bridge",30.27,8.56,"High",127,"Foggy","No",45.09
16,"Truck","Expressway",73.14,8.39,"Medium",44,"Sunny","No",55.09
17,"Truck","City Road",41.06,27.44,"Low",104,"Foggy","No",56.57
18,"Car","Junction",20.43,5.25,"Medium",41,"Cloudy","No",39.22
19,"Bike","City Road",78.25,12.04,"Medium",168,"Sunny","No",6.3
20,"Car","City Road",102.96,8.36,"High",62,"Sunny","No",35.92
21,"Car","Street",84.22,18.9,"Low",90,"Sunny","No",48.51
22,"Auto","Rural Road",116.62,21.04,"Medium",11,"Sunny","No",23.65
23,"Truck","Highway",31.69,20.07,"Low",125,"Rainy","No",49.1
24,"Bus","Expressway",83.59,2.85,"Low",200,"Sunny","No",39.6
25,"Bus","Bridge",46.2,20.47,"Medium",18,"Rainy","No",23.5
26,"Car","Highway",20.38,13.45,"Low",177,"Cloudy","No",21.71
27,"Van","Junction",119.9,2.93,"Low",140,"Sunny","No",33.64
28,"Truck","City Road",62.66,12.01,"Medium",27,"Foggy","No",51.67
29,"Bike","City Road",102.57,22.87,"Medium",153,"Foggy","No",47.48
30,"Van","Bridge",47.01,21.04,"Medium",18,"Rainy","No",22.58
31,"Car","Highway",111.78,26.59,"High",71,"Sunny","No",7.15
32,"Truck","Junction",34.95,4.7,"Low",160,"Rainy","No",0.05
33,"Auto","Rural Road",41.38,29.42,"High",179,"Cloudy","No",1.43
34,"Bike","Rural Road",110.73,25.17,"High",16,"Rainy","No",45.13
35,"Bus","Main Road",57.92,3.72,"Low",140,"Rainy","No",33.55
36,"Auto","City Road",26.43,22.97,"Medium",146,"Sunny","No",51.23
37,"Car","Main Road",28.83,4.67,"High",168,"Sunny","No",26.76
38,"Car","Main Road",47.4,6.09,"Medium",192,"Cloudy","Yes",3.69
39,"Bus","Rural Road",84.15,20.44,"Low",180,"Rainy","No",40.92
40,"Truck","Highway",93.7,1.66,"Medium",172,"Sunny","Yes",25.11
41,"Bike","Main Road",68,9.88,"Medium",79,"Sunny","No",6.1
42,"Auto","City Road",22.6,5.49,"Low",56,"Cloudy","No",37.36
43,"Auto","Highway",118.96,26.94,"Medium",98,"Cloudy","No",1.38
44,"Truck","Junction",60.75,11.7,"Medium",167,"Foggy","No",37.5
45,"Van","City Road",57.52,2.89,"Medium",43,"Sunny","No",22.17
46,"Car","Bridge",60.32,13.4,"High",122,"Cloudy","No",21.06
47,"Bus","Street",70.43,19.71,"Low",68,"Cloudy","No",27.31
48,"Auto","Rural Road",37.66,27.48,"High",81,"Sunny","No",13.4
49,"Auto","Junction",37.33,19.86,"High",171,"Rainy","No",40.8
50,"Bike","City Road",59.38,7.15,"High",136,"Rainy","No",56.45
51,"Auto","Highway",79.11,24.54,"Low",91,"Sunny","No",10.19
52,"Bus","City Road",94.28,22.7,"Medium",197,"Cloudy","No",57.07
53,"Car","Bridge",41.66,24.68,"Medium",195,"Cloudy","No",17.19
54,"Car","Expressway",59.71,17.87,"High",104,"Rainy","No",13.2
55,"Truck","Expressway",34.95,16.79,"High",47,"Rainy","No",18.97
56,"Car","Rural Road",64.04,11.07,"High",65,"Cloudy","No",51.18
57,"Van","Street",65.85,2.42,"Low",21,"Rainy","No",58.59
58,"Auto","Expressway",78.59,8.13,"High",187,"Sunny","No",6.16
59,"Car","Street",38.32,19.25,"High",192,"Foggy","Yes",49.68
60,"Bus","Expressway",105.51,2.01,"High",199,"Sunny","No",2.02
61,"Bike","Expressway",39.42,19.78,"Low",119,"Cloudy","No",53.84
62,"Bike","Highway",76,2.93,"High",191,"Sunny","No",30.68
63,"Van","Street",89.49,1.94,"Medium",109,"Rainy","No",14.02
64,"Van","Rural Road",30.63,19.91,"Low",90,"Sunny","No",11.14
65,"Truck","Main Road",106.19,26.22,"Medium",95,"Rainy","No",45.36
66,"Van","Rural Road",118.3,28.9,"Low",57,"Cloudy","No",25.79
67,"Van","Highway",100.76,16.75,"Medium",90,"Cloudy","No",7.95
68,"Car","Junction",84.11,22.04,"High",119,"Cloudy","No",6.75
69,"Van","Rural Road",69.79,4.83,"Medium",140,"Sunny","No",36.15
70,"Bus","Junction",98.72,17.17,"Low",46,"Cloudy","No",35.45
71,"Car","Main Road",73.63,18.62,"Medium",59,"Foggy","No",37.27
72,"Bus","Highway",77.34,1.4,"High",126,"Cloudy","Yes",31.5
73,"Bike","Main Road",42.44,25.09,"High",109,"Foggy","Yes",54.69
74,"Auto","Expressway",89.37,25.73,"Medium",147,"Cloudy","No",54.81
75,"Auto","Rural Road",81.61,21.89,"Medium",57,"Foggy","No",57.24
76,"Van","Expressway",40.41,17.65,"High",34,"Sunny","No",44.92
77,"Truck","Street",104.1,10.94,"Medium",59,"Sunny","No",23.86
78,"Car","Junction",31.14,9.99,"Medium",149,"Sunny","No",2.36
79,"Bike","City Road",36.56,29.74,"Medium",106,"Foggy","No",54.49
80,"Van","Street",109.12,24.03,"High",45,"Cloudy","No",58.46
81,"Car","City Road",104.12,13.35,"Medium",169,"Rainy","Yes",42.48
82,"Van","Junction",50.59,26.4,"Low",189,"Sunny","No",45.34
83,"Car","Expressway",45.79,19.28,"Medium",96,"Sunny","No",48.32
84,"Truck","Bridge",72.65,13.6,"Medium",99,"Foggy","No",35.34
85,"Van","City Road",86.65,20.82,"Low",39,"Sunny","No",15.26
86,"Bike","Rural Road",103.31,18.96,"High",196,"Sunny","No",16.87
87,"Car","Highway",28.25,25.01,"High",114,"Sunny","No",43.75
88,"Van","Highway",40.45,21.2,"High",183,"Foggy","No",38.24
89,"Van","Highway",76.79,24.24,"Low",105,"Rainy","No",4.58
90,"Truck","Expressway",93.41,22.83,"Medium",191,"Cloudy","No",39.97
91,"Van","Junction",110.5,15.28,"Low",81,"Sunny","No",3.68
92,"Auto","Bridge",49.09,24.01,"Medium",88,"Cloudy","No",30.9
93,"Truck","Highway",66.88,13.98,"Medium",151,"Foggy","Yes",52.66
94,"Van","Highway",48.35,24.8,"High",180,"Cloudy","Yes",17.64
95,"Bus","Junction",25.67,5.06,"Medium",147,"Sunny","Yes",42.51
96,"Auto","Junction",46.39,12.94,"Medium",43,"Rainy","No",1.45
97,"Auto","Junction",114.86,20.18,"Low",71,"Foggy","No",31.24
98,"Truck","Rural Road",109.96,24.16,"Medium",103,"Foggy","No",35.32
99,"Bus","Junction",40.56,23.11,"Medium",158,"Foggy","No",47.37
100,"Bus","Bridge",110.6,9.95,"Low",85,"Rainy","No",15.5
101,"Bus","Rural Road",36.34,10.77,"High",105,"Rainy","No",39.4
102,"Bike","Expressway",111.64,24.67,"Low",184,"Cloudy","No",49.05
103,"Bus","Main Road",46.91,24.29,"High",138,"Sunny","No",29.11
104,"Bus","Expressway",92.04,24.8,"Medium",187,"Sunny","No",12.03
105,"Van","City Road",35.97,16.22,"High",40,"Foggy","No",54.65
106,"Bike","Main Road",21.38,1.4,"Low",178,"Cloudy","No",9.85
107,"Bike","Rural Road",77.82,21.3,"Low",198,"Cloudy","No",35.77
108,"Van","Bridge",91.91,4.5,"High",174,"Rainy","No",6.54
109,"Car","Street",83.05,7.64,"Low",180,"Cloudy","No",51.36
110,"Van","Expressway",117.35,11.65,"High",113,"Rainy","No",58.33
111,"Van","Junction",55.9,25.88,"Low",163,"Rainy","Yes",53.05
112,"Van","Bridge",76.87,16.08,"Low",116,"Foggy","Yes",58.35
113,"Truck","City Road",99.46,3.86,"Medium",138,"Sunny","No",8.45
114,"Van","Highway",22.78,21.89,"High",95,"Sunny","No",35.03
115,"Truck","Street",87.21,29.48,"High",88,"Cloudy","No",39.75
116,"Van","Expressway",107.94,5.23,"Low",82,"Sunny","No",23.61
117,"Car","Expressway",30.04,13.45,"High",143,"Rainy","No",41.09
118,"Truck","Bridge",86.89,24.18,"High",12,"Foggy","Yes",45.02
119,"Auto","Street",94.53,3.32,"Medium",79,"Rainy","No",33.71
120,"Bus","Rural Road",48.56,14.47,"High",154,"Cloudy","No",12.73
121,"Van","Rural Road",29.7,5.3,"Medium",132,"Rainy","No",3.27
122,"Van","Junction",29.2,4.69,"Medium",114,"Cloudy","No",31.97
123,"Truck","Street",66.66,1.66,"Medium",123,"Cloudy","No",5.82
124,"Bus","Street",58.55,16.27,"Low",114,"Foggy","No",9.51
125,"Auto","Bridge",59.22,13.15,"Low",200,"Cloudy","No",57.49
126,"Van","Bridge",89.18,2.7,"Medium",86,"Cloudy","No",48.85
127,"Auto","Highway",41.22,17.68,"Medium",118,"Sunny","No",49.42
128,"Truck","Rural Road",28.02,1.86,"Low",102,"Cloudy","No",44.23
129,"Bike","Expressway",107,8.54,"Low",170,"Cloudy","No",16.7
130,"Bike","Junction",61.04,12.84,"Medium",93,"Foggy","No",20.93
131,"Van","Main Road",71.03,13.55,"Medium",89,"Cloudy","No",1.84
132,"Bike","Highway",92.57,25.85,"Low",44,"Foggy","No",7.82
133,"Auto","Bridge",89.8,3.8,"High",125,"Foggy","No",3.12
134,"Truck","Junction",38.41,17.61,"Medium",17,"Sunny","No",7.15
135,"Car","Junction",68.2,25.52,"Low",164,"Foggy","No",3.37
136,"Van","Highway",97.74,24.07,"High",144,"Cloudy","No",56.52
137,"Bus","Main Road",38.83,13.59,"Medium",76,"Sunny","No",13.67
138,"Car","Expressway",80.01,29.09,"Low",185,"Rainy","Yes",22.66
139,"Bus","Rural Road",91.94,18.76,"High",198,"Rainy","No",40.92
140,"Auto","Main Road",85.66,21.55,"High",170,"Cloudy","No",51.85
141,"Truck","City Road",41.28,29.51,"High",54,"Cloudy","No",45.11
142,"Bike","City Road",75.83,9.97,"Low",36,"Sunny","No",29.8
143,"Bike","Bridge",100.22,25.23,"High",142,"Rainy","Yes",34.05
144,"Car","City Road",24.18,21.22,"Low",11,"Rainy","No",38.85
145,"Van","City Road",119.22,4.41,"Low",158,"Rainy","No",0.82
146,"Van","Highway",114.51,17.82,"Medium",59,"Rainy","No",5.97
147,"Bike","Rural Road",83.43,26.22,"Medium",188,"Foggy","No",50.41
148,"Car","Rural Road",67.76,29.35,"Low",157,"Cloudy","No",0.8
149,"Van","Junction",95.01,2.38,"Medium",184,"Cloudy","No",3.09
150,"Truck","Bridge",118.13,7.11,"Medium",166,"Foggy","No",53.07
151,"Bike","City Road",86.9,29.94,"High",46,"Sunny","No",6.56
152,"Truck","Rural Road",53.54,19.63,"High",31,"Sunny","Yes",1.7
153,"Auto","City Road",109.45,27.97,"High",121,"Foggy","No",55.94
154,"Bike","Expressway",62.68,12.1,"Medium",96,"Rainy","No",32.59
155,"Bike","Main Road",30.58,2.72,"High",193,"Rainy","No",12.78
156,"Bike","Rural Road",108.04,2.68,"High",188,"Sunny","No",9.51
157,"Van","Highway",36.94,6.81,"Low",32,"Rainy","No",10.83
158,"Car","Bridge",114.68,18.88,"Low",110,"Foggy","Yes",19.47
159,"Bus","Junction",72.95,28.25,"High",12,"Sunny","No",52.83
160,"Truck","Main Road",44.85,14.91,"Medium",31,"Sunny","No",42.32
161,"Bike","Bridge",67.62,4.57,"Medium",105,"Sunny","No",54.71
162,"Truck","Rural Road",55.77,6.18,"High",41,"Cloudy","No",42.61
163,"Car","City Road",32.49,29.76,"Medium",24,"Rainy","No",33.28
164,"Van","Main Road",54.01,21.79,"Medium",15,"Sunny","No",28.45
165,"Auto","Main Road",23.97,27.32,"Low",158,"Sunny","No",53.26
166,"Auto","Rural Road",98.43,14.69,"Low",95,"Sunny","No",37.4
167,"Bus","Main Road",51.86,24.15,"High",195,"Sunny","No",53.69
168,"Truck","Rural Road",91.31,2.8,"Medium",191,"Sunny","No",7.68
169,"Auto","Junction",115,10.44,"Low",63,"Foggy","No",42.55
170,"Van","Highway",50.19,9.71,"Low",160,"Sunny","No",29.96
171,"Van","Highway",118.76,28.63,"Medium",81,"Cloudy","No",38.88
172,"Car","Main Road",35.66,25.06,"Medium",187,"Rainy","No",28.24
173,"Bike","Main Road",99.82,17.59,"Medium",23,"Sunny","No",44.58
174,"Bus","Bridge",75.93,16.59,"Low",130,"Cloudy","No",49.54
175,"Bike","Junction",25.26,25.95,"High",177,"Sunny","No",57.88
176,"Auto","Main Road",67.52,6.57,"High",48,"Cloudy","Yes",58.27
177,"Auto","Bridge",97.33,9.2,"High",104,"Foggy","No",40.57
178,"Van","Junction",102.59,8.46,"Low",78,"Sunny","No",33.36
179,"Auto","Bridge",49.45,23.96,"Low",24,"Cloudy","No",58.42
180,"Auto","Highway",27.96,23.25,"Medium",117,"Sunny","No",28.85
181,"Car","Junction",75.09,5.8,"Medium",90,"Cloudy","No",7.81
182,"Bus","Street",90.21,7.51,"High",37,"Foggy","No",48.07
183,"Car","Junction",95.1,9.58,"Low",125,"Rainy","No",5.89
184,"Bus","Main Road",103.79,18.4,"High",150,"Cloudy","No",7.45
185,"Auto","Highway",115.15,13.43,"Medium",181,"Foggy","No",59.4
186,"Auto","Bridge",87.08,8.36,"Medium",145,"Cloudy","No",38.86
187,"Car","Rural Road",75.35,26.68,"Medium",69,"Rainy","No",18.62
188,"Bus","Bridge",36.43,29.43,"Medium",36,"Rainy","No",1.81
189,"Auto","Junction",44.09,17.6,"High",120,"Sunny","No",24.57
190,"Bike","Junction",30.02,21.56,"High",163,"Cloudy","No",55.59
191,"Bus","Highway",97.78,10.43,"Medium",42,"Rainy","No",36.6
192,"Van","Bridge",104.91,18.99,"Low",44,"Rainy","No",52.61
193,"Bus","Rural Road",99.38,5.29,"Medium",33,"Rainy","No",32.35
194,"Truck","Rural Road",117.97,21.78,"High",73,"Cloudy","No",52.46
195,"Car","Expressway",101.7,7.68,"Medium",74,"Foggy","No",35.47
196,"Car","Highway",31.46,9.22,"Low",63,"Foggy","No",22.17
197,"Auto","Street",107.36,19.08,"High",105,"Cloudy","No",59.04
198,"Auto","Rural Road",85.39,23.44,"High",129,"Cloudy","No",28.27
199,"Truck","Bridge",81.36,19.56,"High",60,"Cloudy","No",17.74
200,"Bus","Main Road",35.06,13.44,"High",14,"Foggy","No",49.22
201,"Auto","Expressway",37.28,12.25,"High",61,"Sunny","No",12.54
202,"Van","Highway",39.12,13.91,"Low",79,"Sunny","No",58.66
203,"Auto","Main Road",75.3,8.27,"Medium",99,"Foggy","No",14.03
204,"Truck","Highway",98.12,20.4,"Low",85,"Rainy","No",17.12
205,"Truck","Main Road",23.9,1.56,"High",152,"Foggy","No",53.06
206,"Car","Street",35.12,26.62,"High",183,"Rainy","No",46.46
207,"Bike","Highway",107.51,19.77,"Medium",126,"Cloudy","No",58.87
208,"Bus","Bridge",34.55,17.56,"Low",54,"Foggy","No",19.89
209,"Car","Junction",89.35,11.29,"High",87,"Cloudy","No",39.71
210,"Bus","City Road",103.93,29.16,"High",126,"Foggy","No",33.83
211,"Bike","Highway",95.89,14.97,"Low",87,"Sunny","No",5.23
212,"Auto","Bridge",51.58,11.25,"Medium",14,"Foggy","No",3.76
213,"Car","Rural Road",76.4,13.91,"High",75,"Sunny","Yes",9.59
214,"Car","Main Road",60.23,8.05,"High",163,"Sunny","No",48.91
215,"Car","Expressway",20.84,1.59,"Medium",91,"Cloudy","No",42.1
216,"Auto","Bridge",69.41,9.87,"Medium",54,"Sunny","No",0.23
217,"Van","Street",47.1,14.48,"Medium",91,"Foggy","Yes",23.04
218,"Van","Rural Road",46.21,17.07,"Medium",154,"Rainy","No",53.33
219,"Van","Street",102.75,28.97,"High",139,"Foggy","No",6.83
220,"Truck","Street",93.15,27.91,"High",77,"Foggy","No",37.73
221,"Car","Rural Road",59.22,29.07,"Medium",79,"Sunny","No",46.97
222,"Bus","Main Road",68.15,22.03,"Low",102,"Rainy","No",46.71
223,"Bus","Expressway",99.87,2.93,"Medium",49,"Foggy","Yes",3.49
224,"Car","Junction",68.99,1.55,"Medium",70,"Rainy","No",50.38
225,"Bus","City Road",37.42,15.85,"Medium",147,"Rainy","No",48.08
226,"Car","Expressway",99.44,19.85,"Low",16,"Cloudy","Yes",28.65
227,"Auto","Street",80.18,1.55,"Medium",93,"Foggy","No",6.28
228,"Bus","Street",75.98,28.87,"High",177,"Foggy","No",58.97
229,"Truck","Highway",49.18,9.03,"Medium",194,"Sunny","Yes",59.5
230,"Auto","Junction",87.03,21.36,"Medium",181,"Foggy","No",39.04
231,"Bike","Bridge",45.81,28.81,"Low",52,"Cloudy","No",47.9
232,"Auto","Junction",27.92,21.45,"Medium",187,"Sunny","No",26.95
233,"Bus","Rural Road",62.63,24.12,"Medium",101,"Sunny","No",41.85
234,"Car","Rural Road",67.19,14.75,"Low",184,"Rainy","No",3.07
235,"Bike","City Road",115.68,11.61,"High",48,"Rainy","No",21.11
236,"Van","Rural Road",57.39,3.1,"Low",74,"Rainy","No",10.38
237,"Bus","City Road",76.84,11.04,"High",21,"Sunny","No",46.84
238,"Van","Street",86.6,13.28,"Medium",48,"Foggy","No",28.81
239,"Auto","Main Road",78.8,14.55,"Medium",64,"Foggy","No",19.24
240,"Car","Junction",75.86,18.55,"Low",18,"Sunny","No",55.19
241,"Auto","Main Road",114.43,4.43,"Medium",56,"Cloudy","No",30.92
242,"Car","Junction",73.55,26.44,"Medium",58,"Cloudy","No",30.87
243,"Bike","Street",58.68,16.66,"Low",125,"Sunny","No",1.14
244,"Truck","Highway",65.67,22.1,"Low",181,"Sunny","No",29.23
245,"Car","Highway",89.77,6.8,"Medium",191,"Sunny","No",27.22
246,"Van","Highway",24.14,26.74,"Low",99,"Rainy","No",24.41
247,"Car","Main Road",43.48,3.55,"High",71,"Cloudy","No",57.41
248,"Bus","Street",97.9,3,"Low",177,"Sunny","No",5.73
249,"Bike","Rural Road",100.19,6.94,"Low",73,"Rainy","No",53.14
250,"Bus","Street",57.48,20.97,"Medium",92,"Foggy","No",13.33
251,"Car","Junction",28.9,25.71,"Low",123,"Sunny","No",22.18
252,"Auto","Junction",58.86,14.28,"High",82,"Foggy","No",18.86
253,"Auto","Junction",67.77,5.24,"Medium",36,"Foggy","No",55.32
254,"Car","Rural Road",39.77,20.3,"High",154,"Cloudy","No",28.61
255,"Car","Highway",107.03,5.91,"Medium",58,"Cloudy","No",56.35
256,"Auto","Main Road",81.35,13.2,"Medium",152,"Rainy","No",29.24
257,"Auto","City Road",110.96,1.29,"High",107,"Sunny","No",52.2
258,"Bus","Main Road",111.47,18.17,"Medium",13,"Foggy","No",59.36
259,"Bus","Bridge",66.55,21.48,"Low",171,"Cloudy","No",58.33
260,"Van","Junction",64.41,21.37,"Low",42,"Rainy","No",42.83
261,"Auto","Junction",20.84,16.51,"Low",134,"Foggy","No",51.8
262,"Car","Expressway",84.08,3.12,"Low",113,"Foggy","No",41.47
263,"Car","Bridge",115,11.13,"Low",128,"Foggy","No",3.81
264,"Auto","Street",27.54,26.94,"Low",51,"Sunny","No",0.68
265,"Auto","Highway",46.68,24.72,"Low",131,"Rainy","No",58.88
266,"Bike","City Road",37.69,24.42,"Low",61,"Cloudy","No",6.06
267,"Auto","Bridge",96.37,15.74,"Medium",172,"Cloudy","No",31.14
268,"Auto","Bridge",49.62,26.01,"Medium",161,"Foggy","No",50.15
269,"Bike","Junction",24.49,21.8,"High",43,"Sunny","No",26.84
270,"Bus","Junction",102.34,26.12,"Low",120,"Rainy","No",44.5
271,"Auto","City Road",52.77,10.77,"Medium",113,"Foggy","No",32.23
272,"Car","Main Road",75.37,7.63,"Low",197,"Cloudy","No",57.79
273,"Car","City Road",114.86,8.62,"Low",10,"Cloudy","No",19.83
274,"Bus","Highway",68.93,23.03,"High",65,"Cloudy","No",53.88
275,"Car","Rural Road",83.42,26.08,"Low",137,"Sunny","No",8.67
276,"Bus","Expressway",52.22,12.36,"Medium",109,"Sunny","No",3.83
277,"Auto","Rural Road",83.44,24.13,"Medium",134,"Cloudy","No",0.11
278,"Car","Expressway",26.59,29.85,"Medium",181,"Rainy","No",31.95
279,"Truck","Expressway",101.54,24.77,"High",177,"Rainy","No",4.9
280,"Bus","Main Road",86.05,25.33,"Low",38,"Foggy","Yes",29.51
281,"Bus","Expressway",28.62,20.18,"High",132,"Foggy","No",50.69
282,"Auto","Street",104.43,18.8,"High",153,"Cloudy","No",4.01
283,"Bike","Rural Road",71.27,14.09,"Medium",16,"Foggy","No",5.63
284,"Car","Highway",59.09,3.34,"Low",166,"Rainy","Yes",48.43
285,"Auto","Bridge",88.26,6.58,"High",135,"Sunny","No",41.69
286,"Bus","Expressway",50.73,5.6,"Medium",182,"Foggy","No",43.78
287,"Auto","City Road",107.14,29.31,"High",37,"Rainy","No",30.9
288,"Van","Highway",43.85,8.34,"Low",175,"Sunny","No",59.73
289,"Bus","Junction",40.91,17.28,"Medium",95,"Foggy","Yes",48.7
290,"Bus","Main Road",38.37,29.44,"High",174,"Cloudy","No",37.43
291,"Van","Expressway",79.26,11.6,"Low",94,"Cloudy","No",30.95
292,"Bike","Rural Road",95.84,16.39,"Medium",14,"Rainy","No",59.16
293,"Truck","Main Road",94.74,28.89,"Low",199,"Foggy","No",20.48
294,"Bike","Main Road",118.92,29.73,"High",59,"Sunny","No",9.24
295,"Truck","City Road",119.99,28.67,"High",24,"Cloudy","No",20.4
296,"Truck","Junction",24.69,21.33,"High",47,"Foggy","No",26.99
297,"Truck","Bridge",114.41,8.33,"High",27,"Cloudy","No",21.33
298,"Auto","Junction",106.76,25.96,"Medium",61,"Sunny","Yes",50.13
299,"Truck","Street",20.89,15.47,"High",73,"Cloudy","No",3.23
300,"Bus","Junction",65.36,14.51,"Low",105,"Sunny","No",8.4
301,"Truck","Rural Road",70.69,12.24,"High",90,"Foggy","No",7.16
302,"Car","Street",57.5,5.28,"Low",138,"Foggy","No",33.06
303,"Auto","Highway",77.58,25.09,"Medium",52,"Cloudy","No",8.01
304,"Van","Main Road",75.05,1.4,"Low",195,"Sunny","No",12.35
305,"Van","Junction",99.34,11.94,"Medium",17,"Sunny","No",50.16
306,"Car","Highway",65.63,29.68,"Medium",142,"Sunny","No",30.45
307,"Bike","Bridge",44.22,18.62,"Low",157,"Sunny","No",55.04
308,"Bus","Rural Road",68,4.1,"Medium",132,"Foggy","No",32.38
309,"Van","Bridge",104.05,15.98,"Low",118,"Sunny","No",21.69
310,"Bus","Expressway",119.21,20.52,"High",191,"Sunny","No",52.21
311,"Bike","Junction",44.42,15.44,"High",178,"Foggy","No",18.44
312,"Car","Street",82.3,19.38,"Low",54,"Foggy","No",22.7
313,"Bike","Highway",65.88,5.77,"Low",37,"Cloudy","No",43.26
314,"Auto","Rural Road",104.84,15.1,"Low",110,"Cloudy","No",35.6
315,"Auto","Expressway",92.7,17.16,"Medium",50,"Foggy","No",40.59
316,"Truck","Expressway",39.13,15.74,"Medium",38,"Foggy","No",53.53
317,"Auto","Bridge",47.16,20.6,"High",128,"Foggy","No",56.03
318,"Auto","Street",37.24,1.7,"Medium",25,"Cloudy","Yes",34.85
319,"Truck","Highway",73.38,15.94,"Low",173,"Cloudy","No",13.97
320,"Car","Rural Road",53.39,1.9,"Medium",78,"Cloudy","No",37.35
321,"Truck","Expressway",114.27,11.3,"Medium",163,"Cloudy","No",11.07
322,"Bike","Street",116.37,23.75,"High",71,"Cloudy","No",46.17
323,"Bus","Main Road",52.14,21.71,"Medium",200,"Cloudy","No",16.67
324,"Auto","Highway",87.59,3.14,"Medium",88,"Foggy","No",46.54
325,"Car","Expressway",32.33,16.9,"Medium",126,"Foggy","No",24.67
326,"Bike","Main Road",90.98,9.53,"Medium",176,"Sunny","No",11.31
327,"Van","Highway",96.54,24.13,"Medium",87,"Cloudy","No",43.19
328,"Truck","Street",53.16,4.52,"Medium",182,"Sunny","No",5.1
329,"Van","Bridge",41.64,5.44,"Medium",133,"Rainy","No",41.7
330,"Car","Bridge",64.92,27.72,"Medium",193,"Foggy","Yes",58.32
331,"Bus","Rural Road",59.42,29.25,"Low",92,"Sunny","No",6.23
332,"Van","Main Road",77.48,25.78,"Medium",151,"Foggy","No",46.04
333,"Truck","Junction",89.42,5.3,"Low",50,"Sunny","No",26.66
334,"Truck","Street",26.04,2.02,"Low",178,"Cloudy","Yes",51.46
335,"Car","Main Road",87.77,10.04,"High",109,"Foggy","Yes",12.13
336,"Bus","Rural Road",101.84,21.26,"High",33,"Cloudy","No",32.51
337,"Car","Rural Road",108.09,23.43,"Low",122,"Foggy","No",15.33
338,"Van","Expressway",28.69,9.78,"High",80,"Rainy","No",1.9
339,"Bus","Street",44.84,19.9,"Medium",191,"Sunny","No",37.85
340,"Bus","Street",103.68,4.01,"Low",141,"Rainy","No",46.71
341,"Bus","Expressway",57.5,2.99,"Medium",40,"Foggy","No",15.85
342,"Auto","Rural Road",77.41,4.42,"Medium",28,"Foggy","No",32.06
343,"Bike","Bridge",45.53,8.66,"High",44,"Cloudy","No",5.18
344,"Van","Rural Road",21.78,16.09,"Medium",12,"Foggy","No",3.25
345,"Bike","Highway",63.54,23.23,"Medium",127,"Sunny","No",6.04
346,"Auto","Highway",110.65,15.28,"Medium",57,"Sunny","No",22.95
347,"Bike","Rural Road",117.67,29.54,"Medium",52,"Rainy","No",38.91
348,"Van","Expressway",65.39,3.14,"Medium",169,"Sunny","No",57.08
349,"Car","Junction",67.57,28.74,"Low",195,"Cloudy","No",2.56
350,"Bus","Expressway",95.72,25.03,"High",187,"Foggy","No",17.39
351,"Car","Bridge",68.89,29.27,"High",151,"Rainy","No",39.04
352,"Bus","City Road",101.39,19.49,"Low",59,"Foggy","No",37.48
353,"Truck","Expressway",89.55,26.32,"High",80,"Rainy","No",0.88
354,"Bus","Expressway",113.59,14.35,"Low",73,"Rainy","No",27.39
355,"Truck","City Road",31.18,20.91,"Medium",138,"Cloudy","No",50.36
356,"Car","Bridge",97.56,19.25,"Medium",98,"Foggy","No",49.07
357,"Bike","Street",102.99,12.32,"Low",21,"Cloudy","No",14.47
358,"Bus","Rural Road",75.46,9.09,"High",120,"Cloudy","No",21.35
359,"Truck","Expressway",67.67,22.74,"Medium",119,"Rainy","No",26.32
360,"Auto","Highway",32.16,9.45,"Low",132,"Rainy","Yes",21.86
361,"Auto","Rural Road",44.04,8.82,"Low",79,"Rainy","No",46.82
362,"Van","Bridge",101,3.47,"Low",187,"Sunny","No",56.25
363,"Truck","Junction",84.59,1.65,"Low",67,"Cloudy","No",16.45
364,"Van","Highway",78.69,29.1,"High",162,"Rainy","No",39.04
365,"Van","Highway",62.73,26.73,"High",85,"Sunny","No",58.68
366,"Bus","Bridge",106.07,29.05,"High",139,"Foggy","No",1.23
367,"Auto","Expressway",63.97,9.78,"High",200,"Sunny","No",18.01
368,"Bike","City Road",57.56,7.66,"Low",41,"Cloudy","No",59.67
369,"Bus","Bridge",65.43,23.22,"Low",119,"Sunny","No",5.63
370,"Car","Rural Road",64.07,13.15,"Medium",22,"Foggy","No",0.67
371,"Bike","Bridge",113.91,2.22,"High",53,"Cloudy","No",40.32
372,"Car","Main Road",53.96,23.63,"High",62,"Sunny","Yes",48.2
373,"Bike","Rural Road",49.02,1.01,"Medium",131,"Sunny","No",7.98
374,"Auto","Bridge",56.19,6.01,"High",108,"Cloudy","No",40.36
375,"Bike","Rural Road",103,14.19,"Medium",27,"Foggy","No",26.19
376,"Bus","Main Road",34.12,16.39,"Low",62,"Sunny","No",14.14
377,"Bus","Bridge",76.53,3.14,"High",177,"Rainy","No",0.39
378,"Bike","Main Road",61.25,4.57,"Medium",200,"Rainy","Yes",29.72
379,"Truck","Street",59.06,11.32,"Medium",134,"Sunny","No",27.93
380,"Auto","Junction",50.48,7.37,"Medium",115,"Rainy","No",49.99
381,"Van","Rural Road",45.97,19.35,"Low",199,"Rainy","No",3.37
382,"Bus","Main Road",114.2,12.66,"Medium",191,"Sunny","No",52.43
383,"Truck","Street",55.68,9.58,"Medium",59,"Cloudy","No",6.25
384,"Truck","City Road",30.57,2.83,"Medium",22,"Rainy","No",7.09
385,"Truck","Expressway",59.13,15.85,"High",29,"Cloudy","No",7.52
386,"Van","City Road",64.12,22.08,"High",93,"Cloudy","No",39.53
387,"Car","Highway",106.23,7.79,"Low",100,"Foggy","No",51.57
388,"Car","Street",70.08,7.81,"Low",47,"Cloudy","No",47.51
389,"Truck","Bridge",41.73,4.95,"Medium",136,"Sunny","No",31.15
390,"Bike","Rural Road",58.07,14.51,"Medium",117,"Rainy","No",14.12
391,"Bike","Rural Road",114.98,12.78,"Low",138,"Rainy","No",49.57
392,"Auto","Junction",39.22,1.51,"Medium",158,"Foggy","No",49.45
393,"Bus","Main Road",63.22,25.49,"Medium",173,"Cloudy","No",41
394,"Bus","Rural Road",74.32,15.46,"High",21,"Sunny","No",12.03
395,"Bike","City Road",45.67,4.92,"High",162,"Foggy","No",19.82
396,"Bus","Rural Road",66.34,28.6,"Medium",101,"Sunny","No",7.65
397,"Car","Expressway",43.95,24.47,"Medium",48,"Foggy","No",56.49
398,"Bike","Expressway",75.06,7.33,"Medium",197,"Cloudy","No",58.89
399,"Truck","Expressway",77.46,9.51,"High",31,"Rainy","No",33.95
400,"Car","Street",102.08,9.33,"High",95,"Sunny","No",13.95
401,"Auto","Street",115.98,3.68,"Medium",67,"Rainy","No",1.26
402,"Truck","Bridge",107.67,23.24,"High",30,"Cloudy","No",45.59
403,"Bike","Junction",61.13,22.38,"Medium",117,"Rainy","No",44.05
404,"Bus","Junction",93.71,19.41,"Medium",60,"Foggy","No",19.52
405,"Auto","Main Road",66.19,23.25,"Medium",20,"Cloudy","No",51.62
406,"Auto","Bridge",89.77,16.5,"Low",79,"Sunny","No",1.07
407,"Bus","City Road",78.12,26.47,"Low",41,"Rainy","No",7
408,"Van","Bridge",65.77,29.25,"High",38,"Sunny","No",30.6
409,"Bus","Junction",72.53,21.98,"Medium",179,"Rainy","No",8.46
410,"Bus","Street",46.53,22.17,"Low",196,"Sunny","No",25.92
411,"Car","Rural Road",42.91,15,"Medium",199,"Cloudy","No",7.3
412,"Truck","City Road",82.68,4.63,"Medium",35,"Cloudy","No",25.34
413,"Van","Expressway",103.85,28.14,"Medium",23,"Foggy","No",38.04
414,"Bike","Main Road",38.97,14.17,"High",171,"Foggy","No",37.97
415,"Truck","City Road",30.93,10.6,"Medium",193,"Sunny","No",24.38
416,"Truck","Main Road",58.56,18.88,"Low",59,"Cloudy","No",54.23
417,"Truck","Junction",36.35,14.52,"Medium",183,"Foggy","No",4.92
418,"Van","Junction",107.4,1.48,"Low",167,"Sunny","No",54.63
419,"Bike","Rural Road",53.89,11.75,"Low",196,"Sunny","No",10.25
420,"Bike","Street",68.19,3.03,"Low",17,"Cloudy","No",8.89
421,"Truck","Street",59.03,23.39,"High",113,"Foggy","No",2.12
422,"Van","Street",48.73,20.47,"Low",131,"Foggy","No",46.81
423,"Van","City Road",105.41,11.26,"Medium",54,"Rainy","No",56.51
424,"Bike","Main Road",47.35,29.24,"Low",56,"Rainy","No",50.49
425,"Bus","Bridge",46.66,22.54,"High",49,"Foggy","No",22.34
426,"Truck","Junction",91.78,6.98,"Medium",56,"Cloudy","No",13.84
427,"Van","City Road",62.93,3.19,"High",200,"Foggy","No",16.63
428,"Bike","Highway",105.17,20.27,"Medium",97,"Rainy","Yes",6.17
429,"Bus","Main Road",56.98,7.32,"Medium",67,"Sunny","No",34.33
430,"Car","Highway",88.37,7.56,"High",87,"Sunny","No",20.97
431,"Van","Main Road",114.56,18.85,"Low",127,"Rainy","Yes",30.83
432,"Truck","Main Road",104.18,27.41,"Medium",167,"Cloudy","No",27.34
433,"Bike","Highway",112.63,17.73,"Low",126,"Rainy","No",34.21
434,"Car","Rural Road",93.69,5.26,"Medium",94,"Foggy","Yes",50.03
435,"Car","City Road",34.49,8.03,"High",11,"Rainy","No",6.87
436,"Bike","Street",65.32,5.11,"Medium",76,"Foggy","No",22
437,"Bike","City Road",86.88,27.62,"High",93,"Rainy","No",29.81
438,"Van","Expressway",66.42,11.31,"High",84,"Cloudy","No",22.11
439,"Auto","Junction",29.73,24.02,"Low",163,"Sunny","No",53.42
440,"Car","Bridge",52.47,20.34,"Low",180,"Foggy","No",4.75
441,"Bike","Main Road",40.35,16.5,"Low",83,"Cloudy","No",16.28
442,"Auto","Junction",113.49,18.28,"Low",129,"Rainy","No",34.26
443,"Van","Junction",48.04,18.87,"Low",17,"Cloudy","No",24.6
444,"Van","Bridge",33.68,28.24,"High",17,"Foggy","No",29.1
445,"Truck","Expressway",39.84,12.44,"Low",70,"Cloudy","No",11.64
446,"Bus","Highway",91.44,21,"Low",175,"Cloudy","No",26.19
447,"Auto","City Road",79.04,26.76,"High",96,"Sunny","No",30.48
448,"Bike","City Road",84.31,17.25,"Low",160,"Sunny","No",1.31
449,"Bike","City Road",57.71,19.69,"Low",191,"Foggy","No",30.84
450,"Van","Junction",56.21,21.56,"Low",183,"Cloudy","No",21.54
451,"Car","Main Road",82.03,1.66,"Low",101,"Sunny","No",21.79
452,"Truck","Main Road",95.77,13.97,"Medium",199,"Sunny","No",27.01
453,"Truck","Main Road",109.06,15.87,"Low",154,"Rainy","Yes",17.41
454,"Truck","Highway",60.22,6.35,"High",194,"Cloudy","Yes",32.84
455,"Van","Street",107.92,14.93,"Low",36,"Sunny","No",53.04
456,"Auto","Highway",93.11,21.68,"Low",66,"Foggy","No",12.17
457,"Bus","Street",21.92,5.48,"Medium",149,"Cloudy","No",28.11
458,"Auto","Expressway",75.14,16.1,"Medium",95,"Sunny","No",21.33
459,"Bus","Street",59.96,11.32,"Low",111,"Sunny","No",42.22
460,"Car","Expressway",69.63,25.65,"Low",175,"Cloudy","Yes",22.66
461,"Van","Bridge",88.31,28.75,"Medium",144,"Sunny","Yes",56.07
462,"Van","Rural Road",83.72,13.2,"High",150,"Sunny","No",57.83
463,"Bike","Bridge",107.8,29.84,"High",197,"Foggy","No",14.34
464,"Van","Highway",100.62,4.07,"Medium",198,"Rainy","Yes",42.24
465,"Van","Main Road",48.42,26,"Low",154,"Cloudy","No",42.98
466,"Van","Highway",73.58,13.47,"High",161,"Rainy","No",22.02
467,"Bus","Rural Road",75.09,10.52,"High",12,"Sunny","No",18.23
468,"Bus","Main Road",40.25,11.45,"High",47,"Cloudy","No",33.82
469,"Truck","City Road",114.87,25.35,"Medium",28,"Sunny","No",11.24
470,"Auto","Junction",35.11,28.45,"Medium",64,"Rainy","No",33.56
471,"Car","City Road",77.89,22.99,"High",20,"Rainy","No",17.47
472,"Truck","City Road",40.72,7.1,"Medium",45,"Foggy","No",52.91
473,"Truck","Junction",116.97,28.86,"Medium",84,"Cloudy","No",33.32
474,"Bus","Highway",95.55,4.68,"High",104,"Sunny","No",30.92
475,"Auto","Rural Road",21.33,8.48,"High",138,"Sunny","No",36.02
476,"Car","Rural Road",85.35,27.91,"High",174,"Rainy","No",32.52
477,"Van","Rural Road",117.9,24.56,"High",65,"Foggy","No",59.45
478,"Bike","Junction",36.18,23.21,"Medium",107,"Rainy","No",28.98
479,"Van","Highway",20.88,29.87,"Medium",27,"Sunny","No",43.67
480,"Bike","Bridge",52.92,23.72,"High",124,"Rainy","No",56.63
481,"Car","Main Road",107.14,1.52,"Medium",130,"Rainy","No",30.78
482,"Truck","City Road",66.11,25.96,"High",71,"Rainy","No",15.12
483,"Bike","Junction",105.62,24.49,"Medium",66,"Sunny","Yes",16.61
484,"Bike","Street",110.2,10.8,"Medium",28,"Sunny","Yes",48.56
485,"Car","Highway",55.2,27.3,"High",163,"Rainy","No",21.88
486,"Auto","Expressway",116.96,5.43,"High",94,"Cloudy","No",50.43
487,"Truck","Street",57.03,20.94,"Medium",160,"Foggy","No",2.66
488,"Bike","Highway",113.9,15.71,"Medium",10,"Sunny","No",50.79
489,"Bus","Expressway",83.89,21.8,"High",10,"Foggy","No",36.74
490,"Van","Junction",85.05,4.07,"High",186,"Sunny","No",14.94
491,"Van","Rural Road",76.75,7.53,"Medium",114,"Rainy","No",45.02
492,"Truck","Street",112.07,7.49,"Low",129,"Sunny","No",51.91
493,"Bus","Main Road",79.45,7.7,"Medium",137,"Rainy","No",48.9
494,"Truck","City Road",42.62,5.03,"Low",182,"Rainy","No",28.93
495,"Truck","Highway",110.56,5.43,"Medium",54,"Sunny","Yes",18.12
496,"Car","Junction",114.73,26.55,"Medium",133,"Foggy","No",29.41
497,"Auto","Street",79.07,2.24,"Medium",30,"Sunny","No",25.88
498,"Van","Main Road",64.47,29.26,"Low",123,"Rainy","No",24.78
499,"Bike","Junction",21.95,20.36,"High",24,"Cloudy","Yes",10.68
500,"Bike","Junction",36.27,24.03,"Low",11,"Foggy","No",52.37
501,"Auto","Highway",86.14,16.78,"Low",85,"Cloudy","No",47.31
502,"Truck","Expressway",21.41,2.09,"High",49,"Foggy","No",9.92
503,"Bus","City Road",57.34,15.16,"High",177,"Foggy","No",5.85
504,"Bike","Junction",97.46,6.76,"High",100,"Sunny","No",17.93
505,"Van","Main Road",100.04,17.31,"Medium",119,"Cloudy","No",32.51
506,"Auto","Bridge",30.23,26.5,"High",56,"Cloudy","No",52.94
507,"Bus","Highway",39.08,10.85,"High",166,"Rainy","No",11.62
508,"Truck","Street",48.08,4.82,"Low",113,"Cloudy","No",27.14
509,"Truck","Junction",60.11,28.89,"High",49,"Rainy","No",18.99
510,"Van","Rural Road",74.5,6.54,"Medium",78,"Cloudy","No",29.94
511,"Car","Rural Road",26.2,19.55,"High",162,"Foggy","No",44.65
512,"Van","Street",94.75,18.92,"Medium",118,"Foggy","No",35.35
513,"Truck","Bridge",26.9,15.26,"Low",43,"Rainy","No",15.77
514,"Bus","Main Road",96.97,28.67,"High",130,"Cloudy","No",16.73
515,"Truck","Street",24.05,5.19,"Low",96,"Rainy","No",15.18
516,"Truck","Bridge",54.39,2.47,"High",197,"Cloudy","No",36.75
517,"Car","Rural Road",70.97,5.73,"Medium",55,"Cloudy","No",18.55
518,"Van","Junction",63.68,27.72,"High",172,"Cloudy","No",59.66
519,"Bus","Rural Road",20.31,7.58,"Low",192,"Sunny","Yes",28.17
520,"Bus","Rural Road",46.98,14.98,"High",20,"Rainy","No",40.96
521,"Bus","Bridge",109.52,20.74,"High",68,"Sunny","No",43.13
522,"Bike","Main Road",81.55,17.25,"High",158,"Cloudy","Yes",13.4
523,"Van","Highway",45.76,24.79,"Low",68,"Rainy","No",45.33
524,"Car","Main Road",74.91,27.41,"Medium",130,"Foggy","No",47.54
525,"Auto","Junction",70.59,9.29,"Medium",24,"Cloudy","No",51.03
526,"Auto","City Road",97.94,23.14,"Medium",157,"Rainy","Yes",3.09
527,"Truck","Street",108.46,6.81,"Low",186,"Foggy","No",35.73
528,"Van","Junction",40.11,8.56,"High",62,"Sunny","No",21.26
529,"Truck","Rural Road",81.84,7.74,"Low",48,"Cloudy","No",46.09
530,"Van","Rural Road",26.66,8.71,"Low",111,"Rainy","No",9.03
531,"Auto","Bridge",86.34,5.04,"High",77,"Sunny","No",48.42
532,"Car","Bridge",115.75,29.23,"High",18,"Sunny","No",49.04
533,"Bike","Street",46.22,16.77,"Low",53,"Sunny","No",6.14
534,"Bus","Junction",27.71,3.83,"Low",26,"Foggy","No",1.74
535,"Auto","Junction",29.78,26.8,"Medium",80,"Cloudy","Yes",15.15
536,"Van","Bridge",67.13,16.85,"Medium",101,"Sunny","No",23.55
537,"Bike","Highway",93.94,1.13,"Medium",92,"Rainy","No",7.37
538,"Van","City Road",26.79,23.81,"High",84,"Sunny","Yes",13.55
539,"Auto","Expressway",61.96,14.59,"Low",105,"Sunny","No",26.34
540,"Car","City Road",79.35,10.55,"High",164,"Cloudy","No",59.47
541,"Bus","Highway",70,27.25,"High",162,"Cloudy","No",27.33
542,"Truck","City Road",56.79,12.41,"High",129,"Cloudy","No",11.8
543,"Car","Junction",40.48,7.24,"Medium",57,"Cloudy","No",18.49
544,"Car","City Road",30.44,7.94,"Low",102,"Rainy","No",40.14
545,"Truck","Rural Road",48.89,14.25,"Low",163,"Sunny","No",8.24
546,"Bus","Street",30.44,24.62,"High",110,"Rainy","No",34.16
547,"Bike","Street",21.1,23.81,"High",75,"Sunny","No",3.54
548,"Auto","City Road",46.28,16.37,"Low",29,"Foggy","No",5.21
549,"Truck","Street",24.92,19.64,"Low",101,"Cloudy","No",7.27
550,"Bike","Junction",77.87,12.73,"Low",22,"Cloudy","No",1.35
551,"Auto","Street",25.81,19.25,"Medium",15,"Cloudy","No",30.08
552,"Truck","Expressway",59.79,8.63,"High",70,"Sunny","No",29.44
553,"Car","Street",62.85,1.32,"High",142,"Rainy","No",55.68
554,"Van","City Road",37.5,27.1,"High",120,"Sunny","No",44.03
555,"Auto","Bridge",34.31,10.87,"High",193,"Foggy","Yes",47.48
556,"Bus","City Road",64.95,20.7,"Medium",104,"Rainy","No",26.15
557,"Bike","Highway",85.14,13.33,"Low",152,"Rainy","No",52.53
558,"Bus","Expressway",36.84,1.21,"Medium",34,"Foggy","No",7.54
559,"Car","Highway",71.41,25.81,"High",21,"Cloudy","No",2.96
560,"Auto","Main Road",43.3,26.96,"Medium",101,"Foggy","No",31.24
561,"Van","Rural Road",50.91,19.13,"Medium",150,"Rainy","No",25.35
562,"Bus","Junction",25.78,13.01,"Low",89,"Rainy","No",57.88
563,"Auto","Main Road",25.42,23.5,"Low",72,"Sunny","No",40.05
564,"Van","Main Road",51.56,12.66,"Low",126,"Rainy","No",59.95
565,"Car","Bridge",45.11,24.31,"Medium",56,"Rainy","No",37.37
566,"Car","Expressway",33.75,3.84,"Low",25,"Cloudy","No",37.36
567,"Van","Highway",101.4,3.13,"High",91,"Foggy","No",14.02
568,"Bus","City Road",91.05,19.92,"Medium",33,"Sunny","Yes",9.12
569,"Van","Main Road",88.32,21.47,"High",36,"Foggy","No",6.54
570,"Bike","Junction",118.41,11.58,"Low",32,"Cloudy","No",44.06
571,"Bus","Junction",57.76,21.13,"Medium",197,"Foggy","No",48.08
572,"Car","Highway",101.58,13.94,"Medium",182,"Foggy","No",2.5
573,"Car","Bridge",21.24,3.86,"High",195,"Rainy","No",50.52
574,"Car","Junction",53.3,29.92,"Low",197,"Sunny","No",24.45
575,"Bike","City Road",51.34,1.53,"Low",133,"Foggy","No",1.08
576,"Car","Expressway",97.54,19.11,"High",196,"Cloudy","No",52.02
577,"Truck","Main Road",20.17,18.3,"High",57,"Rainy","No",32.03
578,"Bus","Expressway",97.3,26.8,"Low",175,"Sunny","No",52.72
579,"Car","Junction",116.2,20.61,"Low",179,"Foggy","No",7.71
580,"Car","Rural Road",103.98,5.69,"High",25,"Rainy","No",13.93
581,"Auto","Highway",71.34,8.09,"High",11,"Foggy","No",53.73
582,"Auto","Junction",113.56,28.36,"Medium",78,"Cloudy","No",46.57
583,"Bike","Street",109.64,25.57,"Medium",154,"Sunny","No",44.65
584,"Van","Main Road",53.28,25.84,"Medium",83,"Cloudy","Yes",48.49
585,"Bike","Expressway",63.09,3.48,"High",75,"Sunny","No",16.96
586,"Bike","Junction",92.82,3.6,"High",100,"Rainy","No",46.58
587,"Auto","Bridge",118.1,29.23,"High",40,"Sunny","Yes",51.94
588,"Bike","Rural Road",73.93,29.35,"High",197,"Rainy","No",3.38
589,"Car","Bridge",38.44,22.19,"Low",146,"Foggy","No",55.2
590,"Truck","City Road",27.82,16.76,"High",141,"Cloudy","No",31.62
591,"Auto","Expressway",99.9,28.03,"Low",76,"Rainy","No",29.39
592,"Bike","Expressway",60.81,29.77,"High",127,"Sunny","No",58.33
593,"Bus","Junction",69.56,23.99,"Medium",139,"Rainy","No",52.74
594,"Van","Expressway",73.72,4.35,"Medium",111,"Foggy","No",34.42
595,"Car","Expressway",96.64,19.41,"Low",195,"Foggy","No",28.24
596,"Bike","Expressway",39.94,8.21,"Low",171,"Rainy","Yes",9.41
597,"Car","City Road",29.25,19.93,"Medium",165,"Foggy","No",39.62
598,"Truck","City Road",102.18,14.37,"Low",15,"Foggy","No",16.83
599,"Car","Rural Road",118.74,27.12,"Medium",173,"Cloudy","No",9.83
600,"Truck","Expressway",104.01,20.96,"Medium",103,"Sunny","Yes",40.89
601,"Truck","Bridge",81.88,26.16,"Low",112,"Foggy","No",20.63
602,"Bus","City Road",114.32,14.28,"High",88,"Rainy","No",9.98
603,"Truck","Expressway",50.97,18.38,"Low",55,"Cloudy","No",24.95
604,"Van","Bridge",118.23,10.26,"Low",195,"Rainy","No",21.44
605,"Bike","Junction",31.78,29.42,"Low",106,"Rainy","No",22.4
606,"Bus","Highway",60.71,19.44,"High",26,"Foggy","No",44.04
607,"Car","Main Road",26.36,5.24,"Medium",46,"Sunny","No",54.68
608,"Auto","Street",69.77,25,"High",28,"Foggy","No",23.48
609,"Truck","Highway",23.47,3.79,"Medium",38,"Rainy","No",18.49
610,"Bike","Junction",94.32,22.99,"Medium",77,"Cloudy","No",59.73
611,"Auto","Main Road",24.29,29.8,"Medium",54,"Rainy","No",47.07
612,"Van","Main Road",43.28,5.93,"Low",96,"Foggy","No",43.5
613,"Auto","Bridge",71.58,7.2,"Low",164,"Rainy","Yes",46.2
614,"Van","Main Road",115.56,29.77,"Medium",196,"Rainy","No",25.21
615,"Bike","Bridge",106.9,28.38,"Low",198,"Cloudy","Yes",10.26
616,"Van","Street",65.37,7.01,"Medium",20,"Sunny","No",50.03
617,"Car","Junction",83.83,24.04,"High",142,"Foggy","No",19.92
618,"Car","Expressway",72.81,22.85,"Low",83,"Cloudy","No",54.92
619,"Bike","Main Road",22.67,10.68,"Low",189,"Cloudy","No",17.71
620,"Van","Expressway",43.39,8.35,"High",176,"Foggy","No",32.45
621,"Truck","Main Road",73.42,15.67,"Medium",62,"Rainy","No",47.51
622,"Auto","Bridge",111.88,19.92,"Medium",139,"Foggy","No",57.92
623,"Bus","Street",113.32,10.97,"Medium",188,"Rainy","No",20.32
624,"Car","Expressway",57.41,7.43,"Low",75,"Sunny","No",1.75
625,"Bike","Highway",104.49,16.64,"Low",91,"Rainy","No",14.01
626,"Bike","Main Road",74.67,21.7,"High",127,"Foggy","No",2.23
627,"Van","Highway",116.74,9.99,"High",149,"Cloudy","No",21.85
628,"Bike","Highway",86.29,21.81,"Medium",60,"Sunny","No",30.05
629,"Truck","City Road",86.26,5.1,"Medium",161,"Rainy","No",56.7
630,"Bus","Highway",115.03,21.96,"Low",158,"Sunny","No",55.88
631,"Bus","City Road",20.05,22.87,"Medium",148,"Foggy","No",19.96
632,"Truck","Expressway",110.5,20.36,"Medium",22,"Sunny","No",41.76
633,"Auto","City Road",93.97,12.15,"Medium",160,"Foggy","No",49.02
634,"Van","Street",101.65,8.16,"High",11,"Rainy","No",58.48
635,"Bike","Highway",78.44,13.36,"Medium",21,"Rainy","No",18.22
636,"Truck","Bridge",55.52,23.57,"Low",46,"Foggy","No",31.66
637,"Truck","Junction",24.29,11.54,"Medium",13,"Foggy","No",25.67
638,"Car","City Road",80.25,8.92,"Low",95,"Rainy","No",27.95
639,"Auto","Main Road",64.77,19.43,"Low",60,"Foggy","No",5.82
640,"Auto","Street",111.64,15.39,"High",188,"Sunny","No",7.52
641,"Car","Bridge",45.08,5.74,"Medium",64,"Cloudy","Yes",56.62
642,"Car","City Road",79.21,7.05,"Medium",191,"Cloudy","No",36.17
643,"Car","Street",52.87,19.27,"Medium",143,"Rainy","No",6.43
644,"Auto","City Road",51.94,20.67,"Low",53,"Rainy","No",37.74
645,"Auto","Main Road",88.13,9.76,"Medium",186,"Foggy","Yes",53.72
646,"Bike","Highway",114.54,15.36,"High",116,"Foggy","No",8.56
647,"Bus","City Road",47.7,12.9,"Low",164,"Rainy","No",28.59
648,"Van","Rural Road",97.85,9.73,"Medium",174,"Sunny","No",29.33
649,"Bus","City Road",45.72,10.01,"Medium",65,"Cloudy","Yes",23.84
650,"Bike","City Road",104.38,28.5,"Low",92,"Sunny","No",3.97
651,"Bus","Junction",27.26,16.18,"Medium",57,"Sunny","No",27.4
652,"Van","Rural Road",91.33,15.88,"Medium",14,"Sunny","No",58.08
653,"Car","Highway",76.84,20.43,"Low",14,"Rainy","No",33.34
654,"Truck","Expressway",33.7,5.09,"Medium",107,"Foggy","No",46.73
655,"Auto","City Road",90.92,6.63,"Low",120,"Cloudy","No",19.03
656,"Truck","Rural Road",62.42,15.07,"High",83,"Sunny","No",43.34
657,"Car","Rural Road",91.62,9.24,"High",124,"Sunny","No",30.13
658,"Bus","Junction",65.63,13.17,"High",105,"Cloudy","No",45.4
659,"Bike","City Road",108.28,14.01,"High",70,"Cloudy","No",48.09
660,"Bike","Street",117.28,4.58,"Medium",158,"Cloudy","No",40.39
661,"Car","Main Road",20.9,2.6,"Medium",157,"Cloudy","No",15.19
662,"Auto","Bridge",59.09,6.3,"High",162,"Rainy","No",59.65
663,"Car","Expressway",71.33,14.11,"Medium",140,"Sunny","No",48.54
664,"Bike","Main Road",45.63,3.63,"High",18,"Sunny","No",40.42
665,"Truck","Rural Road",29.11,28.57,"High",47,"Rainy","Yes",58.98
666,"Bike","Main Road",28.45,21.36,"Low",177,"Foggy","No",14.28
667,"Auto","Rural Road",92.87,11.4,"High",56,"Foggy","No",9.97
668,"Auto","Highway",42.78,6.86,"High",14,"Cloudy","No",8.46
669,"Van","Expressway",73.19,15.05,"Low",16,"Cloudy","No",42.8
670,"Bike","Expressway",71.47,26.94,"Medium",192,"Foggy","Yes",33.19
671,"Truck","Highway",34.26,4.93,"High",49,"Cloudy","No",6.35
672,"Truck","City Road",49.55,9.86,"Medium",72,"Sunny","No",44.33
673,"Bus","Rural Road",55.29,11.72,"High",103,"Rainy","No",28.27
674,"Auto","Main Road",113.93,2.5,"Low",60,"Rainy","No",51.4
675,"Auto","Rural Road",111.97,21.23,"Low",23,"Rainy","No",41.03
676,"Car","Bridge",50.04,12.63,"High",64,"Cloudy","No",47.64
677,"Truck","Main Road",49.41,23.74,"High",43,"Cloudy","Yes",11.16
678,"Bus","Bridge",44.33,7.13,"Medium",135,"Foggy","No",29.47
679,"Truck","Main Road",24.23,17.33,"High",73,"Rainy","No",1.98
680,"Bike","Bridge",35.48,15.46,"High",27,"Sunny","No",15.67
681,"Bus","City Road",106.2,12.82,"Low",37,"Foggy","No",19.26
682,"Auto","Expressway",101.04,6.68,"Medium",186,"Rainy","No",34.44
683,"Truck","Expressway",107.9,4.47,"High",193,"Foggy","No",2.23
684,"Truck","Rural Road",102.97,20.95,"Low",75,"Cloudy","Yes",4.23
685,"Bus","Bridge",47.19,15.35,"Low",111,"Sunny","No",2.77
686,"Bus","Junction",28.24,22.54,"High",45,"Cloudy","Yes",5.28
687,"Bike","Street",115.09,19.03,"Medium",10,"Foggy","Yes",25.19
688,"Bus","Street",30.09,15.26,"Medium",145,"Foggy","No",44.05
689,"Van","Rural Road",63.4,11.22,"Medium",189,"Rainy","No",8.83
690,"Car","Rural Road",102.05,25.16,"High",87,"Cloudy","No",6.15
691,"Bike","Highway",30.13,25.02,"Medium",181,"Sunny","No",16.99
692,"Car","Expressway",115.97,19.35,"Medium",180,"Sunny","No",31.99
693,"Auto","Rural Road",57.98,18.14,"Low",130,"Rainy","No",38.34
694,"Bus","City Road",41.13,4.64,"Low",131,"Foggy","No",30.38
695,"Auto","Bridge",80.04,5.93,"High",199,"Foggy","No",46
696,"Bus","Highway",24.91,23.38,"Medium",142,"Foggy","No",17.61
697,"Bus","Street",91.31,11.37,"Low",187,"Cloudy","Yes",45.84
698,"Truck","Junction",74.97,21.67,"Low",35,"Foggy","No",47.58
699,"Bus","Street",84.99,8.65,"Low",125,"Sunny","No",13.4
700,"Van","Highway",111.34,12.46,"Low",150,"Rainy","No",24.77
701,"Van","Street",109.18,3.97,"Medium",111,"Foggy","No",56.55
702,"Truck","Bridge",41.92,29.19,"Medium",29,"Rainy","No",34.05
703,"Truck","City Road",79.13,4.73,"High",56,"Cloudy","No",46.63
704,"Car","Street",31.66,27.2,"High",100,"Rainy","No",33.56
705,"Car","Street",89.73,11.52,"Low",14,"Foggy","No",21.86
706,"Van","Rural Road",112.15,10.27,"High",75,"Sunny","No",50.25
707,"Auto","Street",104.75,7.63,"High",196,"Rainy","No",34.73
708,"Car","Junction",52.07,9.62,"Medium",63,"Cloudy","No",23.09
709,"Auto","Junction",63.4,17.21,"Medium",198,"Sunny","No",39.66
710,"Car","Rural Road",46.66,15.89,"Low",194,"Rainy","No",45.62
711,"Bus","Street",41.43,1.81,"Low",191,"Foggy","No",46.44
712,"Car","Street",70.65,19.62,"High",183,"Foggy","No",34.1
713,"Truck","Street",58.89,3.5,"Low",197,"Foggy","No",48.67
714,"Truck","Main Road",62.05,28.26,"Medium",159,"Foggy","Yes",30.93
715,"Bike","Bridge",29.12,27.53,"Low",103,"Cloudy","No",32.54
716,"Bus","Rural Road",87.78,17.94,"Medium",44,"Sunny","No",25.08
717,"Bike","Rural Road",71.98,11.44,"High",27,"Rainy","No",25.43
718,"Truck","Highway",108.48,25.11,"Low",155,"Rainy","No",30.94
719,"Van","Bridge",89.28,18.46,"Low",88,"Cloudy","No",33.31
720,"Car","Rural Road",38.5,29.85,"High",136,"Cloudy","No",24.58
721,"Truck","Rural Road",34.75,23.85,"High",183,"Sunny","No",20.53
722,"Bike","Main Road",25.08,14.96,"Medium",161,"Sunny","Yes",36.83
723,"Bus","Street",39.23,14.67,"Medium",131,"Cloudy","No",1.22
724,"Van","Highway",109.32,19.46,"Low",70,"Sunny","No",43.24
725,"Auto","Expressway",33.38,26.83,"Medium",197,"Cloudy","No",32.65
726,"Bus","Rural Road",118.45,21,"High",104,"Sunny","No",27.13
727,"Car","Street",68.39,24,"Low",76,"Rainy","No",10.3
728,"Bus","Expressway",56.97,25,"Medium",33,"Foggy","No",15.8
729,"Truck","Junction",112.17,29.41,"High",38,"Foggy","No",56.3
730,"Truck","Highway",102.63,17.9,"High",50,"Rainy","Yes",7.89
731,"Bus","Junction",46.35,24.65,"High",161,"Cloudy","No",56.21
732,"Bus","Rural Road",67.07,9.33,"Low",194,"Cloudy","No",57.61
733,"Bike","City Road",46.48,29.22,"High",172,"Sunny","No",48.78
734,"Auto","Bridge",32.13,10.32,"High",81,"Foggy","No",15.64
735,"Bus","City Road",68.99,15.87,"High",193,"Rainy","No",23.34
736,"Truck","Expressway",68.12,18.75,"Medium",100,"Cloudy","No",40.43
737,"Van","Bridge",36.47,4.58,"Medium",99,"Cloudy","Yes",14.59
738,"Car","Street",104.16,28.29,"High",145,"Sunny","Yes",37.5
739,"Van","Bridge",104.49,25.9,"High",158,"Rainy","No",28.75
740,"Auto","Highway",99.77,21.97,"Low",51,"Sunny","No",7.87
741,"Van","Expressway",58.14,12.01,"High",177,"Sunny","Yes",17.12
742,"Truck","Bridge",86.27,25.78,"Medium",12,"Rainy","No",43.83
743,"Bus","Junction",107.1,20.87,"Medium",50,"Sunny","No",20.72
744,"Car","Bridge",76.8,5.86,"Medium",161,"Foggy","No",8.37
745,"Bike","City Road",93.87,28.82,"Medium",100,"Rainy","No",39.85
746,"Bike","Street",88.19,17.8,"Medium",134,"Cloudy","Yes",45.39
747,"Truck","Bridge",98.67,23.85,"High",33,"Sunny","No",57.19
748,"Car","Highway",75.23,29.5,"Low",179,"Sunny","No",5.86
749,"Van","Rural Road",26.96,2.94,"Low",74,"Rainy","No",21.31
750,"Van","Main Road",52.62,4.2,"High",120,"Sunny","No",15.09
751,"Bus","Street",24.64,28.1,"Medium",29,"Rainy","Yes",3.29
752,"Truck","Rural Road",99.01,17.72,"Medium",189,"Cloudy","No",51.6
753,"Car","Expressway",72.35,23.32,"High",27,"Sunny","No",23.57
754,"Car","Highway",86.2,22.59,"Medium",113,"Cloudy","No",20.47
755,"Bus","Highway",56.01,14.31,"High",133,"Cloudy","No",25.4
756,"Bus","City Road",118.31,9.92,"High",58,"Sunny","No",14.24
757,"Bike","Junction",56.72,8.28,"High",150,"Cloudy","Yes",14.14
758,"Truck","Junction",79.71,12.18,"High",40,"Rainy","No",58.33
759,"Bus","Street",65.93,15.06,"Medium",176,"Foggy","No",53.44
760,"Bus","Rural Road",77.09,14.31,"Low",70,"Sunny","No",5.36
761,"Auto","Bridge",114.53,3.83,"Low",12,"Rainy","No",42.13
762,"Car","Bridge",110.77,25.52,"High",83,"Rainy","No",29.91
763,"Truck","Rural Road",52.21,1.36,"Medium",58,"Sunny","No",3.43
764,"Bus","Bridge",30.13,1.05,"Low",86,"Sunny","No",53.41
765,"Bus","Street",46.84,7.31,"Low",97,"Rainy","No",53.09
766,"Bike","Rural Road",103.29,23.18,"High",56,"Foggy","No",56.09
767,"Bike","Highway",114.82,15.09,"Low",161,"Cloudy","Yes",8.79
768,"Bike","Highway",31.28,12.27,"High",112,"Foggy","No",38.73
769,"Auto","City Road",78.85,4.19,"Medium",120,"Sunny","No",16.6
770,"Auto","City Road",105.33,19.15,"Medium",77,"Cloudy","No",54.96
771,"Bike","Bridge",79.58,1.37,"High",104,"Rainy","Yes",55.96
772,"Bike","Junction",89.96,5.99,"High",151,"Cloudy","No",47.78
773,"Bus","Bridge",29.77,21.93,"Low",26,"Rainy","No",27.97
774,"Auto","Highway",89.15,26.93,"Medium",45,"Sunny","No",28.76
775,"Bus","Bridge",97.31,7.31,"High",172,"Foggy","No",12.93
776,"Bus","Main Road",23.92,6.6,"High",165,"Foggy","No",20.16
777,"Bike","Rural Road",107.87,16.03,"High",87,"Foggy","No",1.66
778,"Van","Rural Road",32.4,18.45,"Medium",97,"Sunny","No",16.24
779,"Auto","Street",96.25,1.23,"Low",109,"Rainy","No",29.09
780,"Truck","City Road",117.56,19.82,"Low",53,"Sunny","No",22.58
781,"Truck","Highway",32.52,23.82,"Low",185,"Sunny","Yes",9.33
782,"Van","City Road",69.54,7.43,"Medium",96,"Foggy","No",50.62
783,"Bus","City Road",112.65,6.21,"Medium",14,"Rainy","Yes",38.68
784,"Bus","Bridge",24.8,18.19,"High",175,"Rainy","No",53.49
785,"Car","Bridge",58.29,26.68,"High",35,"Cloudy","Yes",20.47
786,"Truck","Junction",61.94,20.73,"High",124,"Sunny","No",15.38
787,"Auto","Expressway",116.69,16.26,"High",139,"Cloudy","No",23.81
788,"Van","City Road",56.98,18.05,"Low",198,"Sunny","No",58.18
789,"Truck","Junction",87.89,17.94,"High",116,"Rainy","No",30.06
790,"Auto","Rural Road",116.6,7.93,"Medium",96,"Sunny","No",12.22
791,"Car","Main Road",86.14,18.89,"Low",186,"Cloudy","No",5.1
792,"Bus","Street",71,18.01,"Low",130,"Sunny","No",47.21
793,"Bike","Street",117.77,14.27,"High",196,"Cloudy","No",35.78
794,"Truck","Junction",117.14,15.56,"Low",137,"Sunny","No",51.87
795,"Auto","Rural Road",108.65,22.53,"Low",14,"Rainy","No",31.92
796,"Van","Main Road",83.44,26.3,"High",165,"Foggy","No",30.03
797,"Auto","Expressway",87.75,29.19,"Medium",164,"Rainy","No",12.89
798,"Auto","Rural Road",32.73,11.44,"Low",135,"Sunny","No",52.43
799,"Bike","Rural Road",41.59,19.03,"Low",145,"Foggy","No",28.6
800,"Truck","Highway",81.25,8.14,"Low",52,"Foggy","Yes",11.87
801,"Truck","Main Road",101.64,14.01,"High",155,"Foggy","No",37.13
802,"Bus","Main Road",53.08,14.47,"Medium",24,"Rainy","No",53.37
803,"Bus","Highway",97.9,13.06,"Low",140,"Foggy","Yes",21.93
804,"Bus","Junction",97.44,6.66,"Medium",156,"Sunny","No",19.04
805,"Bus","City Road",50.39,4.38,"Medium",191,"Cloudy","No",3.11
806,"Bus","Bridge",78.12,26.11,"Medium",163,"Rainy","No",38.4
807,"Truck","Expressway",61.33,17.52,"High",89,"Cloudy","No",56.21
808,"Van","Bridge",57.76,6.46,"High",46,"Sunny","No",16.26
809,"Car","Highway",59.16,3.3,"High",114,"Sunny","No",13.09
810,"Car","Main Road",117.01,16.87,"Medium",77,"Cloudy","No",41.92
811,"Van","Main Road",25.01,4.98,"Medium",162,"Rainy","No",51.14
812,"Car","Bridge",32.27,18.74,"Low",35,"Sunny","No",3.35
813,"Car","Rural Road",95.12,27.72,"Low",57,"Foggy","No",57.89
814,"Truck","Expressway",30.58,28.81,"Low",26,"Sunny","No",25.82
815,"Car","Expressway",26.83,2.81,"Medium",189,"Foggy","No",12.2
816,"Bus","Street",42.86,18.86,"High",59,"Rainy","No",34.8
817,"Truck","Junction",83.51,29.52,"Low",175,"Rainy","No",38.94
818,"Bike","Rural Road",57.48,13.15,"Low",186,"Rainy","No",8.88
819,"Bike","Expressway",26.1,23,"High",51,"Cloudy","No",53.06
820,"Truck","Bridge",32.14,10.01,"High",176,"Sunny","No",49.06
821,"Bike","Expressway",103.06,28.88,"Medium",52,"Foggy","No",54.83
822,"Bus","City Road",97.22,2.92,"High",131,"Foggy","No",17.76
823,"Van","Street",99.46,20.56,"Low",180,"Cloudy","No",19.58
824,"Van","Expressway",44.6,1.04,"High",54,"Foggy","No",18.71
825,"Truck","Junction",116.94,13.34,"Medium",115,"Rainy","No",48.55
826,"Bike","Rural Road",61.29,18.9,"High",65,"Sunny","No",13.97
827,"Truck","Bridge",31.78,28.68,"Medium",40,"Sunny","No",8.9
828,"Van","Bridge",41.26,8.96,"Medium",56,"Rainy","No",46.96
829,"Bike","Main Road",103.02,15.73,"Low",121,"Foggy","No",1.55
830,"Auto","Street",94.31,22.17,"Medium",104,"Rainy","No",11.17
831,"Car","Highway",61.47,10.77,"High",198,"Sunny","No",19.35
832,"Auto","Junction",104.29,21.2,"Medium",133,"Foggy","No",57.71
833,"Bike","Main Road",78.55,9.15,"Low",67,"Foggy","No",6.97
834,"Auto","Junction",75.94,17.86,"High",61,"Sunny","No",16.87
835,"Car","Street",53.94,9.49,"High",109,"Rainy","No",13.04
836,"Car","Main Road",99.72,8.39,"Medium",129,"Sunny","No",49.66
837,"Van","Rural Road",86.09,20.53,"Low",40,"Foggy","No",26.18
838,"Car","City Road",48.65,13.15,"High",69,"Foggy","No",11.3
839,"Bus","Rural Road",33.32,19.95,"High",111,"Foggy","No",29.97
840,"Bus","Rural Road",55.9,1.75,"High",69,"Foggy","No",12.89
841,"Bike","Highway",38.35,16.24,"Medium",151,"Sunny","No",56.61
842,"Car","Junction",86.4,4.91,"Medium",166,"Sunny","No",23.01
843,"Van","Expressway",99.41,1.98,"Medium",152,"Cloudy","No",1.99
844,"Bus","Rural Road",92.8,10.27,"Medium",170,"Foggy","No",8.62
845,"Car","City Road",20.19,4.83,"Low",195,"Rainy","Yes",21.7
846,"Truck","City Road",26.33,29.21,"Low",171,"Sunny","No",51.91
847,"Truck","Main Road",59.25,1.34,"Low",197,"Rainy","No",24.34
848,"Van","Junction",107.45,8.12,"Medium",163,"Foggy","No",52.96
849,"Car","Junction",52.85,4.22,"Medium",69,"Cloudy","No",57.23
850,"Bike","Junction",46.84,28.94,"Medium",45,"Rainy","No",18.3
851,"Truck","City Road",97.23,29.07,"Medium",78,"Cloudy","No",29.73
852,"Van","Street",60.69,9.05,"Medium",63,"Foggy","Yes",59.79
853,"Auto","City Road",86.66,28.14,"Low",46,"Sunny","No",52.8
854,"Bus","City Road",69.08,23.85,"Medium",15,"Foggy","No",58.31
855,"Van","Main Road",28.78,7.79,"Medium",133,"Rainy","No",53.15
856,"Bike","Expressway",30.47,6.01,"Low",168,"Rainy","No",43.9
857,"Bus","Main Road",113.09,26.92,"Low",106,"Sunny","No",52.6
858,"Van","City Road",96.99,15.35,"Medium",196,"Foggy","No",43.07
859,"Bus","Highway",105.45,13.92,"Medium",29,"Cloudy","Yes",56.65
860,"Car","Main Road",61.98,19.56,"High",32,"Rainy","No",18.89
861,"Car","Street",112.47,13.42,"Medium",84,"Sunny","No",11.18
862,"Truck","Expressway",72.72,24.02,"Low",90,"Cloudy","No",43.4
863,"Auto","Expressway",36.53,25.76,"Medium",72,"Foggy","No",12.14
864,"Auto","Main Road",53.68,22.44,"Medium",21,"Sunny","No",16.38
865,"Car","Street",117.16,14.01,"Medium",95,"Foggy","Yes",26.56
866,"Bike","Expressway",88.55,17.72,"Medium",46,"Cloudy","No",6.7
867,"Bus","Highway",108.6,26.71,"Medium",99,"Cloudy","No",4.92
868,"Truck","Junction",85.42,1.14,"High",19,"Foggy","No",0.05
869,"Truck","Junction",107.63,18.85,"Medium",55,"Rainy","No",32.47
870,"Van","City Road",104.6,13.29,"High",120,"Rainy","No",16.46
871,"Bus","Rural Road",31.31,5.72,"Medium",135,"Cloudy","No",32.25
872,"Auto","Rural Road",45.52,26.65,"High",13,"Cloudy","No",56.08
873,"Bike","Rural Road",67.29,20.08,"High",144,"Foggy","No",56.48
874,"Car","Highway",110.3,3.24,"Low",30,"Sunny","No",33
875,"Bike","Expressway",77.47,15.08,"Low",136,"Rainy","No",3.51
876,"Truck","Expressway",71.58,20.33,"High",176,"Cloudy","No",14.63
877,"Auto","Junction",28.56,9.79,"Medium",60,"Sunny","No",56.6
878,"Auto","Junction",26.56,22.94,"Low",160,"Foggy","Yes",50.97
879,"Bike","Rural Road",62.02,13.13,"Low",175,"Foggy","Yes",38.02
880,"Van","Junction",44.17,5.92,"Low",152,"Rainy","No",40.05
881,"Auto","Rural Road",98.16,15.61,"Low",118,"Foggy","No",51.57
882,"Car","Bridge",91.45,27.54,"Low",89,"Rainy","No",38.96
883,"Auto","Rural Road",82.36,22.31,"Low",115,"Rainy","No",56.35
884,"Bike","Street",33.54,15.01,"Medium",54,"Rainy","No",41.11
885,"Auto","Junction",79.53,16.32,"High",130,"Cloudy","No",46.86
886,"Auto","City Road",23.09,23.21,"High",186,"Sunny","No",39.28
887,"Auto","Junction",112.6,17.9,"Low",32,"Foggy","No",33.17
888,"Truck","Highway",59.6,24.46,"Low",36,"Sunny","No",59.44
889,"Bike","Rural Road",42.52,3.94,"Medium",147,"Rainy","No",35.34
890,"Auto","Rural Road",89.43,11.72,"High",159,"Rainy","No",24.97
891,"Auto","Expressway",98.61,13.34,"Medium",14,"Sunny","No",18.22
892,"Bike","City Road",103.2,29.44,"High",37,"Foggy","No",26.84
893,"Bike","Highway",105.72,14.27,"High",17,"Sunny","No",29.29
894,"Van","Rural Road",26.33,14.2,"Medium",27,"Sunny","No",8.73
895,"Van","Highway",29.56,11.42,"Low",83,"Foggy","No",50.16
896,"Truck","Expressway",94.38,16.58,"High",163,"Sunny","Yes",27.56
897,"Van","Street",22.33,10.96,"High",140,"Sunny","Yes",36.17
898,"Truck","Main Road",49.45,24.76,"Low",71,"Foggy","No",33.66
899,"Bike","Junction",103.16,15.62,"High",86,"Rainy","No",30.6
900,"Car","Rural Road",38.12,7.14,"Medium",10,"Cloudy","No",31.13
901,"Van","City Road",60.1,15.53,"High",23,"Cloudy","No",10.54
902,"Bike","Expressway",49.89,16.37,"Low",130,"Foggy","No",41.59
903,"Bus","Rural Road",119.17,20.8,"High",162,"Rainy","No",34.22
904,"Van","Rural Road",64.93,29.27,"Medium",39,"Sunny","Yes",32.72
905,"Bus","Rural Road",82.5,27.82,"Medium",32,"Sunny","No",2.34
906,"Bike","Main Road",70.52,25.06,"Medium",140,"Sunny","No",26.04
907,"Car","Rural Road",68.9,12.98,"Medium",159,"Sunny","No",7.15
908,"Car","Highway",63.77,12.12,"High",30,"Sunny","Yes",31.94
909,"Van","Bridge",24.17,12.46,"Low",189,"Rainy","Yes",19.8
910,"Bus","Bridge",40.11,9.18,"Medium",166,"Foggy","No",59.71
911,"Bike","Highway",40.91,29.5,"Low",30,"Foggy","No",18.31
912,"Auto","Expressway",80.16,25.93,"Low",15,"Cloudy","No",19.91
913,"Truck","Expressway",28.4,10.9,"High",86,"Cloudy","No",7.24
914,"Car","Highway",80.49,9.19,"High",175,"Cloudy","No",26.57
915,"Truck","Rural Road",119.78,9.4,"High",185,"Rainy","No",57.37
916,"Truck","Main Road",78.14,9.85,"Low",118,"Sunny","Yes",13.31
917,"Bus","Bridge",30.03,21.17,"High",73,"Sunny","No",53.52
918,"Bike","Highway",58.25,3.62,"Medium",125,"Rainy","No",43.64
919,"Car","Main Road",93.28,13.91,"High",133,"Rainy","No",10.17
920,"Truck","Bridge",76.19,2.51,"High",176,"Sunny","No",42.63
921,"Auto","Junction",111.01,20.86,"High",93,"Cloudy","No",38.97
922,"Auto","Rural Road",27.01,19.72,"Medium",198,"Sunny","No",47.29
923,"Auto","City Road",57.3,23.63,"Medium",168,"Rainy","No",58.31
924,"Van","Highway",44.33,5.35,"High",158,"Foggy","No",30.26
925,"Bus","Expressway",75.74,29.93,"Medium",62,"Sunny","No",34.31
926,"Auto","City Road",25.94,8.51,"High",120,"Foggy","No",59.35
927,"Auto","Bridge",33.97,26.83,"High",113,"Cloudy","Yes",43
928,"Car","Main Road",37.99,21.21,"Medium",39,"Foggy","No",25.46
929,"Auto","Expressway",69.76,24.99,"High",138,"Cloudy","No",49.57
930,"Car","Main Road",56.85,29.56,"High",51,"Sunny","No",35.59
931,"Bus","Rural Road",55.9,18.99,"High",89,"Foggy","Yes",56.41
932,"Car","Bridge",117.65,23.22,"High",18,"Cloudy","No",0.79
933,"Car","Street",42.56,11.02,"Low",88,"Sunny","Yes",27.79
934,"Bus","Junction",70.61,28.86,"High",65,"Foggy","No",4.68
935,"Bike","City Road",92.47,16.08,"Low",51,"Cloudy","Yes",49.04
936,"Van","Rural Road",61.63,13.87,"Low",142,"Cloudy","No",50.56
937,"Auto","Rural Road",40.25,5.39,"Low",94,"Cloudy","No",17.88
938,"Bus","Street",46.85,19.64,"High",101,"Cloudy","No",48.99
939,"Bus","Bridge",26.12,23.96,"Medium",52,"Cloudy","No",47.58
940,"Bus","Junction",40.95,7.58,"High",111,"Sunny","No",4.72
941,"Van","Main Road",99.47,22.35,"Medium",92,"Rainy","No",10.76
942,"Van","Main Road",52.71,24.7,"Low",127,"Sunny","No",41.29
943,"Bike","Rural Road",78,27.12,"High",184,"Rainy","No",17.33
944,"Auto","Street",107.89,20.47,"High",73,"Rainy","No",54.57
945,"Bus","Rural Road",25.23,5.59,"High",149,"Rainy","No",57.54
946,"Truck","City Road",107.23,14.26,"Low",155,"Foggy","Yes",9.15
947,"Van","Rural Road",44.08,12.51,"Low",176,"Rainy","Yes",47.57
948,"Car","Street",57.65,6.02,"High",101,"Foggy","No",6.23
949,"Van","Highway",100.27,5.79,"Low",161,"Sunny","No",3.68
950,"Bike","Junction",73.59,23.74,"High",73,"Foggy","Yes",23.76
951,"Truck","Highway",35.93,13.08,"Medium",148,"Cloudy","No",16.58
952,"Van","Expressway",79.2,18.89,"High",134,"Foggy","No",4.94
953,"Truck","Rural Road",98.08,17.94,"High",100,"Foggy","No",25.63
954,"Truck","Expressway",54.18,5.96,"Medium",71,"Rainy","No",39.44
955,"Van","Main Road",57.17,24.11,"Low",190,"Cloudy","No",14.32
956,"Bus","Expressway",64.36,28.8,"Medium",181,"Rainy","Yes",41.46
957,"Bike","City Road",27.81,18.92,"Low",178,"Cloudy","No",17.58
958,"Bike","Highway",70.78,21.41,"High",193,"Foggy","Yes",17.71
959,"Bus","Street",88.11,8.76,"Low",183,"Cloudy","No",12.75
960,"Truck","Bridge",106.49,8.61,"Medium",88,"Cloudy","No",2.38
961,"Car","Expressway",20.64,14.47,"Medium",165,"Rainy","Yes",18.75
962,"Bike","Rural Road",74.57,1.22,"Low",199,"Sunny","No",3.81
963,"Car","Expressway",45.89,5.88,"Low",11,"Cloudy","No",22.4
964,"Car","Street",99,2.36,"Medium",149,"Foggy","No",30.22
965,"Bike","Street",66.57,20.08,"Medium",117,"Foggy","No",46.24
966,"Truck","City Road",115.63,24.82,"High",46,"Cloudy","No",57.25
967,"Auto","Highway",79.91,21.76,"Low",111,"Rainy","No",16.2
968,"Bus","Junction",50.13,17.98,"High",199,"Rainy","No",15.42
969,"Auto","Highway",80.14,4.05,"Medium",145,"Cloudy","No",1.3
970,"Van","Rural Road",96.64,22.97,"High",138,"Sunny","No",15.45
971,"Van","Rural Road",74.56,23.56,"Medium",167,"Sunny","No",37.89
972,"Bus","Highway",47.97,5.61,"High",193,"Foggy","No",23.47
973,"Bike","Rural Road",111.7,24.93,"Low",179,"Cloudy","No",18.55
974,"Bus","Rural Road",22.78,15.04,"High",122,"Rainy","No",38.84
975,"Bus","Main Road",115.68,22.54,"High",78,"Cloudy","No",44.78
976,"Bike","Expressway",28.25,18.86,"Medium",16,"Rainy","No",9.61
977,"Bike","Rural Road",116.65,24.49,"High",65,"Rainy","No",7.19
978,"Car","City Road",69.99,11.37,"Medium",105,"Foggy","No",48.45
979,"Truck","Highway",29.49,6.02,"Low",141,"Foggy","No",21.16
980,"Car","City Road",99.99,23.04,"High",48,"Foggy","No",2.07
981,"Truck","Rural Road",41,6.39,"Medium",74,"Sunny","No",49.28
982,"Truck","Street",75.61,24.64,"High",135,"Cloudy","No",24.67
983,"Van","Highway",30.41,27.32,"Low",109,"Cloudy","No",28.71
984,"Truck","Main Road",91.28,11.51,"Medium",16,"Rainy","No",51.4
985,"Van","Main Road",53.78,23.24,"High",60,"Cloudy","No",3.66
986,"Auto","Expressway",117.74,2.86,"Low",186,"Sunny","No",8.01
987,"Bus","Junction",81.99,12.02,"High",95,"Cloudy","No",54.59
988,"Van","Highway",25.45,23.07,"Low",24,"Cloudy","No",23.11
989,"Car","City Road",77.42,22.03,"Low",136,"Sunny","No",28
990,"Auto","Expressway",115.47,2.52,"Low",22,"Cloudy","Yes",26.09
991,"Truck","Junction",60.86,28.98,"Low",196,"Rainy","No",28.89
992,"Truck","Expressway",98.78,13.52,"Low",25,"Cloudy","No",8.57
993,"Van","Expressway",63.83,17.66,"Low",52,"Cloudy","No",6.82
994,"Truck","City Road",89.93,8.12,"Medium",178,"Cloudy","Yes",16.73
995,"Truck","Junction",53.79,10.95,"High",145,"Foggy","No",8.79
996,"Van","Expressway",64,17.23,"High",52,"Rainy","No",34.43
997,"Car","Junction",39.47,9.13,"Low",93,"Cloudy","No",7.96
998,"Truck","City Road",87.66,11.37,"Low",122,"Cloudy","No",40.12
999,"Truck","Main Road",43.16,4.62,"Low",97,"Rainy","No",48.25
1000,"Van","Bridge",113.67,28.11,"High",14,"Rainy","No",59.2
1001,"Bus","Highway",40.35,17.86,"High",172,"Cloudy","No",44.19
1002,"Auto","Bridge",79.88,15.33,"High",11,"Sunny","No",38.24
1003,"Auto","Street",50.6,21.16,"Medium",17,"Foggy","No",29.6
1004,"Bus","Main Road",113.75,16.4,"Low",117,"Sunny","No",51.8
1005,"Auto","Highway",28.16,17.48,"High",101,"Cloudy","Yes",1.67
1006,"Bus","Expressway",87.81,15.54,"High",125,"Sunny","No",53.53
1007,"Truck","Expressway",109.12,19.5,"Low",57,"Cloudy","No",16.67
1008,"Car","Bridge",62.54,13.6,"High",111,"Rainy","No",33.64
1009,"Truck","Rural Road",117.45,13.76,"Low",166,"Rainy","No",48.37
1010,"Van","Rural Road",69.6,9.87,"Medium",50,"Sunny","No",24.74
1011,"Van","Rural Road",29.53,20.75,"Low",64,"Foggy","No",38.62
1012,"Truck","Expressway",105.8,26.29,"Low",91,"Sunny","No",21.74
1013,"Auto","Highway",109.54,6.91,"High",153,"Sunny","No",49.78
1014,"Auto","Street",29.84,22.63,"High",35,"Rainy","No",52.43
1015,"Bus","Highway",74.51,12.95,"Medium",181,"Rainy","No",46.52
1016,"Bike","Junction",77.68,5.02,"Medium",129,"Foggy","No",37.85
1017,"Truck","Bridge",71.07,15.04,"High",53,"Sunny","No",8.37
1018,"Auto","Expressway",85.04,24.19,"High",10,"Rainy","No",31.02
1019,"Car","City Road",72.33,27.3,"Low",180,"Foggy","Yes",0.47
1020,"Car","Junction",102.34,15.21,"Medium",178,"Rainy","No",34.97
1021,"Auto","Highway",87.62,1.57,"Medium",46,"Foggy","No",1.65
1022,"Truck","Expressway",27.39,17.26,"Medium",84,"Sunny","No",19.15
1023,"Bus","Highway",74.09,29.67,"Low",146,"Cloudy","No",34.01
1024,"Van","Highway",55.59,1.58,"High",116,"Foggy","No",39.3
1025,"Auto","Street",39.46,8.01,"High",87,"Rainy","No",43.61
1026,"Van","City Road",93.68,8.47,"Medium",199,"Cloudy","No",56.05
1027,"Bike","Street",75.49,25.93,"Low",63,"Sunny","No",46.48
1028,"Car","City Road",28.32,23.58,"High",152,"Cloudy","No",48.87
1029,"Auto","Highway",100.91,12.47,"Medium",36,"Rainy","No",23.85
1030,"Auto","Rural Road",113.5,9.62,"High",169,"Sunny","No",35.2
1031,"Car","Expressway",60.68,12.23,"Low",99,"Rainy","No",7.56
1032,"Car","Expressway",37.25,17.74,"High",82,"Sunny","Yes",2.2
1033,"Auto","Bridge",31.04,14,"Medium",74,"Sunny","No",17.12
1034,"Van","Street",61.64,21.39,"High",68,"Rainy","No",17
1035,"Van","Bridge",24.93,1.21,"Low",53,"Cloudy","No",59.98
1036,"Van","Main Road",108.29,2.59,"Medium",45,"Cloudy","No",48.66
1037,"Bike","Expressway",93.33,29.94,"High",166,"Foggy","No",1.5
1038,"Van","Highway",106.3,2.63,"Low",40,"Cloudy","No",55.29
1039,"Van","City Road",67.45,18.45,"Medium",108,"Foggy","Yes",38.33
1040,"Van","Street",25.03,2.47,"High",71,"Rainy","No",3.76
1041,"Auto","Rural Road",47.65,22.71,"Low",105,"Sunny","No",32.16
1042,"Van","Rural Road",105.79,7.74,"Low",94,"Sunny","No",17.22
1043,"Bike","Highway",78.92,9.01,"Medium",161,"Foggy","Yes",29.54
1044,"Auto","Main Road",39.67,24.46,"Medium",15,"Cloudy","No",7.02
1045,"Auto","Junction",44.32,7.81,"Low",84,"Foggy","No",49.88
1046,"Van","Bridge",46.71,23.7,"High",122,"Cloudy","No",3.63
1047,"Car","Street",66.72,27.45,"Low",19,"Sunny","No",40.85
1048,"Bus","Highway",85.21,6.31,"Low",164,"Cloudy","No",0.78
1049,"Van","Highway",81.25,23.77,"Medium",97,"Rainy","No",23.53
1050,"Auto","Bridge",35.38,28.46,"Medium",104,"Sunny","No",23.94
1051,"Car","Bridge",22.07,26.18,"Medium",81,"Rainy","No",29.54
1052,"Auto","Main Road",36.48,27.53,"High",24,"Sunny","No",8.65
1053,"Bike","Rural Road",36.25,11.91,"Medium",152,"Sunny","No",47.32
1054,"Van","City Road",35.14,25.08,"High",61,"Rainy","Yes",2.79
1055,"Truck","City Road",29.31,3.64,"High",174,"Cloudy","No",3.79
1056,"Bike","Rural Road",112.59,25.99,"Medium",118,"Rainy","No",46.72
1057,"Truck","Street",30.8,8.88,"High",28,"Foggy","No",37.61
1058,"Car","Highway",46.41,14.5,"Low",143,"Cloudy","No",49.83
1059,"Car","Expressway",113.97,28.61,"Low",119,"Cloudy","No",2.5
1060,"Car","Junction",29.56,9.01,"High",127,"Foggy","No",51.66
1061,"Auto","Main Road",108.17,2.69,"Low",127,"Foggy","No",45.89
1062,"Van","Junction",22.67,23.42,"Medium",101,"Cloudy","No",44.24
1063,"Van","Expressway",97.77,28.89,"High",172,"Foggy","No",16.99
1064,"Van","Expressway",41.56,19.97,"Low",180,"Foggy","No",25.99
1065,"Car","Main Road",55.54,10.04,"Medium",42,"Sunny","No",44.45
1066,"Bike","Bridge",43.88,28.39,"Low",136,"Cloudy","No",37.8
1067,"Auto","Rural Road",108.19,2.7,"Medium",195,"Cloudy","No",27.2
1068,"Bus","Expressway",36.36,4.74,"Low",79,"Sunny","No",19.05
1069,"Car","Junction",31.1,4.7,"High",112,"Foggy","No",51.94
1070,"Bike","City Road",113.42,27.5,"Low",90,"Foggy","No",33.91
1071,"Auto","Expressway",22.3,19.47,"Low",171,"Cloudy","No",59.35
1072,"Van","Junction",116.16,4.76,"High",65,"Rainy","Yes",4.36
1073,"Truck","Bridge",20.12,12.23,"Medium",46,"Rainy","No",4.41
1074,"Car","Rural Road",97.14,13.7,"Low",128,"Rainy","No",44.68
1075,"Van","Highway",78.99,1.14,"Low",168,"Rainy","No",25.99
1076,"Bike","Junction",102.58,1.48,"High",38,"Sunny","Yes",58.24
1077,"Bike","Rural Road",71.45,11.34,"High",171,"Cloudy","No",59.87
1078,"Car","Junction",75.15,16.03,"Medium",194,"Sunny","No",27.81
1079,"Van","Expressway",41.47,28.32,"Low",105,"Rainy","Yes",19.04
1080,"Van","Street",115,19.23,"High",86,"Cloudy","No",33.7
1081,"Car","Main Road",88.76,11.61,"Low",116,"Rainy","No",19.12
1082,"Truck","Bridge",97.25,22.03,"High",62,"Rainy","No",49.41
1083,"Bike","Junction",71.69,28.24,"Medium",92,"Cloudy","No",22.91
1084,"Auto","Highway",113.83,23.41,"Low",150,"Rainy","No",35.92
1085,"Van","Rural Road",58.11,8.17,"Medium",197,"Foggy","No",55.29
1086,"Car","Junction",67.74,10.59,"Low",185,"Cloudy","No",38.21
1087,"Car","Junction",109.87,23.34,"Low",42,"Foggy","No",8.19
1088,"Auto","Bridge",77.43,3.19,"Low",199,"Cloudy","No",30.11
1089,"Truck","Bridge",112.51,11.56,"Medium",15,"Rainy","No",13.14
1090,"Bike","Bridge",60.71,28.12,"Medium",193,"Rainy","No",22.69
1091,"Truck","Street",105.14,24.72,"High",114,"Cloudy","Yes",13.6
1092,"Van","Expressway",104.37,19.03,"High",62,"Cloudy","No",9.32
1093,"Bus","Highway",92.46,1.93,"Low",157,"Foggy","No",40.28
1094,"Bus","Bridge",46.96,11.1,"High",103,"Cloudy","No",30.29
1095,"Bike","Bridge",35.83,17.84,"Low",68,"Sunny","No",6.9
1096,"Truck","Bridge",89.53,7.99,"Medium",158,"Foggy","No",22.74
1097,"Bus","Bridge",60.19,27.46,"High",46,"Foggy","No",51.45
1098,"Bike","Rural Road",53.43,22.86,"High",70,"Cloudy","No",42.3
1099,"Bike","City Road",68.23,6.78,"High",106,"Sunny","No",16.4
1100,"Auto","Junction",34.47,14.28,"High",91,"Cloudy","No",18.03
1101,"Auto","Junction",75.95,28.59,"Medium",107,"Sunny","No",8.41
1102,"Car","Expressway",57.91,24.31,"Medium",30,"Cloudy","Yes",22.81
1103,"Auto","City Road",106.82,10.94,"Low",179,"Sunny","No",7.76
1104,"Truck","City Road",94.65,7.07,"High",120,"Cloudy","No",57.31
1105,"Van","Rural Road",27.79,9.32,"High",197,"Foggy","No",7.99
1106,"Bus","City Road",54.49,7.1,"Low",45,"Foggy","No",3.61
1107,"Car","Junction",28.76,4.88,"High",164,"Rainy","No",0.78
1108,"Car","Street",37.95,15.78,"Medium",107,"Rainy","No",7.32
1109,"Truck","Junction",67.61,21.74,"High",168,"Foggy","No",39.35
1110,"Bus","City Road",69.02,24.23,"Medium",64,"Sunny","No",13.7
1111,"Bus","Main Road",27.07,4.89,"Medium",189,"Foggy","No",27.98
1112,"Van","City Road",75.35,3.61,"Low",18,"Cloudy","No",17.71
1113,"Truck","Main Road",106.79,3.29,"Low",165,"Cloudy","No",46.99
1114,"Auto","Expressway",54.07,11.39,"Low",72,"Sunny","No",34.24
1115,"Auto","Highway",63.32,12.6,"High",145,"Cloudy","No",21.68
1116,"Auto","Rural Road",48.24,18.87,"Low",42,"Cloudy","No",28.18
1117,"Van","Street",20.35,2.18,"Medium",87,"Rainy","No",13.36
1118,"Bike","Rural Road",65.35,9.35,"Low",63,"Rainy","No",51.83
1119,"Car","Junction",60.58,6.44,"High",176,"Rainy","No",44.08
1120,"Van","Main Road",93.08,13.98,"High",189,"Sunny","No",11.44
1121,"Van","Main Road",78.37,29.26,"High",32,"Cloudy","No",41.66
1122,"Bus","Expressway",115.57,15.41,"Medium",44,"Foggy","No",34.92
1123,"Bike","Main Road",42.03,16.04,"High",146,"Rainy","No",18.28
1124,"Auto","Bridge",50.5,7.45,"High",38,"Foggy","No",1.89
1125,"Bus","Street",30.28,24.32,"Medium",69,"Sunny","Yes",2.42
1126,"Bike","Rural Road",47.08,18.06,"High",164,"Cloudy","No",22.43
1127,"Car","City Road",70.52,2.52,"High",39,"Foggy","No",3.84
1128,"Auto","Main Road",39.93,27.15,"Low",82,"Cloudy","No",17.7
1129,"Van","Main Road",108.95,1.43,"High",39,"Cloudy","No",23.6
1130,"Bike","Junction",96.3,25.03,"Medium",25,"Foggy","No",54.55
1131,"Auto","Bridge",51.58,25.11,"Medium",173,"Foggy","No",58.25
1132,"Bus","Bridge",87,25.26,"High",161,"Sunny","No",27.53
1133,"Van","Highway",106.66,16.63,"Medium",96,"Cloudy","No",34.42
1134,"Auto","Rural Road",73.97,5.94,"Low",60,"Cloudy","Yes",48.32
1135,"Van","Rural Road",111.94,28.48,"High",72,"Sunny","No",1.76
1136,"Bike","Street",118.11,4.09,"High",102,"Sunny","No",49.58
1137,"Car","Main Road",30.31,25.7,"High",155,"Foggy","Yes",14.63
1138,"Bus","Highway",57.69,20.21,"High",113,"Cloudy","No",12.83
1139,"Van","Street",100.66,1.38,"Low",100,"Sunny","No",5.16
1140,"Bus","Junction",41.99,26.33,"Low",180,"Sunny","No",12.52
1141,"Bus","Expressway",65.7,26.68,"Medium",137,"Sunny","No",40.99
1142,"Van","Bridge",40.73,25.12,"Medium",40,"Foggy","No",30.44
1143,"Auto","Rural Road",79.71,5.47,"Low",118,"Cloudy","No",7.16
1144,"Auto","Expressway",52.86,20.9,"Medium",91,"Sunny","No",58.48
1145,"Truck","Street",116.04,14.49,"Low",135,"Sunny","No",52.34
1146,"Bus","Street",52.14,27.02,"Medium",70,"Rainy","No",24.92
1147,"Van","Main Road",103.66,18.48,"Low",11,"Foggy","No",37.71
1148,"Van","Expressway",32.01,21.82,"Medium",97,"Cloudy","No",34.47
1149,"Bus","Rural Road",51.47,8.18,"High",125,"Cloudy","No",60
1150,"Truck","Junction",73.45,2.08,"High",197,"Foggy","No",10.97
1151,"Van","Expressway",26.67,7.42,"High",149,"Foggy","No",16.99
1152,"Truck","Expressway",47.35,3.61,"High",41,"Foggy","No",2.72
1153,"Truck","Bridge",84.17,15.64,"Medium",183,"Rainy","No",24.51
1154,"Bike","Rural Road",78.4,22.69,"High",160,"Cloudy","Yes",15.18
1155,"Car","City Road",90.11,18.58,"High",150,"Sunny","No",47.33
1156,"Auto","Street",61.76,11.77,"Medium",137,"Sunny","No",4.22
1157,"Van","Expressway",108.75,2.6,"Low",140,"Sunny","No",38.62
1158,"Bus","Expressway",61.56,3.73,"Low",172,"Foggy","No",33.84
1159,"Car","Rural Road",112.36,28.89,"High",170,"Foggy","Yes",13.04
1160,"Car","Junction",93.86,23.87,"Low",171,"Cloudy","No",18.24
1161,"Car","City Road",78.53,27.42,"High",178,"Foggy","No",43.82
1162,"Van","Bridge",86.65,29.12,"Low",62,"Cloudy","No",37.6
1163,"Auto","Expressway",76.65,11.74,"Medium",182,"Rainy","No",24.64
1164,"Car","Junction",51.02,21.36,"Medium",54,"Sunny","No",14.56
1165,"Van","Expressway",87.03,2.31,"High",163,"Sunny","No",22.06
1166,"Bus","Bridge",108.89,2.09,"Medium",116,"Foggy","Yes",9.85
1167,"Bike","Highway",106.07,25.57,"Medium",72,"Rainy","No",5.96
1168,"Bus","Street",38.8,19.59,"Medium",126,"Cloudy","Yes",6.06
1169,"Auto","Main Road",76.65,29.37,"Low",148,"Cloudy","No",14.45
1170,"Bus","Junction",76.28,6.09,"Low",29,"Cloudy","No",25.9
1171,"Bus","City Road",54.86,4.82,"High",92,"Rainy","No",58.36
1172,"Auto","Street",23.72,14.26,"Medium",93,"Foggy","No",42.57
1173,"Bike","Rural Road",34.59,17.37,"High",40,"Rainy","No",11.33
1174,"Truck","Bridge",109.13,27.99,"Low",136,"Rainy","No",5.13
1175,"Van","Expressway",70.54,3.11,"Medium",76,"Rainy","No",28.5
1176,"Auto","City Road",100.28,21.12,"Medium",45,"Rainy","No",5.68
1177,"Van","Junction",69.39,9.95,"Low",144,"Sunny","No",6.29
1178,"Truck","Main Road",103.3,18.96,"Medium",111,"Sunny","Yes",22.13
1179,"Bike","Junction",70.02,22.32,"Medium",172,"Cloudy","Yes",13.72
1180,"Car","Expressway",83.83,19.79,"Medium",135,"Rainy","Yes",13.53
1181,"Van","Rural Road",54.67,3.13,"Low",192,"Rainy","No",56.59
1182,"Bike","Street",46.08,10.21,"Low",83,"Sunny","Yes",38.86
1183,"Van","Rural Road",47.73,4.96,"Medium",62,"Foggy","No",48.67
1184,"Bus","Highway",100.26,11.88,"Medium",20,"Sunny","No",52.9
1185,"Car","Expressway",102.28,11.5,"Low",58,"Sunny","No",32.74
1186,"Van","Junction",67.63,15.17,"Low",105,"Cloudy","No",53.92
1187,"Auto","City Road",64.3,9.52,"Low",173,"Sunny","No",28.12
1188,"Truck","City Road",100.77,2.98,"Low",120,"Rainy","No",8.27
1189,"Bike","Highway",114.04,15.71,"High",162,"Sunny","Yes",4.7
1190,"Bike","Rural Road",98.59,29.52,"Medium",147,"Rainy","No",23.04
1191,"Car","Main Road",41.68,14.15,"Medium",114,"Foggy","No",40.33
1192,"Bike","Street",49.95,16.35,"Low",87,"Sunny","No",10.14
1193,"Bike","City Road",23.26,1.72,"Low",130,"Sunny","No",56.6
1194,"Truck","Street",38.89,2.07,"Medium",25,"Sunny","Yes",6.13
1195,"Car","Expressway",63.65,3.91,"Medium",83,"Rainy","No",32.94
1196,"Auto","Rural Road",38.49,18.75,"High",99,"Cloudy","No",41.77
1197,"Bike","Street",101.91,17.19,"Medium",113,"Cloudy","No",21.07
1198,"Van","Main Road",24.39,26.63,"Medium",46,"Cloudy","No",5.81
1199,"Truck","Highway",63.9,20.72,"Medium",169,"Sunny","No",11.56
1200,"Bike","Bridge",112.48,20.88,"Medium",195,"Rainy","No",48.91
1201,"Bike","Rural Road",25.72,27.87,"High",138,"Cloudy","No",37.1
1202,"Bike","Expressway",30.63,26.17,"Medium",158,"Rainy","No",14.24
1203,"Truck","Street",48.01,21.92,"Low",195,"Rainy","No",33.55
1204,"Truck","Rural Road",113.06,17.64,"High",181,"Sunny","No",42.61
1205,"Truck","Expressway",68.44,15.22,"Medium",116,"Rainy","No",9.2
1206,"Bike","Street",96.62,12.92,"High",145,"Foggy","No",8.03
1207,"Van","Main Road",110.39,22.1,"High",15,"Sunny","No",59.14
1208,"Truck","Junction",25.64,29,"High",34,"Foggy","No",40.68
1209,"Truck","Highway",106.93,4.94,"Low",144,"Cloudy","No",13.13
1210,"Bus","Main Road",44.32,8.13,"Low",110,"Cloudy","No",22.58
1211,"Bike","City Road",99.14,1.32,"Low",190,"Foggy","No",15.81
1212,"Van","Rural Road",117.97,8.16,"Medium",131,"Rainy","No",7.43
1213,"Bike","Expressway",88.13,12.7,"Low",54,"Rainy","Yes",7.17
1214,"Bus","Main Road",57.78,21.09,"Medium",139,"Rainy","Yes",59.27
1215,"Van","Junction",40.79,12.15,"Medium",125,"Cloudy","No",13.09
1216,"Bike","Main Road",27.76,18.89,"High",88,"Rainy","No",40.06
1217,"Auto","Bridge",99.14,6.97,"Low",131,"Cloudy","No",35.85
1218,"Bike","Junction",84.45,14.73,"High",75,"Foggy","No",33.04
1219,"Car","Street",108.85,1.36,"Medium",61,"Cloudy","No",30.37
1220,"Auto","Highway",101.92,23.41,"Medium",44,"Foggy","No",45.7
1221,"Truck","Street",97.1,3.49,"Low",174,"Foggy","No",2.4
1222,"Truck","Bridge",96.74,21.68,"Low",18,"Cloudy","No",51.58
1223,"Car","Street",108.03,28.03,"High",177,"Foggy","No",54.55
1224,"Car","Rural Road",51.17,25.01,"Medium",90,"Foggy","No",18.75
1225,"Truck","Rural Road",81.95,4.84,"Medium",120,"Cloudy","No",31.82
1226,"Bike","Street",92.47,16.25,"Low",187,"Cloudy","No",15.06
1227,"Bike","Street",104.58,15.24,"Low",59,"Rainy","No",17.31
1228,"Truck","City Road",110.8,2.18,"Low",49,"Foggy","No",8.57
1229,"Auto","Expressway",111.98,11.63,"Low",83,"Sunny","No",26.12
1230,"Car","Main Road",30.53,19.43,"Low",37,"Foggy","Yes",2.35
1231,"Auto","Junction",36.65,28.67,"High",22,"Sunny","No",47.88
1232,"Car","Junction",72.67,18.01,"Low",124,"Cloudy","Yes",22.55
1233,"Car","Bridge",113.56,17.16,"Medium",40,"Rainy","No",18.77
1234,"Bike","City Road",55.99,6.41,"Medium",125,"Cloudy","No",41.3
1235,"Van","City Road",97.78,29.38,"Medium",24,"Foggy","No",37.62
1236,"Truck","Expressway",34.24,10.03,"Low",46,"Cloudy","No",6.38
1237,"Bike","City Road",95.97,25.71,"Low",38,"Sunny","No",39.32
1238,"Truck","City Road",26.73,25.32,"High",165,"Cloudy","No",15.3
1239,"Car","Main Road",72.93,2.77,"Medium",172,"Rainy","No",43.79
1240,"Bus","Highway",32.24,2.23,"High",128,"Sunny","No",33.25
1241,"Van","Junction",36.98,16.75,"High",114,"Rainy","No",37.58
1242,"Truck","Rural Road",58.83,20.02,"Low",189,"Cloudy","No",16.9
1243,"Truck","Rural Road",30.56,20.62,"High",187,"Foggy","Yes",36.64
1244,"Van","Rural Road",36.43,9.03,"Medium",159,"Rainy","No",35.75
1245,"Car","City Road",81.89,8.65,"High",51,"Cloudy","No",52.47
1246,"Car","Rural Road",26.64,5.41,"Medium",197,"Foggy","No",7.28
1247,"Car","Main Road",64.26,11.15,"Low",194,"Cloudy","Yes",40.63
1248,"Car","Highway",88.42,8.31,"Low",12,"Rainy","No",12.94
1249,"Bus","Street",105.66,15.82,"Low",171,"Sunny","Yes",32.59
1250,"Bus","Street",57,6.97,"Medium",123,"Cloudy","No",9.62
1251,"Van","Main Road",69.35,1.78,"High",196,"Foggy","No",48.09
1252,"Car","Street",84.11,17.53,"Low",148,"Rainy","No",41.77
1253,"Bus","Street",55.53,1.47,"High",89,"Foggy","No",33.66
1254,"Bike","Bridge",100.48,11.95,"Low",157,"Cloudy","No",3.55
1255,"Car","Main Road",113.47,7.85,"High",55,"Rainy","Yes",14.08
1256,"Truck","Expressway",40.74,22.25,"Medium",60,"Foggy","No",5.18
1257,"Truck","Expressway",59.54,20.39,"High",109,"Sunny","No",38.79
1258,"Auto","Street",89.54,5.59,"Medium",75,"Foggy","Yes",47.07
1259,"Van","City Road",45,26.24,"Medium",137,"Sunny","No",46.45
1260,"Van","Rural Road",35.61,16.02,"Medium",37,"Sunny","No",38.28
1261,"Bus","Expressway",94.91,1.22,"High",111,"Foggy","Yes",17.71
1262,"Bike","Main Road",45.17,20.38,"Low",60,"Foggy","No",31.68
1263,"Bike","City Road",113.36,13.02,"Medium",24,"Cloudy","No",39.06
1264,"Bus","Street",26.37,21.02,"High",11,"Sunny","No",15.51
1265,"Car","Street",36.43,6.24,"Medium",133,"Cloudy","No",1.53
1266,"Bus","Street",98.62,24.87,"Low",64,"Cloudy","No",41.92
1267,"Auto","Junction",59.23,9.01,"Medium",78,"Cloudy","No",47.8
1268,"Bus","Highway",26.11,16.5,"Medium",48,"Rainy","No",39.6
1269,"Auto","Rural Road",56.49,25.34,"Medium",167,"Sunny","No",42.41
1270,"Van","Junction",37.87,7.8,"Low",116,"Rainy","No",37.63
1271,"Car","Rural Road",71.31,29.36,"Low",158,"Cloudy","No",35.1
1272,"Truck","Main Road",52,23.34,"Medium",174,"Foggy","No",48.43
1273,"Van","City Road",82.97,11.75,"Low",191,"Cloudy","No",19.08
1274,"Bike","Bridge",103.58,18.82,"High",47,"Cloudy","No",8.41
1275,"Car","City Road",96.73,16.06,"Medium",41,"Cloudy","No",3.46
1276,"Car","Highway",55.23,18.47,"High",61,"Cloudy","No",41.94
1277,"Bike","Bridge",105.25,2.16,"High",128,"Foggy","No",47.33
1278,"Auto","Expressway",50.23,11.59,"Low",128,"Sunny","No",49.45
1279,"Bus","Street",43.28,29.91,"Medium",33,"Rainy","No",13.16
1280,"Car","Junction",111.81,11.39,"High",157,"Sunny","Yes",57.57
1281,"Car","Rural Road",69.44,15.14,"Medium",58,"Cloudy","No",56.59
1282,"Bus","Main Road",35.01,3.9,"High",16,"Foggy","No",38.42
1283,"Bike","Bridge",98.45,23.08,"High",97,"Rainy","No",27.26
1284,"Truck","Bridge",78.6,18.23,"Low",55,"Sunny","No",27.65
1285,"Truck","Expressway",47.61,20.65,"High",154,"Cloudy","No",20.28
1286,"Van","Rural Road",59.6,5.46,"High",200,"Foggy","No",17.51
1287,"Car","Street",87.59,4.01,"High",144,"Sunny","No",31.71
1288,"Bus","City Road",119.35,13.79,"High",27,"Sunny","No",0.31
1289,"Auto","City Road",115.94,17.39,"Medium",43,"Sunny","No",1.5
1290,"Truck","Junction",79.49,27.56,"High",95,"Rainy","No",53.83
1291,"Bus","Street",28.97,3.73,"Medium",20,"Rainy","No",9.44
1292,"Truck","Rural Road",117.97,27.22,"High",185,"Sunny","Yes",17.62
1293,"Truck","Expressway",96.55,16.65,"High",127,"Foggy","No",46.96
1294,"Bus","Rural Road",58.54,19.68,"Low",161,"Foggy","No",45.22
1295,"Truck","Bridge",67.12,19.02,"High",193,"Sunny","No",49.69
1296,"Bike","Expressway",32.89,25.4,"Low",200,"Sunny","No",9.01
1297,"Truck","Bridge",35.84,5.81,"Low",96,"Sunny","No",35.57
1298,"Truck","Rural Road",43.21,15.28,"High",196,"Sunny","No",26.72
1299,"Bus","Expressway",80.38,3.45,"High",145,"Rainy","No",46.47
1300,"Auto","Street",62.71,11.49,"High",152,"Sunny","No",8.79
1301,"Auto","City Road",68.03,16.2,"Low",21,"Rainy","No",35.47
1302,"Bike","Street",81.18,4.79,"High",97,"Cloudy","No",10.02
1303,"Bike","Highway",35.3,16.66,"High",160,"Rainy","No",26.4
1304,"Van","Main Road",36.28,27.03,"Medium",69,"Foggy","No",29.05
1305,"Van","Street",70.79,16.73,"High",194,"Cloudy","No",25.74
1306,"Truck","Highway",49.54,26.64,"Low",92,"Sunny","No",22.23
1307,"Car","City Road",92.05,29.23,"Medium",144,"Rainy","No",17.17
1308,"Auto","Main Road",38.42,7.74,"Medium",133,"Sunny","No",47.76
1309,"Auto","Highway",62.17,8.79,"Medium",148,"Sunny","No",36.28
1310,"Auto","City Road",84.01,4.25,"Medium",67,"Rainy","No",48.42
1311,"Auto","Junction",116.39,9.32,"High",117,"Cloudy","No",35.79
1312,"Truck","Bridge",77.25,4.01,"Low",75,"Rainy","No",49.51
1313,"Bike","Expressway",114.1,5.67,"Low",137,"Rainy","Yes",2.93
1314,"Van","Junction",28.92,21.77,"Low",52,"Sunny","No",57.21
1315,"Van","Highway",42.62,29.91,"Medium",125,"Cloudy","No",5.28
1316,"Car","Expressway",40.64,18.04,"Medium",100,"Rainy","No",25.21
1317,"Auto","Street",111.6,7.82,"Low",82,"Sunny","No",38.35
1318,"Bus","Bridge",39.48,16.57,"High",15,"Cloudy","No",25.3
1319,"Car","Main Road",109.64,27.36,"Low",91,"Sunny","No",30.13
1320,"Auto","Street",69.48,2.55,"Medium",127,"Sunny","No",4.74
1321,"Truck","Expressway",45.87,4.23,"Medium",183,"Sunny","No",57.47
1322,"Van","Main Road",68.76,3.01,"Medium",120,"Sunny","No",21.76
1323,"Car","Junction",114.17,27.67,"High",141,"Rainy","No",24.78
1324,"Bus","Rural Road",110.99,26.92,"Low",76,"Sunny","No",39.05
1325,"Bus","Street",115.21,19.27,"Medium",135,"Sunny","No",9.37
1326,"Bus","Bridge",106.81,9.87,"Low",96,"Cloudy","No",48.9
1327,"Auto","Bridge",93.44,6.99,"Low",154,"Rainy","No",49.9
1328,"Van","City Road",56.56,8.3,"High",78,"Sunny","No",23.87
1329,"Auto","Street",101.38,19.01,"High",101,"Rainy","No",56.75
1330,"Bike","Expressway",64.2,12.62,"High",128,"Rainy","Yes",28.83
1331,"Truck","City Road",35.56,26.27,"Low",61,"Foggy","No",58.18
1332,"Truck","Main Road",57.09,1.2,"Medium",84,"Sunny","No",35.89
1333,"Car","Highway",116.88,24.91,"Low",158,"Foggy","No",47.98
1334,"Van","Junction",64.78,27.23,"High",27,"Rainy","No",1.45
1335,"Truck","Highway",47.64,18.07,"Low",155,"Foggy","No",8.85
1336,"Van","Highway",65.69,7.76,"Medium",96,"Sunny","No",58.56
1337,"Truck","Street",55.92,10.8,"Medium",42,"Rainy","Yes",10.21
1338,"Car","Street",99.1,1.51,"High",84,"Foggy","No",2.56
1339,"Bike","Expressway",89.55,2.43,"Low",72,"Foggy","No",6.95
1340,"Bike","Main Road",61.15,13.95,"High",144,"Foggy","No",13.07
1341,"Van","Rural Road",74.11,5.75,"Low",88,"Rainy","No",43.64
1342,"Truck","Bridge",44.2,9.83,"High",117,"Rainy","No",51.34
1343,"Truck","Expressway",115.38,4.89,"Low",134,"Sunny","No",25.42
1344,"Truck","City Road",100.64,22.55,"Medium",128,"Foggy","No",36.72
1345,"Car","Street",43.12,22.15,"Medium",32,"Foggy","No",57.17
1346,"Auto","Street",52.72,15.93,"Medium",173,"Sunny","No",5.42
1347,"Van","Highway",49.54,10.7,"High",111,"Foggy","No",8.64
1348,"Bike","Expressway",66.06,21.61,"Medium",93,"Cloudy","No",48.28
1349,"Truck","City Road",80.38,20.98,"Medium",147,"Foggy","No",41.7
1350,"Auto","Main Road",75.32,10.12,"Medium",16,"Sunny","No",27.58
1351,"Car","Rural Road",91.35,23.6,"High",58,"Foggy","Yes",48.15
1352,"Van","Highway",104.83,28.7,"High",147,"Foggy","No",48.37
1353,"Auto","Junction",119.83,24.55,"Low",82,"Cloudy","No",47.59
1354,"Car","Expressway",65.28,7.55,"Medium",185,"Rainy","No",4.7
1355,"Van","Junction",29.68,29.04,"Medium",78,"Sunny","No",32.18
1356,"Car","Expressway",64.19,16.61,"High",187,"Rainy","No",30.66
1357,"Truck","Junction",106.79,10.97,"Medium",60,"Rainy","No",2.88
1358,"Auto","Highway",83.63,11.94,"Low",199,"Rainy","No",2.47
1359,"Van","Highway",101.32,11.86,"Low",94,"Cloudy","No",9.85
1360,"Van","Junction",41.87,26.81,"High",178,"Cloudy","No",47.51
1361,"Auto","Street",106.49,8.12,"Medium",198,"Rainy","No",49.9
1362,"Truck","Expressway",68.85,24.8,"Low",197,"Sunny","No",27.64
1363,"Van","Highway",30.22,27.3,"Low",97,"Sunny","No",12.64
1364,"Van","Highway",93.12,11.74,"High",128,"Foggy","No",52.07
1365,"Auto","Rural Road",84.2,10.74,"High",143,"Rainy","No",51.99
1366,"Van","Bridge",70.98,7.21,"Low",192,"Cloudy","No",28.61
1367,"Bike","Highway",51,14.84,"Low",131,"Rainy","Yes",5.47
1368,"Bike","Rural Road",49.52,16.43,"High",31,"Cloudy","No",3.05
1369,"Bike","Main Road",23.98,8.9,"Medium",191,"Rainy","No",22.05
1370,"Truck","Bridge",34.57,18.36,"Medium",144,"Cloudy","No",20.74
1371,"Bike","Rural Road",38.35,12.56,"Medium",117,"Cloudy","Yes",46.93
1372,"Auto","Street",68.2,10.33,"High",22,"Cloudy","No",42.39
1373,"Bike","Rural Road",34.82,18.93,"Low",34,"Cloudy","No",41.7
1374,"Van","Bridge",101.57,18.48,"Low",74,"Sunny","No",57.24
1375,"Bus","Bridge",114.93,6.04,"High",85,"Foggy","No",35.85
1376,"Bike","City Road",106.02,9.61,"Low",29,"Rainy","No",3.17
1377,"Truck","Street",43.96,24.99,"High",129,"Foggy","No",19.06
1378,"Car","Rural Road",111.1,8.89,"High",13,"Rainy","No",30.97
1379,"Truck","Main Road",101.54,4.5,"Medium",101,"Rainy","No",17.24
1380,"Auto","Street",91.88,13.58,"High",114,"Sunny","No",4.82
1381,"Auto","Junction",92.77,24.28,"Medium",97,"Sunny","No",36.78
1382,"Bus","Highway",28.09,3.08,"High",82,"Foggy","No",30.97
1383,"Truck","Bridge",41.34,8.17,"High",191,"Cloudy","Yes",13.42
1384,"Truck","Rural Road",89.63,2.87,"Low",49,"Rainy","No",37.92
1385,"Car","Bridge",90.48,6.26,"Low",85,"Rainy","No",39.73
1386,"Bus","Rural Road",66.09,27.68,"High",94,"Foggy","No",24.94
1387,"Bike","City Road",91.1,26.4,"Medium",12,"Foggy","Yes",6.87
1388,"Van","Bridge",56,22.8,"High",120,"Cloudy","No",43.94
1389,"Truck","Highway",32.46,15.35,"High",119,"Cloudy","No",47.74
1390,"Bike","Expressway",100.16,5.63,"High",129,"Rainy","No",59.18
1391,"Bus","Main Road",96.58,17.96,"Low",81,"Sunny","No",43.28
1392,"Bike","Rural Road",74.81,28.99,"Low",49,"Rainy","No",14.64
1393,"Bike","Street",69.78,27.72,"Medium",61,"Cloudy","No",38.6
1394,"Bus","Highway",50.05,23.66,"High",123,"Sunny","No",9.92
1395,"Car","Street",60.54,23.62,"Low",68,"Foggy","No",17.14
1396,"Car","Junction",62.72,17.31,"Medium",91,"Rainy","No",40.32
1397,"Auto","Highway",38.8,14.55,"Medium",158,"Rainy","No",54.13
1398,"Car","Rural Road",51.64,21.54,"Low",117,"Sunny","No",33.24
1399,"Auto","Rural Road",63.09,5.95,"Low",193,"Foggy","No",53.4
1400,"Bike","Highway",84.42,21.34,"High",137,"Sunny","No",11.28
1401,"Car","Street",33.9,18.52,"Medium",124,"Sunny","Yes",44.75
1402,"Car","Highway",29.35,21.13,"Medium",49,"Foggy","No",41.86
1403,"Truck","Expressway",69.04,11.26,"Low",191,"Foggy","No",29.99
1404,"Auto","Expressway",86.5,22.47,"High",87,"Foggy","No",4.07
1405,"Auto","Bridge",64.72,24.11,"High",79,"Foggy","No",59.1
1406,"Car","Junction",103.09,2.63,"Low",151,"Foggy","No",24.83
1407,"Van","Bridge",60.31,4.79,"Low",185,"Sunny","No",16.95
1408,"Car","City Road",48.65,5.79,"Low",187,"Rainy","No",6.35
1409,"Truck","City Road",106.73,8.13,"Low",132,"Cloudy","No",20.7
1410,"Car","Expressway",34.53,3.8,"Medium",197,"Foggy","No",58.98
1411,"Car","Main Road",46.79,29.94,"Medium",29,"Sunny","No",1.53
1412,"Truck","Street",37.61,4.49,"Medium",118,"Cloudy","Yes",13.1
1413,"Truck","Street",64.74,27.38,"Low",91,"Foggy","No",47.94
1414,"Van","Expressway",92.69,3.38,"Low",65,"Rainy","No",13.35
1415,"Bus","Highway",100.62,5.15,"Low",193,"Cloudy","No",38.49
1416,"Car","Highway",35.09,25.05,"Low",34,"Rainy","Yes",34.28
1417,"Auto","Junction",110.67,9.86,"Low",120,"Sunny","No",21.72
1418,"Bike","Bridge",106.94,21.92,"High",92,"Sunny","No",58.44
1419,"Auto","Rural Road",65.85,14.21,"Medium",74,"Sunny","No",38.69
1420,"Bus","Rural Road",22.53,16.63,"Medium",138,"Foggy","No",41.88
1421,"Auto","Main Road",72.6,7.6,"Medium",164,"Sunny","No",44.41
1422,"Car","Bridge",43.85,29.43,"Low",53,"Rainy","No",10.2
1423,"Van","Main Road",106.41,24.5,"High",33,"Rainy","No",39.22
1424,"Truck","Rural Road",34.29,25.79,"Medium",150,"Sunny","No",57.81
1425,"Van","Main Road",82.55,18.36,"High",154,"Foggy","No",16.19
1426,"Car","Highway",69.56,22.38,"Medium",41,"Foggy","No",36.14
1427,"Van","City Road",83,28.37,"High",129,"Sunny","No",16.56
1428,"Car","Highway",37.44,16.42,"High",183,"Cloudy","No",22.25
1429,"Van","Main Road",59.74,14.25,"High",90,"Cloudy","No",36.34
1430,"Van","Highway",96.95,15.2,"High",136,"Rainy","No",23.08
1431,"Auto","City Road",73.98,24.59,"Low",43,"Foggy","Yes",4
1432,"Bus","Street",114.24,20.82,"High",50,"Foggy","No",22.61
1433,"Car","City Road",70.29,19.4,"Low",23,"Foggy","No",6.68
1434,"Bus","Bridge",91.34,8.79,"Low",174,"Rainy","Yes",55.81
1435,"Truck","Rural Road",91.77,3.28,"High",41,"Sunny","No",40.97
1436,"Car","Rural Road",103.8,18.99,"Low",131,"Sunny","No",35.58
1437,"Auto","Rural Road",64.22,3.34,"Low",29,"Sunny","No",9.35
1438,"Bus","Street",64.81,23.54,"Medium",86,"Sunny","No",20.96
1439,"Van","Street",57.93,16.42,"High",155,"Sunny","No",17.86
1440,"Bus","City Road",23.25,18.73,"High",143,"Rainy","No",44.33
1441,"Car","Main Road",67.01,2.11,"Low",151,"Sunny","No",56.74
1442,"Truck","Rural Road",75.71,13.33,"Medium",158,"Cloudy","No",56.62
1443,"Car","Bridge",52.3,6.09,"Low",108,"Cloudy","No",35.02
1444,"Van","Junction",111.85,4.75,"Medium",20,"Rainy","No",5.45
1445,"Van","City Road",113.92,22.79,"Medium",175,"Sunny","No",41.5
1446,"Van","Expressway",97.85,7.17,"Medium",166,"Rainy","No",23.77
1447,"Bike","Main Road",34.46,22.87,"Medium",147,"Cloudy","No",58.01
1448,"Van","Street",20.07,5.86,"Medium",144,"Foggy","No",23.15
1449,"Car","Rural Road",108.74,10.38,"High",73,"Foggy","No",33.91
1450,"Bike","Bridge",34.99,9.02,"High",99,"Rainy","No",35.34
1451,"Van","Rural Road",69.58,16.09,"Medium",60,"Rainy","No",13.7
1452,"Bus","Bridge",24.46,24.87,"Medium",48,"Rainy","No",14.8
1453,"Truck","Bridge",22.17,4.49,"Low",104,"Sunny","No",46.56
1454,"Van","Street",54.99,20.86,"Medium",30,"Sunny","No",9.42
1455,"Van","Highway",49.29,14.26,"High",86,"Sunny","No",10.75
1456,"Truck","City Road",23.23,26.82,"Low",75,"Cloudy","No",59.52
1457,"Auto","Rural Road",107.62,24.66,"Low",148,"Cloudy","No",18.58
1458,"Car","Rural Road",109.16,1.74,"Medium",10,"Rainy","No",44.26
1459,"Truck","Bridge",29.8,27.03,"High",89,"Rainy","No",28.55
1460,"Car","Bridge",84.09,1.23,"High",60,"Sunny","No",8.82
1461,"Bike","Bridge",75.27,4.01,"High",41,"Cloudy","No",28.93
1462,"Van","Bridge",111.83,20.77,"Low",197,"Sunny","No",0.05
1463,"Van","Expressway",30.97,11.49,"Low",43,"Foggy","No",45.44
1464,"Truck","Bridge",76.65,6.47,"High",191,"Rainy","No",52.39
1465,"Car","City Road",73.23,13.78,"High",180,"Cloudy","No",11.38
1466,"Truck","Street",45.06,21.61,"Low",149,"Sunny","No",43.73
1467,"Car","City Road",104.7,17.32,"Low",194,"Foggy","No",36.93
1468,"Van","Highway",93,10.84,"Low",34,"Rainy","No",15.67
1469,"Truck","City Road",61.87,3.99,"Medium",137,"Foggy","Yes",59.86
1470,"Bike","Main Road",60.47,16.95,"High",146,"Foggy","No",42.3
1471,"Car","Rural Road",103.07,17.36,"High",180,"Foggy","No",9.88
1472,"Car","Rural Road",77.24,27.89,"High",106,"Sunny","No",52.25
1473,"Van","Bridge",96.7,21.2,"Low",153,"Foggy","No",45.18
1474,"Bus","Street",30.52,22.66,"High",192,"Foggy","No",28.67
1475,"Auto","Street",108.68,28.4,"High",83,"Foggy","No",15.43
1476,"Bus","Bridge",31.11,14.49,"Medium",173,"Foggy","Yes",2.27
1477,"Auto","Bridge",110.87,4.64,"Low",48,"Foggy","No",46.6
1478,"Truck","Rural Road",39.36,8.75,"High",199,"Foggy","No",6.78
1479,"Bus","Bridge",104.14,21.7,"Low",130,"Sunny","No",56.5
1480,"Bike","City Road",107.02,2.42,"Low",52,"Rainy","No",30.52
1481,"Auto","Rural Road",85.19,11.91,"Medium",127,"Foggy","No",15.3
1482,"Van","Junction",119.88,21.86,"High",81,"Cloudy","No",37.75
1483,"Car","Junction",72.48,2.29,"Low",63,"Foggy","No",7.62
1484,"Auto","Expressway",56.1,8.64,"Low",51,"Rainy","No",39.01
1485,"Car","Highway",75.47,29.29,"Medium",155,"Cloudy","No",17.97
1486,"Car","Expressway",105.79,3.15,"Low",162,"Cloudy","No",46.53
1487,"Bus","City Road",84.18,5.52,"Low",94,"Rainy","No",30.2
1488,"Bus","Rural Road",20.16,29.66,"High",168,"Foggy","No",9.68
1489,"Car","Junction",38.39,8.12,"Medium",77,"Sunny","No",45.63
1490,"Truck","Highway",46.71,1.38,"Medium",172,"Sunny","No",19.74
1491,"Car","Street",47.62,12.03,"Low",36,"Rainy","No",13.55
1492,"Bus","Junction",54.77,4.24,"High",106,"Cloudy","No",14.41
1493,"Truck","Expressway",50.92,18.93,"High",42,"Sunny","No",27.86
1494,"Car","Street",62.23,25.01,"Low",48,"Foggy","No",44.41
1495,"Car","Main Road",50.01,16.98,"High",24,"Cloudy","No",48.58
1496,"Van","Highway",87.14,7.55,"High",124,"Sunny","Yes",34.12
1497,"Van","Bridge",58.92,2.88,"Medium",106,"Cloudy","No",13.16
1498,"Bus","Main Road",42.9,8.91,"Low",38,"Rainy","No",9.02
1499,"Van","Street",67.79,7.72,"Low",11,"Foggy","No",14.95
1500,"Bike","Expressway",27.42,14.18,"Low",183,"Rainy","No",21.08
1501,"Auto","Expressway",41.34,22.4,"Low",60,"Sunny","No",30.79
1502,"Car","City Road",103.65,22.73,"High",73,"Cloudy","No",38.68
1503,"Auto","Main Road",21.27,6.29,"High",37,"Cloudy","No",5.82
1504,"Bus","Expressway",73.88,19.88,"Low",54,"Rainy","No",15.41
1505,"Car","Junction",117.82,17.98,"Medium",25,"Sunny","No",44.55
1506,"Bike","Bridge",27.22,25.32,"Low",90,"Cloudy","Yes",48.58
1507,"Van","Expressway",40.71,16.69,"Medium",174,"Cloudy","No",35.21
1508,"Bike","Rural Road",67.77,16.55,"High",91,"Foggy","No",13.47
1509,"Truck","Rural Road",104.66,24.92,"Low",103,"Rainy","Yes",23.53
1510,"Bus","Expressway",36.92,15.65,"Low",94,"Foggy","No",3.46
1511,"Bike","Rural Road",46.84,22.26,"Medium",163,"Sunny","No",48.62
1512,"Truck","Rural Road",115.14,22.34,"Low",107,"Sunny","No",23.52
1513,"Truck","Street",89.14,19.54,"Medium",99,"Rainy","No",56.05
1514,"Van","Highway",111.01,21.04,"Low",134,"Rainy","No",8.6
1515,"Bus","Main Road",64.56,25.57,"Medium",87,"Foggy","No",3.64
1516,"Car","City Road",20.08,18.97,"Medium",109,"Foggy","No",53.96
1517,"Van","Bridge",92.62,19.23,"Medium",123,"Cloudy","No",26.19
1518,"Van","Main Road",114.2,2.61,"High",120,"Foggy","No",38.2
1519,"Van","City Road",23.22,6.95,"Medium",171,"Sunny","No",23.55
1520,"Bike","Rural Road",40.6,7.58,"Medium",176,"Cloudy","No",34.74
1521,"Auto","City Road",79.39,11.62,"Low",194,"Cloudy","No",47.94
1522,"Auto","Street",68.4,28.51,"Low",106,"Cloudy","No",3.68
1523,"Auto","Main Road",64.07,8.19,"Medium",48,"Cloudy","No",48
1524,"Auto","Highway",65.24,14.15,"Low",39,"Rainy","No",50.43
1525,"Van","Expressway",111.73,7.54,"High",97,"Rainy","No",30.21
1526,"Bus","Highway",69.77,7.56,"Low",155,"Sunny","No",53.97
1527,"Van","Bridge",57.02,26.69,"Medium",35,"Rainy","No",16
1528,"Bus","Bridge",101.07,12.09,"Medium",103,"Foggy","No",39.74
1529,"Van","Expressway",54.9,25.43,"Low",187,"Sunny","No",10.84
1530,"Van","Highway",27.01,1.3,"High",73,"Foggy","No",20.04
1531,"Auto","Highway",23.3,19.53,"High",89,"Sunny","No",58.34
1532,"Truck","Main Road",114.29,27.9,"Medium",114,"Rainy","No",9.93
1533,"Car","Highway",76.52,15.57,"High",166,"Sunny","No",30.12
1534,"Bus","City Road",104.14,15.56,"High",19,"Sunny","No",2.69
1535,"Bus","Highway",93.2,15.37,"Low",109,"Sunny","No",30.63
1536,"Auto","Junction",118.11,13.65,"Medium",76,"Rainy","No",1.45
1537,"Auto","Expressway",60.73,9.81,"Low",66,"Foggy","No",1.48
1538,"Car","City Road",100.83,18.89,"Medium",41,"Cloudy","No",12.51
1539,"Car","Highway",47.98,20.93,"High",75,"Rainy","No",24.41
1540,"Bus","Main Road",74.56,16.08,"Medium",166,"Sunny","No",16.1
1541,"Bus","Main Road",84.07,3.52,"High",137,"Rainy","No",55.12
1542,"Bus","City Road",110.86,7.9,"Low",105,"Sunny","Yes",18.02
1543,"Truck","Bridge",31.58,4.54,"Low",113,"Foggy","No",25.49
1544,"Van","Expressway",101.09,7.15,"High",196,"Foggy","No",43.18
1545,"Truck","Bridge",82.35,22.65,"Medium",72,"Foggy","Yes",15.96
1546,"Auto","Street",86.79,6.57,"High",75,"Foggy","No",2.59
1547,"Car","Bridge",104.43,6.88,"Low",95,"Rainy","No",24.69
1548,"Van","Rural Road",27.17,7.18,"Low",125,"Sunny","No",18.46
1549,"Truck","Rural Road",63.47,23.6,"Low",183,"Foggy","No",44.04
1550,"Bus","City Road",95.14,15.56,"High",50,"Rainy","No",23.61
1551,"Auto","City Road",54.89,16.59,"Low",38,"Sunny","No",6.72
1552,"Car","Junction",25.31,18.68,"Low",16,"Foggy","No",26.95
1553,"Van","City Road",56.35,18.1,"Low",57,"Foggy","No",0.83
1554,"Truck","Main Road",96.55,2.58,"Low",58,"Foggy","Yes",59.57
1555,"Bus","Expressway",88.65,13.03,"High",184,"Foggy","No",30.47
1556,"Bike","Bridge",93.55,9.65,"Low",30,"Sunny","No",57.83
1557,"Car","Rural Road",30.15,10.13,"Low",122,"Rainy","Yes",36.77
1558,"Car","City Road",70.5,24.26,"Low",136,"Rainy","No",57.48
1559,"Truck","Bridge",39.98,28.7,"Medium",125,"Foggy","No",23.04
1560,"Bus","City Road",33.32,13.62,"High",196,"Rainy","No",14.19
1561,"Car","Expressway",26.77,11.12,"Low",23,"Foggy","No",46.17
1562,"Van","Junction",41.57,23.9,"High",126,"Cloudy","No",6.86
1563,"Bus","City Road",59.48,29.8,"Low",187,"Rainy","No",44.04
1564,"Truck","Bridge",115.35,9.25,"Low",113,"Cloudy","No",20.82
1565,"Bus","Expressway",68.49,18.34,"Medium",189,"Foggy","No",19.59
1566,"Van","Junction",42.88,29.98,"Low",97,"Sunny","No",29.87
1567,"Van","Main Road",73.43,15.99,"Low",78,"Foggy","No",37.37
1568,"Van","Bridge",98.94,12.06,"Medium",19,"Rainy","No",52.91
1569,"Bike","Junction",63.33,21.8,"Medium",55,"Rainy","No",43.27
1570,"Bike","Bridge",41.73,29.43,"High",56,"Rainy","No",7.53
1571,"Bus","Highway",23.37,23.27,"High",62,"Cloudy","No",27.66
1572,"Car","Rural Road",65.86,18.8,"Medium",73,"Foggy","No",55.28
1573,"Bus","Bridge",30.08,2.61,"Low",52,"Foggy","No",36.1
1574,"Truck","Rural Road",79.57,8.73,"High",32,"Sunny","No",25.32
1575,"Bike","City Road",58.36,14.04,"Medium",160,"Sunny","Yes",49.61
1576,"Auto","City Road",80.79,21.03,"Medium",144,"Foggy","No",20.34
1577,"Truck","Rural Road",80.87,17.73,"High",127,"Rainy","No",50.67
1578,"Truck","Expressway",20.94,21.56,"Low",100,"Cloudy","No",15.24
1579,"Bus","City Road",77.45,3.87,"Medium",128,"Rainy","No",44.36
1580,"Truck","Street",102.56,28.38,"Low",19,"Cloudy","No",25.73
1581,"Bike","City Road",34.72,4.8,"High",148,"Rainy","No",45.79
1582,"Car","City Road",106.99,19.18,"Low",60,"Sunny","No",13.48
1583,"Truck","Street",104.65,9.24,"High",96,"Sunny","No",55.19
1584,"Bus","City Road",46.07,9.69,"Medium",92,"Foggy","No",58.68
1585,"Car","Street",71.81,21.44,"Medium",189,"Cloudy","No",51.56
1586,"Auto","Highway",32.03,10.18,"High",21,"Cloudy","No",36.27
1587,"Bike","Bridge",56.35,10.18,"High",61,"Sunny","No",10.78
1588,"Van","Main Road",62.98,16.62,"Medium",70,"Rainy","No",54.37
1589,"Auto","Expressway",80.59,6.24,"Low",25,"Sunny","No",7.44
1590,"Bus","Main Road",105.96,26.55,"High",191,"Rainy","Yes",34.64
1591,"Van","Highway",100.31,2.97,"Medium",93,"Rainy","No",33.9
1592,"Bus","Junction",42.58,12.37,"High",121,"Sunny","No",31.73
1593,"Car","Street",92.64,2.1,"High",169,"Rainy","No",31.32
1594,"Truck","City Road",71.61,29.63,"High",80,"Sunny","No",50.84
1595,"Van","Bridge",54.61,23.11,"High",127,"Sunny","No",32.84
1596,"Truck","Junction",34.97,15.05,"High",60,"Rainy","No",55.69
1597,"Auto","Main Road",31.88,23.83,"Medium",42,"Foggy","No",30.8
1598,"Truck","Rural Road",99.94,7.81,"High",92,"Foggy","No",14.94
1599,"Van","City Road",100.59,3.87,"Low",162,"Foggy","No",6.24
1600,"Truck","Expressway",36.36,29.14,"Medium",108,"Foggy","No",2.59
1601,"Bike","Highway",34.8,5.28,"Low",107,"Rainy","No",58.38
1602,"Truck","Highway",93.42,6.12,"Low",159,"Cloudy","No",23.05
1603,"Truck","Rural Road",44.62,16.34,"Medium",94,"Cloudy","No",55.9
1604,"Car","Bridge",69.59,27.43,"High",59,"Foggy","No",5.21
1605,"Car","Expressway",107.4,29.39,"Low",104,"Foggy","No",59.9
1606,"Bike","Bridge",27.09,24.46,"Low",86,"Cloudy","No",38.67
1607,"Bike","Rural Road",49.9,28.86,"Medium",158,"Sunny","No",52.94
1608,"Van","Rural Road",81.02,9.25,"Medium",179,"Foggy","No",46.67
1609,"Auto","City Road",59.91,11.46,"Medium",200,"Sunny","No",36.46
1610,"Bike","Rural Road",56.97,19.21,"Medium",117,"Sunny","No",1.1
1611,"Car","Bridge",88.19,7.69,"Low",75,"Sunny","No",19.33
1612,"Truck","Rural Road",117.04,24.81,"Low",114,"Rainy","No",33.51
1613,"Truck","Junction",110.91,29.07,"Medium",176,"Sunny","Yes",12.66
1614,"Van","Expressway",58.41,18.6,"Low",135,"Foggy","No",15.9
1615,"Auto","Highway",36.25,28.03,"Low",72,"Rainy","No",25.04
1616,"Car","Highway",32.68,7.38,"Low",165,"Rainy","Yes",15.34
1617,"Truck","Junction",97.13,2.44,"Medium",107,"Sunny","No",12.58
1618,"Car","Expressway",119.83,14.15,"High",181,"Rainy","No",21.29
1619,"Van","Rural Road",68.86,4.48,"Medium",88,"Sunny","No",35.68
1620,"Truck","Highway",51.31,7.14,"Medium",57,"Rainy","No",44.59
1621,"Bike","Rural Road",112.24,23.23,"Medium",93,"Cloudy","No",39.32
1622,"Van","Rural Road",111.11,14.79,"High",115,"Sunny","No",5.79
1623,"Auto","Bridge",103.16,13.64,"High",124,"Rainy","No",0.79
1624,"Bus","City Road",39.36,20.45,"Low",28,"Rainy","No",49.01
1625,"Van","City Road",68.15,1.15,"Low",73,"Cloudy","No",22.7
1626,"Auto","City Road",77.86,10.28,"Low",55,"Rainy","No",53.89
1627,"Auto","Highway",42.52,16.89,"Medium",23,"Cloudy","No",52.76
1628,"Bike","Main Road",42.04,16.91,"Medium",50,"Foggy","No",58.22
1629,"Truck","Junction",29.71,28.41,"High",123,"Foggy","No",53.09
1630,"Bike","Main Road",38.79,16.75,"Low",48,"Rainy","No",44.26
1631,"Bus","City Road",35.63,15.79,"High",38,"Foggy","No",21.86
1632,"Auto","Bridge",85.35,4.12,"Medium",72,"Foggy","No",45.42
1633,"Bike","City Road",52.92,24.6,"Low",105,"Cloudy","No",41.47
1634,"Bike","Rural Road",81.96,23.11,"Low",182,"Sunny","No",50.34
1635,"Auto","Bridge",31.36,6.67,"Low",18,"Sunny","Yes",35.7
1636,"Bike","Bridge",44.24,15.32,"Medium",64,"Sunny","No",14.7
1637,"Truck","Junction",64.3,14.32,"Low",67,"Rainy","No",49.42
1638,"Car","Rural Road",74.94,15.71,"Low",66,"Sunny","Yes",19.13
1639,"Bike","Junction",49.61,25.03,"Medium",59,"Cloudy","No",56.91
1640,"Bus","Bridge",56.66,12.93,"High",146,"Sunny","No",59.52
1641,"Auto","Bridge",117.6,13.81,"Low",159,"Cloudy","No",31.05
1642,"Truck","Street",83.93,28.75,"High",140,"Sunny","No",16.1
1643,"Auto","Expressway",106.43,14.75,"Medium",110,"Sunny","No",56.68
1644,"Van","Main Road",77.18,27.7,"Medium",165,"Rainy","No",26.92
1645,"Auto","Highway",89.44,17.61,"Low",198,"Cloudy","No",50.91
1646,"Bike","Street",49.56,22.2,"Medium",103,"Rainy","No",12.87
1647,"Truck","Main Road",48.83,5.53,"High",190,"Cloudy","No",27.39
1648,"Truck","Highway",113.09,21.14,"Medium",169,"Sunny","No",19.12
1649,"Van","Rural Road",117.81,6.96,"High",66,"Rainy","No",49.69
1650,"Bus","Junction",97.81,16.97,"High",152,"Foggy","No",17.97
1651,"Bike","Street",59.02,10.59,"Low",42,"Rainy","No",3.37
1652,"Auto","Highway",108.17,15.62,"Medium",85,"Cloudy","No",12.67
1653,"Van","City Road",68.53,5.75,"High",103,"Sunny","No",55.88
1654,"Bus","Rural Road",63.56,19.13,"High",152,"Sunny","No",3.91
1655,"Bus","Highway",22.68,26.33,"High",157,"Cloudy","No",30.1
1656,"Van","Junction",54.41,25.35,"High",86,"Foggy","Yes",52.51
1657,"Truck","Main Road",106.31,6.51,"High",80,"Rainy","No",16.94
1658,"Truck","City Road",110.63,19.87,"Low",190,"Cloudy","No",49.33
1659,"Auto","Street",67.82,14.16,"Medium",148,"Cloudy","No",43.81
1660,"Van","Main Road",58.08,7.85,"High",65,"Rainy","No",15.75
1661,"Car","Junction",35.49,27.45,"High",165,"Foggy","No",33.89
1662,"Van","City Road",36.62,10.46,"Low",93,"Foggy","Yes",16.01
1663,"Auto","Bridge",69.69,10.66,"High",134,"Foggy","No",34.56
1664,"Bus","Street",94.87,16.2,"High",119,"Rainy","No",15.72
1665,"Truck","Main Road",105.93,7.79,"Medium",196,"Sunny","No",12.58
1666,"Truck","Street",69.31,29.76,"Low",100,"Foggy","No",56.22
1667,"Bike","Rural Road",73.25,17.99,"Low",42,"Foggy","No",23.77
1668,"Auto","Bridge",38.62,5.19,"Low",137,"Foggy","No",31.93
1669,"Car","Expressway",81.92,15.84,"High",165,"Foggy","No",44.9
1670,"Van","Bridge",41.76,17.67,"High",105,"Sunny","No",58.64
1671,"Auto","Rural Road",105.54,17.8,"High",168,"Foggy","No",54.03
1672,"Bus","Expressway",78.95,10.28,"Medium",32,"Cloudy","No",8.43
1673,"Bus","Highway",37.96,6.02,"Medium",50,"Foggy","No",4.92
1674,"Car","Junction",28.57,6.94,"Low",21,"Sunny","No",3.41
1675,"Auto","Expressway",60.16,8.17,"Low",66,"Sunny","No",43.26
1676,"Auto","Highway",29,13.93,"Low",49,"Foggy","No",48.64
1677,"Truck","Main Road",95.5,22.06,"Low",141,"Sunny","No",3.33
1678,"Auto","Highway",68.4,1.89,"Low",68,"Sunny","No",54.22
1679,"Truck","Main Road",28.15,1.12,"Medium",45,"Foggy","No",42.33
1680,"Car","Main Road",112.7,9.68,"High",200,"Sunny","No",58.24
1681,"Bike","Main Road",108.44,26.77,"Medium",179,"Sunny","No",48.6
1682,"Bus","Bridge",110.89,13.06,"Medium",118,"Sunny","No",12.68
1683,"Bike","Rural Road",34.05,18.69,"Medium",32,"Sunny","No",30.23
1684,"Bike","Street",31.92,3.64,"Low",28,"Sunny","No",1.67
1685,"Auto","Street",80.59,2.89,"High",119,"Sunny","No",30.41
1686,"Van","City Road",45.76,21.12,"High",198,"Sunny","Yes",19.19
1687,"Car","Expressway",77.04,1.83,"Low",42,"Sunny","No",32.2
1688,"Bike","Street",52.78,28.68,"Low",165,"Foggy","No",51.01
1689,"Bus","Main Road",47.62,6.07,"High",35,"Cloudy","No",22.52
1690,"Van","Street",49.78,29.09,"High",140,"Cloudy","No",7.64
1691,"Bike","Highway",78.56,25.93,"High",180,"Foggy","No",51.94
1692,"Bike","Street",96.53,21.9,"Medium",37,"Foggy","No",31.49
1693,"Truck","Expressway",62.38,19.73,"Low",155,"Cloudy","No",7.4
1694,"Van","Highway",29.45,14.25,"Low",60,"Rainy","No",36.96
1695,"Truck","Junction",101.43,12.5,"Low",98,"Sunny","No",41.83
1696,"Van","City Road",30.93,21.32,"Medium",88,"Foggy","No",58.49
1697,"Car","Bridge",28.93,18.13,"Medium",126,"Foggy","No",29.4
1698,"Bus","Rural Road",44.1,3.45,"High",163,"Rainy","No",51.45
1699,"Bus","Junction",110.28,26.97,"Low",30,"Sunny","No",7.2
1700,"Van","Rural Road",107.63,7.5,"Low",191,"Rainy","No",31.26
1701,"Bike","Rural Road",60.02,14.19,"High",164,"Rainy","No",58.16
1702,"Van","Highway",81.32,6.94,"Medium",104,"Sunny","No",36.64
1703,"Bus","Junction",42.91,13.2,"Low",51,"Cloudy","No",12.37
1704,"Truck","Bridge",89.3,2.13,"Low",94,"Rainy","No",28.65
1705,"Bike","Street",34.39,11.58,"High",61,"Rainy","No",5.84
1706,"Van","Street",79.31,19.98,"Low",29,"Cloudy","Yes",49.46
1707,"Truck","Bridge",105.99,13.15,"High",153,"Rainy","No",14.44
1708,"Car","Main Road",57.4,4.67,"High",99,"Sunny","No",32.54
1709,"Bike","Expressway",26.2,1.71,"High",71,"Foggy","No",35.11
1710,"Bike","Highway",106.09,24.27,"Low",113,"Cloudy","No",43.32
1711,"Auto","City Road",75.49,13.73,"High",153,"Sunny","No",7.62
1712,"Car","City Road",118.92,10.97,"High",188,"Rainy","No",55.04
1713,"Truck","Junction",47.55,29.69,"Medium",28,"Cloudy","No",39.93
1714,"Bus","Expressway",64.4,9.77,"Low",106,"Sunny","Yes",58.06
1715,"Bus","Bridge",42.11,13.96,"Medium",187,"Cloudy","No",18.43
1716,"Bike","Expressway",56.49,24.27,"High",77,"Sunny","No",57.61
1717,"Bike","Junction",63.61,22.58,"High",137,"Cloudy","No",11.24
1718,"Bus","Street",86.46,18.66,"High",88,"Rainy","No",7.94
1719,"Auto","Expressway",72.34,11.35,"Low",115,"Rainy","No",39.77
1720,"Auto","Main Road",91.88,17.56,"Medium",199,"Foggy","No",31.02
1721,"Car","Junction",55.61,28.04,"Low",200,"Cloudy","No",12.22
1722,"Van","Bridge",68.04,7.17,"High",48,"Sunny","No",58.74
1723,"Car","Street",42.73,22.99,"High",28,"Rainy","No",15.78
1724,"Auto","Bridge",107.67,17.73,"Low",30,"Foggy","No",4.65
1725,"Truck","Street",96.7,14.58,"Medium",160,"Rainy","No",11.43
1726,"Van","Highway",80.78,15.57,"High",15,"Rainy","No",58.99
1727,"Car","Street",94.57,11.54,"Low",21,"Sunny","No",34.55
1728,"Truck","Expressway",105.59,15.67,"Medium",48,"Sunny","No",11.23
1729,"Truck","Street",115.04,10.41,"Low",87,"Sunny","No",58.09
1730,"Truck","Main Road",119.2,22,"High",124,"Sunny","No",46.58
1731,"Bike","Main Road",36.14,7.11,"Medium",63,"Foggy","No",39.57
1732,"Car","Street",51.18,28.72,"Low",73,"Cloudy","No",10.09
1733,"Van","Highway",35.67,21.52,"Low",16,"Rainy","No",58.92
1734,"Auto","Highway",66.59,7.77,"High",144,"Cloudy","Yes",3.57
1735,"Truck","Bridge",40.75,18.23,"Low",92,"Foggy","No",24.85
1736,"Auto","Rural Road",51.86,17.78,"Low",193,"Rainy","No",15.81
1737,"Bike","Bridge",32.56,25.98,"Low",28,"Sunny","No",55.05
1738,"Car","Street",49.01,10.29,"Low",121,"Foggy","No",31.46
1739,"Auto","Highway",117.64,9.21,"High",53,"Sunny","No",10.95
1740,"Bike","Highway",38.75,9.55,"Medium",91,"Cloudy","Yes",15.35
1741,"Van","Expressway",20.6,2.87,"High",92,"Foggy","No",3.18
1742,"Car","Highway",69.86,25.73,"Medium",39,"Sunny","No",46.2
1743,"Bike","Highway",27.9,1.72,"High",55,"Rainy","No",30.93
1744,"Car","Street",31.28,14.99,"Medium",64,"Cloudy","No",40.05
1745,"Car","Main Road",42.38,1.23,"Medium",77,"Foggy","No",44.94
1746,"Bike","Street",23.76,9,"Low",100,"Rainy","No",29.6
1747,"Truck","Junction",60.53,23.48,"Low",189,"Sunny","No",16.81
1748,"Car","Highway",69.17,14.75,"High",76,"Cloudy","No",36.29
1749,"Bus","Junction",64.12,15.38,"Medium",144,"Foggy","No",12.45
1750,"Auto","Main Road",38.71,2.52,"High",81,"Sunny","No",22.93
1751,"Car","Street",104.49,22.95,"Low",87,"Foggy","No",29.23
1752,"Bike","Rural Road",29.02,28.82,"High",149,"Cloudy","No",19.31
1753,"Van","City Road",109.99,24.56,"Medium",125,"Rainy","No",12.3
1754,"Bus","Street",50.69,17.47,"Medium",177,"Rainy","No",33.15
1755,"Bus","Expressway",34.88,8.77,"Medium",29,"Rainy","No",16.91
1756,"Bus","Highway",45.81,29.35,"High",80,"Sunny","No",6.82
1757,"Truck","Expressway",78.9,28.51,"Medium",182,"Cloudy","No",40.69
1758,"Bus","Junction",66.49,2.68,"Medium",112,"Rainy","No",47.28
1759,"Auto","Expressway",24.57,29.44,"Low",49,"Rainy","No",9.57
1760,"Car","Highway",26.92,9.06,"Low",63,"Rainy","No",12.89
1761,"Car","Highway",101.37,17.32,"High",38,"Cloudy","No",52.81
1762,"Bus","Rural Road",103.34,3.52,"Medium",68,"Cloudy","Yes",56.44
1763,"Truck","Main Road",39.1,12.78,"Low",98,"Rainy","No",53.11
1764,"Bike","Main Road",52.03,10.69,"Low",128,"Cloudy","No",35.09
1765,"Bus","Junction",87.18,22.11,"Medium",34,"Rainy","No",2.88
1766,"Van","Street",113.21,18.38,"Low",75,"Sunny","No",39.18
1767,"Van","Main Road",35.99,24.65,"Low",171,"Foggy","No",27.41
1768,"Bike","Main Road",117.28,4.98,"Low",25,"Rainy","No",22.98
1769,"Bike","Junction",70.67,27.35,"High",89,"Rainy","No",20.39
1770,"Car","City Road",69.03,22.47,"Medium",145,"Cloudy","No",23.96
1771,"Truck","Highway",69.7,23.23,"Low",133,"Rainy","No",58.21
1772,"Truck","Rural Road",74.07,13.61,"Medium",188,"Rainy","No",38.59
1773,"Bike","Street",34.17,14.07,"Medium",98,"Rainy","No",46.62
1774,"Bus","Bridge",118.27,8.93,"Low",54,"Rainy","No",4
1775,"Bus","Highway",84.79,19.55,"Medium",11,"Foggy","No",29.19
1776,"Car","City Road",40.58,4.8,"Low",159,"Cloudy","No",19.01
1777,"Bus","Rural Road",119.95,10.99,"Low",160,"Cloudy","No",14.56
1778,"Car","Bridge",29.74,24.3,"Low",133,"Cloudy","No",14.21
1779,"Truck","Main Road",70.81,6.16,"Low",23,"Cloudy","No",22.59
1780,"Bus","Highway",115.92,4.99,"High",78,"Foggy","No",7.26
1781,"Truck","Expressway",53.86,3.02,"High",53,"Sunny","Yes",26.01
1782,"Van","Bridge",26.33,18.35,"Medium",13,"Rainy","No",3.54
1783,"Car","City Road",50.32,3.24,"Medium",94,"Rainy","Yes",50.49
1784,"Car","City Road",45.25,11.13,"Medium",135,"Cloudy","No",25.69
1785,"Car","Highway",55.92,11.03,"High",50,"Sunny","No",28.54
1786,"Van","City Road",43.76,15.47,"Low",127,"Foggy","No",17.12
1787,"Auto","Highway",76.7,21.45,"Low",46,"Foggy","No",25.23
1788,"Van","Bridge",46.18,20.2,"Medium",163,"Cloudy","No",57.05
1789,"Car","Bridge",39.17,25.33,"Medium",86,"Foggy","No",57.92
1790,"Car","Junction",47.38,24.43,"High",193,"Sunny","No",54.88
1791,"Bike","Bridge",113.6,17.01,"High",184,"Cloudy","No",28.55
1792,"Truck","Highway",112.46,19.07,"High",76,"Cloudy","No",38
1793,"Bus","Street",92.65,12.75,"Medium",186,"Sunny","No",0.72
1794,"Van","Main Road",86.59,4.74,"Medium",101,"Rainy","No",39.79
1795,"Bus","Main Road",102.21,2.06,"High",75,"Sunny","No",30.89
1796,"Bike","Junction",33.06,13.33,"Medium",57,"Sunny","No",16.77
1797,"Car","Street",111.68,12.68,"Low",178,"Foggy","Yes",59.53
1798,"Car","Rural Road",77.17,12.64,"High",132,"Rainy","No",16.74
1799,"Bike","Main Road",33.8,6.54,"High",32,"Cloudy","No",43.03
1800,"Car","Rural Road",30.37,2.79,"Medium",184,"Cloudy","No",1.83
1801,"Car","City Road",37.44,3.69,"Medium",177,"Sunny","No",37.21
1802,"Auto","Rural Road",82.26,26.44,"Low",190,"Cloudy","No",22.49
1803,"Van","City Road",82.87,4.97,"High",131,"Rainy","No",52.78
1804,"Car","Street",40.39,16.13,"Medium",17,"Cloudy","No",28.34
1805,"Bus","City Road",51.57,10.79,"High",185,"Cloudy","No",18.34
1806,"Truck","Rural Road",43.96,4.91,"High",105,"Rainy","No",26.51
1807,"Auto","Main Road",89.54,11.42,"High",31,"Cloudy","No",38.16
1808,"Truck","Rural Road",21.42,18.6,"Low",13,"Rainy","No",39.27
1809,"Car","Rural Road",67.22,26.4,"High",169,"Sunny","No",15.4
1810,"Bus","Main Road",38.85,7.93,"High",59,"Foggy","No",2.82
1811,"Auto","Rural Road",95.99,29.61,"Low",122,"Sunny","No",42.56
1812,"Truck","Highway",25.67,7.09,"Low",109,"Cloudy","No",9.68
1813,"Car","Junction",25.4,20.87,"Medium",38,"Sunny","No",44.55
1814,"Bus","Street",39.21,16.67,"High",68,"Foggy","No",29.92
1815,"Bus","Bridge",95.89,14.2,"Medium",146,"Cloudy","No",57.72
1816,"Bike","Expressway",75.66,4.92,"High",127,"Cloudy","No",42.09
1817,"Van","Bridge",23.25,28.88,"Low",189,"Sunny","No",28.88
1818,"Bike","Bridge",85.39,15.65,"High",36,"Foggy","No",42.3
1819,"Truck","Main Road",69.27,21.81,"Medium",86,"Sunny","No",17.42
1820,"Bike","Junction",43.72,9.92,"Medium",43,"Rainy","No",8.28
1821,"Truck","Rural Road",88.1,18.29,"Medium",13,"Rainy","Yes",56.98
1822,"Bike","Expressway",25.98,10.02,"Medium",120,"Cloudy","No",50.04
1823,"Auto","Highway",41.33,26.75,"Medium",66,"Rainy","No",42.26
1824,"Bus","Main Road",96.66,1.68,"Medium",84,"Foggy","No",37.99
1825,"Van","Highway",113.33,2.65,"Medium",29,"Sunny","No",13.54
1826,"Auto","Expressway",79.64,13.65,"High",124,"Sunny","No",23.42
1827,"Auto","Rural Road",78.63,19.99,"Low",183,"Rainy","No",48.32
1828,"Auto","Main Road",104.12,6.84,"High",133,"Cloudy","Yes",7.28
1829,"Van","Expressway",25.37,15.47,"Low",115,"Sunny","No",6.77
1830,"Truck","Highway",65.53,13.66,"High",86,"Rainy","No",28.25
1831,"Truck","Street",114.08,24.82,"Medium",116,"Cloudy","No",7.31
1832,"Bike","Highway",71.56,8.34,"Medium",95,"Sunny","No",7.65
1833,"Truck","Junction",82.19,6.96,"Medium",131,"Foggy","Yes",5.55
1834,"Auto","Rural Road",59.29,29.5,"Low",42,"Foggy","No",8.24
1835,"Car","Main Road",59.12,9.32,"Low",137,"Cloudy","Yes",2.6
1836,"Truck","Main Road",118.88,14.69,"Low",91,"Foggy","No",23.27
1837,"Car","Bridge",96.58,25.74,"High",13,"Rainy","No",31.2
1838,"Car","Expressway",60.17,3.53,"Medium",51,"Rainy","Yes",50.66
1839,"Car","Highway",30.56,19.47,"Medium",101,"Foggy","No",6.67
1840,"Bike","Highway",34.35,6.36,"High",31,"Sunny","No",47.56
1841,"Truck","Main Road",70.07,7.32,"Low",194,"Rainy","No",40.9
1842,"Bike","Street",93.73,6.47,"High",175,"Rainy","No",30.87
1843,"Bus","Highway",81.15,6.79,"High",14,"Sunny","No",54.27
1844,"Bus","Rural Road",117.64,4.67,"Medium",127,"Foggy","No",18.09
1845,"Bike","Street",20.17,7.41,"Low",145,"Sunny","No",17.08
1846,"Bus","Rural Road",24.25,1.34,"High",166,"Sunny","No",40.41
1847,"Van","City Road",54.09,19.16,"High",33,"Cloudy","No",7.34
1848,"Bus","Bridge",108.04,15.64,"High",20,"Foggy","No",30.93
1849,"Truck","Junction",44.49,23.52,"Medium",40,"Cloudy","No",39.54
1850,"Bus","Highway",66.22,7.22,"Low",25,"Rainy","No",37.72
1851,"Bike","Main Road",83.89,3.9,"Medium",95,"Sunny","No",12.91
1852,"Truck","City Road",60.84,9.69,"Low",35,"Rainy","Yes",35.18
1853,"Bus","Expressway",106.72,22.24,"Medium",67,"Rainy","No",55.06
1854,"Car","Expressway",62.09,17.52,"High",159,"Sunny","Yes",40.32
1855,"Car","Street",75.87,19.99,"Low",116,"Rainy","No",5.2
1856,"Auto","Rural Road",20.01,14.98,"High",90,"Rainy","No",9.84
1857,"Bus","Junction",41.12,18.14,"High",92,"Sunny","No",36.63
1858,"Van","Highway",115.05,22.26,"Low",57,"Cloudy","No",43.99
1859,"Bus","Junction",66.94,17.83,"High",174,"Cloudy","No",39.5
1860,"Car","Street",105.74,20.58,"High",153,"Sunny","No",53.74
1861,"Truck","Bridge",35.62,8.64,"Low",131,"Cloudy","No",15.6
1862,"Bike","Street",80.7,25.76,"High",85,"Foggy","No",27.16
1863,"Bus","Main Road",35.66,1.56,"Medium",148,"Foggy","No",20.34
1864,"Van","Expressway",89.92,18.38,"High",162,"Rainy","Yes",13.36
1865,"Bus","Highway",20.62,8.35,"High",149,"Foggy","No",46.93
1866,"Auto","Rural Road",23.28,15.36,"Low",107,"Cloudy","No",28.41
1867,"Bus","Junction",59.71,3.16,"High",13,"Rainy","No",11.23
1868,"Truck","Main Road",48.83,21.13,"High",53,"Sunny","No",27.38
1869,"Auto","Highway",92.17,16.26,"High",99,"Cloudy","No",13.06
1870,"Truck","Street",44.49,13.84,"Medium",55,"Cloudy","No",23.1
1871,"Truck","Expressway",80.7,2.16,"High",103,"Foggy","No",18.03
1872,"Bus","Rural Road",64.66,26.1,"Low",78,"Cloudy","No",43.82
1873,"Truck","Main Road",34.72,18.21,"Low",177,"Rainy","No",5.23
1874,"Truck","Junction",80.3,11.37,"Low",105,"Foggy","No",48.24
1875,"Van","Main Road",51.97,29.72,"Low",192,"Cloudy","No",25.47
1876,"Car","Bridge",39.32,29.68,"High",48,"Sunny","No",35.45
1877,"Car","Main Road",107.09,26.53,"Low",139,"Foggy","No",36.99
1878,"Auto","Highway",101.26,19.47,"Low",100,"Foggy","Yes",12.71
1879,"Truck","Bridge",97.01,25.36,"High",13,"Rainy","No",14.43
1880,"Bus","Main Road",83.91,8.18,"High",130,"Rainy","No",25.39
1881,"Bike","Bridge",90.52,13.1,"Medium",89,"Sunny","No",7.98
1882,"Auto","Main Road",81,20.87,"Low",15,"Sunny","No",8.31
1883,"Car","Rural Road",57.4,8.32,"Low",124,"Cloudy","No",39.86
1884,"Auto","Street",110.37,5.22,"High",38,"Rainy","No",38.76
1885,"Truck","Bridge",67.9,3.23,"Low",59,"Foggy","No",22.88
1886,"Auto","Highway",62.7,14.78,"Low",76,"Rainy","No",0.95
1887,"Bus","Expressway",33.26,22.19,"High",156,"Foggy","No",28.68
1888,"Car","Highway",66.39,28.2,"Low",35,"Rainy","No",54.84
1889,"Van","Main Road",71.55,23.62,"Low",51,"Foggy","No",32.03
1890,"Auto","Junction",31.42,27.69,"High",90,"Foggy","No",51.69
1891,"Bike","Rural Road",85.71,24.19,"Low",59,"Cloudy","No",26.27
1892,"Van","Junction",48.65,4.97,"Low",112,"Cloudy","No",48.78
1893,"Bus","Expressway",72.19,8.5,"Medium",81,"Sunny","No",35.91
1894,"Van","Junction",64.71,12.94,"High",189,"Cloudy","No",40.12
1895,"Truck","Rural Road",78.5,11.33,"High",127,"Sunny","No",2.45
1896,"Truck","Highway",83.1,26.51,"Low",196,"Sunny","No",32.11
1897,"Van","Street",20.81,2.98,"High",38,"Foggy","No",1.87
1898,"Bike","Bridge",32.15,19.76,"Medium",140,"Foggy","No",46.81
1899,"Bus","Bridge",81.27,15.24,"Medium",167,"Rainy","No",16.34
1900,"Van","Bridge",95.86,1.14,"Medium",56,"Cloudy","No",20.28
1901,"Bike","Main Road",57.17,6.13,"High",73,"Rainy","No",14.8
1902,"Car","Expressway",92.4,3.12,"Low",65,"Cloudy","No",7.06
1903,"Truck","Rural Road",30.36,3.4,"Medium",198,"Sunny","No",24.78
1904,"Car","Junction",34.2,23.55,"High",168,"Foggy","No",31.58
1905,"Van","Junction",58.15,4.57,"High",102,"Cloudy","No",46.26
1906,"Truck","City Road",61.06,3.76,"High",97,"Sunny","No",47.92
1907,"Van","City Road",77.53,14.08,"Low",114,"Rainy","Yes",23.12
1908,"Bus","Expressway",92.51,8.83,"Low",42,"Cloudy","No",45.67
1909,"Car","Rural Road",36.97,18.01,"Medium",123,"Foggy","No",24.9
1910,"Van","Expressway",56.53,7.01,"High",189,"Foggy","No",23.38
1911,"Bike","Street",70.85,24.44,"Medium",24,"Rainy","No",49.11
1912,"Truck","Rural Road",85.11,28.23,"Low",147,"Sunny","No",15.55
1913,"Bus","Expressway",31.92,1.72,"Low",181,"Sunny","No",44.42
1914,"Truck","Street",70.2,7.82,"Low",138,"Cloudy","No",17.71
1915,"Bike","Street",33.97,28.23,"Medium",60,"Sunny","No",34.53
1916,"Van","Street",30.54,21.96,"High",144,"Foggy","No",31.81
1917,"Car","Bridge",116.52,6.32,"Low",74,"Rainy","No",25.4
1918,"Auto","Expressway",44.75,4.53,"Low",32,"Foggy","No",51.52
1919,"Van","City Road",98.06,19.3,"High",66,"Foggy","No",51.25
1920,"Bus","Junction",101.76,13.79,"Medium",76,"Sunny","No",27.34
1921,"Auto","Expressway",25.71,25.29,"Low",193,"Cloudy","No",27.11
1922,"Auto","Junction",108.2,13.5,"Medium",126,"Sunny","No",54.42
1923,"Car","Junction",60.61,6.59,"High",82,"Sunny","No",59.59
1924,"Truck","City Road",22.32,25.19,"High",158,"Sunny","No",28.36
1925,"Auto","City Road",75.22,5.94,"High",134,"Rainy","No",55.77
1926,"Bike","Expressway",117.77,3.47,"High",72,"Cloudy","No",52.51
1927,"Bus","Expressway",57.92,18,"High",181,"Rainy","Yes",24.57
1928,"Truck","Expressway",78.61,17.22,"Medium",122,"Cloudy","No",57.02
1929,"Truck","Junction",106.33,4.35,"High",153,"Rainy","No",17.3
1930,"Truck","Rural Road",73.42,19.89,"High",63,"Sunny","No",10.66
1931,"Van","Rural Road",118.81,10.91,"Medium",144,"Rainy","No",52.18
1932,"Auto","Rural Road",102.77,16.59,"Medium",190,"Sunny","No",23.63
1933,"Truck","Highway",48.13,5.92,"High",174,"Sunny","No",22.49
1934,"Van","Rural Road",84.97,25.57,"Low",64,"Foggy","No",57.16
1935,"Auto","Street",100.09,18.6,"High",108,"Cloudy","No",3
1936,"Auto","Highway",96.49,3.63,"Medium",49,"Foggy","No",4.98
1937,"Bus","Highway",106.83,23.1,"Low",104,"Foggy","Yes",15.01
1938,"Van","Highway",94.54,17.54,"Medium",49,"Cloudy","No",26.29
1939,"Bike","Junction",85.77,25.82,"Low",114,"Rainy","No",59.06
1940,"Van","Bridge",63.59,11.37,"Low",110,"Cloudy","No",42.78
1941,"Van","Junction",88.09,11.9,"High",22,"Sunny","No",55.4
1942,"Bus","City Road",70.31,16.06,"High",78,"Rainy","No",23.45
1943,"Auto","Street",108.99,14.48,"Low",70,"Rainy","No",12.06
1944,"Bike","City Road",103.67,6.04,"Medium",116,"Rainy","No",24.73
1945,"Bike","Main Road",74.81,14.58,"Low",23,"Cloudy","No",18.21
1946,"Truck","Highway",67.89,5.06,"Medium",172,"Sunny","No",12.21
1947,"Truck","Bridge",22.39,14.92,"Medium",107,"Foggy","No",28.89
1948,"Van","Junction",62.79,7.66,"High",188,"Sunny","No",14.66
1949,"Bus","Expressway",87.27,13.1,"Medium",130,"Foggy","No",47.39
1950,"Car","Main Road",73.59,26.78,"Medium",143,"Foggy","No",24.76
1951,"Auto","Expressway",29.89,7.47,"Medium",159,"Rainy","No",28.6
1952,"Truck","Highway",77.22,12.36,"Low",63,"Cloudy","No",40.04
1953,"Truck","Expressway",47.02,17.68,"High",146,"Foggy","No",45.17
1954,"Van","Junction",80.46,6.77,"High",72,"Foggy","No",8.56
1955,"Auto","Highway",60.54,8.95,"Low",159,"Sunny","No",27.68
1956,"Auto","Junction",46.42,2.43,"Low",149,"Sunny","No",27.05
1957,"Car","Expressway",21.69,15.1,"High",51,"Foggy","No",41.73
1958,"Car","Expressway",69.54,29.55,"High",92,"Cloudy","No",1.4
1959,"Auto","Main Road",62.72,14.48,"Low",172,"Rainy","No",43.17
1960,"Bike","City Road",50.74,17.74,"Low",27,"Foggy","No",8.13
1961,"Bus","City Road",101.25,3.95,"High",88,"Rainy","No",42.21
1962,"Car","Junction",24.42,1.65,"High",112,"Foggy","Yes",1.05
1963,"Bus","Expressway",46.67,26.42,"High",99,"Foggy","No",44.72
1964,"Bus","Expressway",74.05,18.07,"Medium",135,"Cloudy","No",54.58
1965,"Truck","Street",26.86,17.69,"Low",102,"Rainy","No",26.64
1966,"Auto","Rural Road",103.24,16.13,"Low",38,"Cloudy","Yes",8.12
1967,"Auto","Rural Road",58.14,11.44,"Low",171,"Rainy","No",3.72
1968,"Van","Rural Road",43.61,17.51,"Medium",54,"Foggy","No",32.7
1969,"Bike","Highway",48.32,21.17,"Medium",163,"Cloudy","No",46.64
1970,"Van","Bridge",100.9,9.1,"Medium",17,"Sunny","No",57.14
1971,"Auto","Bridge",82.21,5.2,"High",189,"Rainy","No",42.06
1972,"Bus","Junction",48.02,23.89,"Medium",71,"Foggy","No",8.79
1973,"Car","City Road",46.71,29.13,"Medium",120,"Sunny","No",10.37
1974,"Truck","Bridge",106.44,15.29,"High",146,"Sunny","No",36.24
1975,"Car","Expressway",44.16,21.09,"Medium",103,"Sunny","No",34.02
1976,"Bus","Bridge",58.18,18.8,"Medium",136,"Cloudy","Yes",42.16
1977,"Bus","Main Road",83.97,12.21,"High",122,"Cloudy","No",30.77
1978,"Bike","Junction",45.46,2.65,"Low",23,"Cloudy","No",21.43
1979,"Bike","Highway",89,26.26,"Low",31,"Cloudy","No",30.74
1980,"Car","Expressway",105.31,12.25,"Low",115,"Sunny","No",14.93
1981,"Bike","City Road",107.39,17.43,"Low",80,"Rainy","No",34.77
1982,"Bike","Street",35.16,10.58,"High",106,"Cloudy","No",15.04
1983,"Car","Street",105.67,9.07,"Medium",178,"Cloudy","No",39.09
1984,"Truck","Expressway",33.41,4.02,"Low",164,"Rainy","No",52.61
1985,"Bus","Main Road",45.6,3.33,"Medium",75,"Foggy","No",14
1986,"Truck","Expressway",61.53,6.45,"Medium",57,"Foggy","No",6.03
1987,"Truck","Rural Road",101.74,15.03,"Medium",14,"Rainy","No",50.94
1988,"Auto","City Road",37.2,13.66,"Low",109,"Rainy","No",59.84
1989,"Car","Main Road",29.26,22.25,"Medium",80,"Rainy","No",22.36
1990,"Auto","Main Road",100.29,12.4,"Medium",109,"Foggy","No",11.37
1991,"Auto","Highway",76.36,19.21,"Medium",95,"Cloudy","No",33.2
1992,"Van","Bridge",60.1,16.04,"Medium",129,"Foggy","No",52.2
1993,"Bus","Rural Road",22.34,3.36,"Medium",107,"Cloudy","No",9.63
1994,"Car","Junction",21.61,26.63,"Low",110,"Cloudy","No",0.87
1995,"Bike","Expressway",85.72,20.21,"Low",22,"Sunny","No",6.04
1996,"Auto","Highway",83.53,14.87,"High",18,"Cloudy","No",7.62
1997,"Bus","Street",34.15,9.4,"Low",38,"Foggy","No",34.88
1998,"Auto","Rural Road",57.06,17.43,"High",153,"Rainy","No",45.8
1999,"Van","Highway",67.06,15.61,"Low",17,"Foggy","No",6.82
2000,"Auto","Expressway",44.05,10.56,"Low",45,"Cloudy","No",3.29
2001,"Car","Expressway",80.8,26.92,"Medium",101,"Sunny","No",7.36
2002,"Bus","Expressway",79.84,16.15,"Medium",18,"Rainy","No",48.3
2003,"Auto","Expressway",26.68,19.3,"Low",75,"Foggy","No",5.08
2004,"Truck","Rural Road",102.71,18.99,"Medium",136,"Sunny","Yes",54.71
2005,"Bike","Main Road",101.54,21.34,"Medium",27,"Foggy","No",28.27
2006,"Auto","Bridge",102.09,10.66,"Medium",54,"Cloudy","No",39.53
2007,"Truck","Junction",106.36,6.89,"Low",108,"Foggy","No",29.78
2008,"Car","City Road",64.63,8.34,"High",149,"Foggy","No",30.56
2009,"Truck","Street",80.92,18.07,"Low",118,"Foggy","No",33.48
2010,"Van","Rural Road",96.12,16.46,"Medium",76,"Cloudy","No",7.71
2011,"Van","Main Road",30.84,3.12,"Medium",128,"Foggy","No",26.44
2012,"Bus","City Road",43.76,11.29,"High",187,"Sunny","No",0.38
2013,"Bike","Main Road",26.88,24.33,"Low",69,"Cloudy","No",1.13
2014,"Bike","City Road",31.1,15.45,"High",150,"Foggy","No",1.32
2015,"Auto","Highway",26.64,7.48,"High",81,"Rainy","No",31.21
2016,"Van","Street",112.4,11.57,"High",154,"Foggy","No",44.99
2017,"Car","Rural Road",52.77,4.28,"Low",123,"Sunny","No",54.49
2018,"Bike","Main Road",110.45,11.38,"Medium",20,"Cloudy","No",31.26
2019,"Bike","Expressway",65.75,6.66,"Medium",197,"Foggy","No",45.32
2020,"Car","City Road",63.72,14.77,"Low",174,"Sunny","No",8.05
2021,"Bike","Street",83.8,22.53,"Low",190,"Foggy","No",15.12
2022,"Truck","Highway",109.61,14.87,"Low",92,"Foggy","No",29.12
2023,"Truck","City Road",98.69,17.63,"Medium",125,"Sunny","No",15.35
2024,"Auto","Street",89.05,22.55,"High",55,"Rainy","No",45.51
2025,"Auto","Highway",50.21,1.59,"Low",78,"Rainy","Yes",51.69
2026,"Car","Bridge",113.61,4.83,"Medium",28,"Cloudy","No",17.88
2027,"Bike","Bridge",106.46,1.43,"Medium",171,"Sunny","No",6.09
2028,"Car","Main Road",68.54,2.31,"High",76,"Sunny","No",59.28
2029,"Truck","Bridge",55.58,11.03,"Low",102,"Sunny","No",57.61
2030,"Bike","Rural Road",80.45,24.3,"Low",120,"Foggy","No",0.25
2031,"Bus","Street",26.67,6.43,"High",55,"Sunny","Yes",6.09
2032,"Car","Street",76.62,6.59,"Medium",187,"Cloudy","No",34.14
2033,"Bus","Junction",96.22,15.98,"High",147,"Sunny","No",18.45
2034,"Auto","Highway",79.38,27.46,"Medium",82,"Foggy","No",41.64
2035,"Truck","Street",91.12,9.47,"Medium",12,"Rainy","No",6.72
2036,"Car","Highway",109.59,3.46,"Medium",150,"Sunny","No",23.18
2037,"Bike","City Road",74.69,10.63,"Low",65,"Rainy","No",3.48
2038,"Auto","Rural Road",23.42,2,"Low",145,"Cloudy","No",9.27
2039,"Van","Bridge",88.84,18.77,"Medium",143,"Sunny","No",25.45
2040,"Bike","Highway",115.82,8.17,"Low",113,"Foggy","No",4.32
2041,"Bike","Highway",112.37,22.57,"High",10,"Rainy","Yes",35.74
2042,"Bus","Highway",30.34,6.83,"Low",82,"Sunny","No",36.43
2043,"Car","Highway",57.07,10.89,"High",41,"Cloudy","No",9.37
2044,"Truck","Main Road",51.95,3.74,"Low",24,"Rainy","No",7.71
2045,"Truck","Main Road",104.38,20.68,"High",80,"Cloudy","Yes",58.32
2046,"Auto","Highway",68.38,4.07,"Medium",90,"Sunny","No",44.34
2047,"Truck","Junction",49.09,2,"High",114,"Sunny","No",58.07
2048,"Auto","Street",37.23,9.01,"Low",22,"Rainy","No",23.2
2049,"Bus","Highway",111.69,7.67,"Low",194,"Rainy","No",18.82
2050,"Car","Main Road",103.62,28.28,"Low",189,"Sunny","No",23.12
2051,"Bus","Expressway",63.42,18.7,"High",167,"Rainy","No",37.95
2052,"Auto","Street",82.03,6.03,"High",90,"Rainy","No",32.51
2053,"Bike","Bridge",60.8,11.26,"High",143,"Rainy","No",50.44
2054,"Van","Street",57.29,20.01,"Medium",82,"Foggy","No",11.89
2055,"Bus","Main Road",93.24,22.36,"Medium",99,"Sunny","No",6.72
2056,"Bike","Expressway",47.32,6.08,"High",38,"Sunny","No",3.97
2057,"Van","Main Road",92.82,4.62,"Medium",20,"Rainy","No",46.79
2058,"Truck","Rural Road",77.13,12.67,"Low",173,"Cloudy","No",48.46
2059,"Bike","City Road",112.52,23.76,"Low",64,"Foggy","No",12.11
2060,"Van","Rural Road",76.96,1.52,"Low",43,"Foggy","No",11.92
2061,"Van","Rural Road",88.08,23.71,"Low",17,"Rainy","No",3.05
2062,"Truck","Main Road",108.62,18.6,"High",152,"Cloudy","No",49.11
2063,"Car","Rural Road",104.32,17.56,"Medium",159,"Cloudy","No",38.42
2064,"Truck","Bridge",119.28,25.26,"High",88,"Foggy","No",22.56
2065,"Auto","City Road",95.3,14.71,"Medium",104,"Foggy","Yes",49.49
2066,"Auto","Expressway",108.62,18.82,"High",179,"Cloudy","No",13.74
2067,"Bus","Street",51.56,24.59,"Low",94,"Sunny","No",56.92
2068,"Auto","City Road",114.47,23.99,"Medium",18,"Foggy","Yes",50.19
2069,"Car","Rural Road",109.75,12.94,"High",68,"Cloudy","Yes",49.23
2070,"Van","Rural Road",21.08,17.21,"Medium",64,"Cloudy","No",49.02
2071,"Bike","Expressway",36.65,18.8,"Medium",76,"Foggy","No",57.75
2072,"Car","Bridge",67.15,8.98,"Low",100,"Sunny","No",0.66
2073,"Truck","Expressway",104.65,4.76,"High",79,"Foggy","Yes",0.11
2074,"Bus","Bridge",61.85,3.89,"Medium",42,"Sunny","No",5.82
2075,"Van","Junction",38.53,8.12,"Medium",22,"Cloudy","No",56.24
2076,"Truck","Expressway",110.22,22.61,"Medium",36,"Sunny","No",16.98
2077,"Bus","Expressway",103.62,19.86,"High",121,"Cloudy","No",52.64
2078,"Car","Bridge",107.14,19.66,"Low",16,"Foggy","Yes",2.6
2079,"Truck","Junction",65.54,9,"High",57,"Foggy","No",19.92
2080,"Auto","Highway",80.75,14.71,"Medium",199,"Rainy","No",17.36
2081,"Auto","Bridge",71.4,11.84,"High",187,"Foggy","Yes",47.72
2082,"Truck","Bridge",23.14,17.72,"Medium",118,"Cloudy","No",22.73
2083,"Auto","Street",117.33,25.96,"Low",89,"Foggy","No",25.91
2084,"Car","Highway",97.09,16.39,"Low",185,"Rainy","No",7.16
2085,"Car","Rural Road",42.36,17.46,"High",22,"Rainy","No",29
2086,"Van","Bridge",57.49,29.69,"Low",43,"Rainy","No",20.86
2087,"Car","Main Road",105.26,21.1,"Medium",51,"Foggy","No",46.41
2088,"Car","Highway",97.42,24.73,"High",195,"Cloudy","Yes",7.1
2089,"Auto","City Road",44.85,25.5,"High",58,"Sunny","No",17.67
2090,"Auto","Junction",28.21,17.67,"Low",26,"Foggy","No",35.93
2091,"Auto","City Road",70.99,12.55,"Low",80,"Sunny","No",43.98
2092,"Bike","Junction",46.36,2.37,"Low",141,"Cloudy","No",47.03
2093,"Bike","Expressway",65.09,11.9,"Medium",109,"Rainy","No",7.68
2094,"Bike","Highway",56.55,15.21,"Low",161,"Sunny","No",29.62
2095,"Auto","Junction",117.39,25.68,"Medium",186,"Foggy","No",50.46
2096,"Car","Expressway",66.84,23.51,"Medium",161,"Foggy","No",29.4
2097,"Bus","Street",109.83,2.3,"Low",195,"Foggy","No",57.63
2098,"Truck","Junction",34.34,13.27,"Low",107,"Foggy","No",25.22
2099,"Truck","Bridge",73,19.75,"Low",108,"Foggy","No",31.81
2100,"Auto","Junction",21.76,21.17,"Medium",185,"Sunny","No",35.72
2101,"Bike","Main Road",75.34,16.72,"Low",151,"Rainy","No",31.74
2102,"Auto","Rural Road",41.83,4.43,"Medium",37,"Foggy","No",46.01
2103,"Bus","Main Road",73.26,28.36,"High",44,"Foggy","No",14.18
2104,"Bike","Bridge",49.71,25.38,"Low",174,"Sunny","No",37.53
2105,"Car","Bridge",28.41,13.45,"Low",127,"Sunny","No",53.21
2106,"Bus","City Road",51.03,3.32,"Medium",117,"Foggy","No",41.89
2107,"Van","Main Road",24.61,17.82,"Medium",99,"Sunny","No",8.59
2108,"Van","Rural Road",102.41,17.29,"Medium",37,"Foggy","No",27.24
2109,"Bike","Highway",62.58,3.93,"Medium",36,"Rainy","No",28.72
2110,"Car","Rural Road",53.46,21.61,"High",171,"Rainy","No",51.29
2111,"Car","Main Road",61.87,11.58,"Low",58,"Cloudy","No",25.66
2112,"Auto","Main Road",56.01,5.11,"Low",38,"Cloudy","No",6.99
2113,"Car","Street",43.38,4.92,"Medium",96,"Sunny","No",49.01
2114,"Car","Highway",39.11,27.52,"Medium",199,"Cloudy","No",55.27
2115,"Bus","Street",38.61,22,"Low",34,"Sunny","No",21.86
2116,"Auto","City Road",91.85,29.25,"High",96,"Sunny","No",8.9
2117,"Auto","Bridge",67.9,16.45,"Low",165,"Sunny","No",31.66
2118,"Truck","City Road",35.8,24,"Low",53,"Rainy","No",16.83
2119,"Van","Rural Road",116.28,11.69,"High",129,"Sunny","No",7.37
2120,"Truck","Bridge",88.79,11.44,"High",191,"Foggy","No",29.05
2121,"Bike","Street",56.28,18.48,"High",129,"Rainy","Yes",26.49
2122,"Car","Rural Road",105.31,22.24,"Low",111,"Sunny","No",27.67
2123,"Van","Street",107.02,27.49,"Low",87,"Cloudy","No",14.69
2124,"Auto","Bridge",102.75,18.42,"Low",69,"Cloudy","No",39.73
2125,"Van","Main Road",60.27,8.36,"Medium",98,"Rainy","No",20.44
2126,"Bus","Bridge",47.57,21.87,"Medium",97,"Rainy","No",4.04
2127,"Auto","Expressway",82.15,21.3,"High",43,"Rainy","Yes",24.5
2128,"Bike","Rural Road",106.07,9.48,"Low",12,"Foggy","No",43.82
2129,"Car","Highway",118.51,15.87,"Low",164,"Sunny","No",48.23
2130,"Auto","Rural Road",22.2,16.92,"Low",108,"Foggy","No",25.13
2131,"Van","Street",81.6,5.19,"High",131,"Sunny","No",42.73
2132,"Auto","Rural Road",78.97,25.15,"Low",121,"Rainy","No",8.03
2133,"Bus","Bridge",45.84,2.57,"High",119,"Foggy","No",23.5
2134,"Auto","Street",117.42,4.3,"High",181,"Rainy","No",47.61
2135,"Van","Expressway",24.4,26.98,"Low",37,"Cloudy","No",5.71
2136,"Truck","Street",94.94,3.55,"High",158,"Cloudy","No",57.35
2137,"Truck","Rural Road",50.39,28.22,"Medium",48,"Cloudy","No",30.31
2138,"Auto","Expressway",75.58,24.82,"Medium",90,"Rainy","No",30.27
2139,"Car","Expressway",104.08,26.81,"Low",48,"Cloudy","No",45.9
2140,"Van","City Road",50.53,17.77,"Low",181,"Cloudy","Yes",5.4
2141,"Auto","Main Road",52.08,5.73,"High",135,"Cloudy","No",37.87
2142,"Van","Rural Road",68.65,25.37,"Medium",86,"Cloudy","No",36
2143,"Car","Main Road",99.26,11.39,"Medium",141,"Sunny","No",51.22
2144,"Auto","Junction",118.82,9.37,"Medium",97,"Foggy","No",59.98
2145,"Auto","Bridge",60.5,29.24,"Medium",130,"Cloudy","No",34.41
2146,"Van","Street",105.21,26.69,"High",107,"Sunny","No",45.16
2147,"Bus","Expressway",28.04,23.46,"Low",41,"Rainy","No",20.84
2148,"Bike","City Road",100.97,7.28,"Medium",34,"Foggy","No",36.1
2149,"Bike","Main Road",22.9,22.61,"Medium",141,"Foggy","No",35.63
2150,"Truck","Expressway",112.73,18.06,"High",173,"Sunny","No",55.92
2151,"Car","Expressway",35.62,29.03,"High",179,"Sunny","No",5.02
2152,"Auto","Expressway",25.84,19.89,"High",79,"Rainy","No",27.03
2153,"Bus","Main Road",70.3,4.76,"Medium",156,"Cloudy","No",3.62
2154,"Car","Junction",60.75,29.4,"Medium",24,"Rainy","No",1.5
2155,"Bike","Main Road",50.97,10.16,"Medium",149,"Rainy","No",40.31
2156,"Car","Expressway",32.99,17.35,"Medium",122,"Sunny","No",16.02
2157,"Auto","Rural Road",41.56,9.64,"High",132,"Sunny","No",51.21
2158,"Bus","Expressway",58.06,25.29,"High",39,"Foggy","Yes",32.04
2159,"Auto","Street",73.57,10.82,"Low",51,"Rainy","No",10.5
2160,"Car","Junction",54.26,20.98,"High",183,"Sunny","No",35.41
2161,"Auto","Street",33.72,5,"Medium",100,"Sunny","No",46.72
2162,"Auto","Bridge",104.5,26.26,"High",77,"Rainy","Yes",55.08
2163,"Van","Junction",103.36,16.57,"Medium",70,"Rainy","No",36.24
2164,"Van","Main Road",71.04,22.75,"High",75,"Cloudy","No",27.82
2165,"Car","Bridge",47.5,13.16,"Low",128,"Foggy","Yes",24.88
2166,"Bike","Bridge",32.51,24.87,"High",90,"Rainy","No",46.45
2167,"Van","Highway",63.09,6.11,"Medium",96,"Rainy","No",57.88
2168,"Bike","Highway",31.37,12.52,"Low",195,"Foggy","No",45.59
2169,"Bus","Rural Road",38.31,29.07,"Low",195,"Rainy","No",38.36
2170,"Auto","Rural Road",33.39,28.97,"Medium",106,"Rainy","No",27.19
2171,"Bus","Junction",90.8,16.21,"High",180,"Cloudy","No",4.11
2172,"Bike","Highway",47.78,29.74,"High",116,"Foggy","No",39.95
2173,"Bus","Main Road",84.61,1.24,"High",147,"Rainy","No",50.42
2174,"Car","Street",105.44,27.22,"Low",138,"Cloudy","No",29.84
2175,"Car","Highway",52.82,11.83,"Medium",105,"Foggy","No",33.15
2176,"Truck","Bridge",55.54,5.49,"Medium",180,"Sunny","No",30.73
2177,"Bus","Bridge",22.45,1.15,"High",182,"Cloudy","No",55.7
2178,"Van","City Road",76.26,27.37,"Low",28,"Cloudy","No",29.47
2179,"Bike","Highway",76.35,12.72,"High",96,"Foggy","No",33.69
2180,"Bus","Street",36.15,2.8,"Low",137,"Foggy","No",53.24
2181,"Car","City Road",86.49,19.76,"Medium",109,"Sunny","No",9.84
2182,"Van","Street",81.83,7.2,"High",81,"Foggy","No",59.39
2183,"Auto","Expressway",88.83,9.41,"Medium",113,"Cloudy","No",15.69
2184,"Truck","City Road",27.05,3.64,"High",147,"Sunny","No",12.78
2185,"Truck","Rural Road",105.3,15.11,"Low",50,"Rainy","No",56.21
2186,"Bus","Main Road",70.92,10.59,"Medium",195,"Foggy","No",47.52
2187,"Auto","City Road",40.62,19.28,"High",75,"Rainy","No",30.98
2188,"Auto","Main Road",110.35,21.53,"Medium",138,"Cloudy","No",19.89
2189,"Bike","Street",43.01,11.16,"Low",26,"Rainy","No",12.55
2190,"Car","Bridge",38.01,14.32,"Medium",178,"Sunny","No",15.24
2191,"Truck","Main Road",30.04,27.56,"Medium",72,"Cloudy","Yes",57.56
2192,"Bus","Bridge",78.33,3.99,"Low",35,"Foggy","No",4.64
2193,"Truck","Expressway",100.44,29.13,"Medium",138,"Cloudy","No",16.23
2194,"Car","Bridge",22.27,4.3,"High",159,"Cloudy","Yes",11
2195,"Truck","City Road",52.29,23.97,"High",119,"Foggy","Yes",28.68
2196,"Auto","Bridge",90.83,26.81,"High",131,"Rainy","No",18.58
2197,"Bus","Bridge",41.25,25.16,"High",14,"Cloudy","No",31.78
2198,"Truck","Street",96.08,5.99,"High",50,"Sunny","No",16.98
2199,"Van","Bridge",68.16,29.72,"High",104,"Rainy","No",32.2
2200,"Car","Highway",104.42,4.99,"Medium",59,"Sunny","No",52.18
2201,"Bike","Main Road",62.43,13.97,"High",174,"Rainy","No",23.97
2202,"Truck","Rural Road",90.25,23.31,"Low",189,"Foggy","No",36.02
2203,"Bus","Bridge",46.26,17.51,"Low",169,"Cloudy","No",36.39
2204,"Truck","Rural Road",118.22,19.78,"Low",90,"Sunny","No",24.42
2205,"Auto","Highway",117.54,2.74,"Low",187,"Foggy","No",45.14
2206,"Truck","Street",79.48,23.04,"Low",161,"Rainy","No",39.33
2207,"Auto","Junction",42.95,14.77,"Low",125,"Cloudy","No",10.41
2208,"Bike","Highway",68.13,4.37,"Low",80,"Foggy","No",38.45
2209,"Truck","Expressway",107.31,9.57,"Medium",127,"Foggy","No",31.23
2210,"Van","Street",53.04,2.04,"High",74,"Sunny","No",59.49
2211,"Bike","Rural Road",92.58,13.87,"High",11,"Sunny","No",49.34
2212,"Van","Highway",67.13,16.19,"Low",144,"Sunny","No",0.26
2213,"Bike","Rural Road",116.53,16.95,"Medium",89,"Rainy","No",35.89
2214,"Auto","Expressway",89.82,1.76,"High",42,"Foggy","No",45.89
2215,"Auto","Highway",74.37,13.96,"High",147,"Cloudy","Yes",19.36
2216,"Bus","Junction",91.87,9.26,"High",167,"Sunny","No",17.73
2217,"Bike","City Road",70.36,12.25,"High",29,"Foggy","No",13.64
2218,"Car","Bridge",60.6,3.59,"High",66,"Foggy","No",56.4
2219,"Bus","City Road",46.89,1.19,"Medium",180,"Sunny","No",57.24
2220,"Van","Expressway",21.14,29.24,"High",139,"Cloudy","No",59.69
2221,"Bus","Street",31.47,26.76,"Medium",155,"Foggy","No",39.93
2222,"Truck","Expressway",71.94,11.92,"Medium",71,"Sunny","No",32.2
2223,"Bike","City Road",58.15,22.34,"Medium",154,"Cloudy","No",24.81
2224,"Bus","Highway",93.81,13.31,"Low",130,"Foggy","No",11.75
2225,"Truck","Junction",47.65,2.04,"High",65,"Cloudy","No",7.49
2226,"Bus","Junction",25.62,12.7,"Medium",133,"Foggy","No",52.06
2227,"Auto","Rural Road",50.29,15.88,"High",181,"Rainy","No",8.22
2228,"Auto","Highway",78.26,22.83,"High",127,"Sunny","No",34.26
2229,"Auto","Bridge",84.54,27.8,"High",145,"Foggy","No",51.06
2230,"Bike","Junction",32.08,19.11,"Medium",62,"Foggy","No",21.66
2231,"Bus","Bridge",52.74,28.91,"High",81,"Rainy","No",49.79
2232,"Truck","Street",63.46,11.14,"High",131,"Foggy","No",7.51
2233,"Bike","Rural Road",20.03,29.8,"High",128,"Foggy","Yes",7.83
2234,"Bus","Rural Road",43.67,11.13,"Medium",44,"Cloudy","No",58
2235,"Bus","Street",61.72,9.39,"High",170,"Cloudy","No",34.68
2236,"Auto","Street",71.86,9.67,"High",55,"Foggy","No",17.7
2237,"Bike","Rural Road",77.47,25.06,"High",157,"Foggy","No",38.93
2238,"Van","Expressway",91.55,19.63,"High",140,"Sunny","No",28.26
2239,"Auto","Expressway",67.18,27.72,"Low",128,"Rainy","No",54.5
2240,"Bus","Main Road",47.57,17.17,"High",123,"Sunny","No",31.61
2241,"Truck","Expressway",77.97,7.41,"High",150,"Foggy","No",26.53
2242,"Car","Junction",103.54,25.39,"Low",78,"Sunny","Yes",17.75
2243,"Truck","Highway",52.62,21.88,"High",46,"Sunny","Yes",39.2
2244,"Truck","Main Road",100.22,22.73,"High",150,"Foggy","Yes",40.02
2245,"Auto","Street",102.95,18.97,"High",83,"Foggy","No",54.74
2246,"Car","Junction",110.83,24.82,"Low",110,"Cloudy","No",49.44
2247,"Van","Highway",56.73,27.09,"High",132,"Foggy","No",22.05
2248,"Truck","Bridge",38.69,1.59,"Low",44,"Sunny","No",44.08
2249,"Car","Main Road",52.32,18.43,"Low",46,"Rainy","Yes",47.61
2250,"Auto","Main Road",39.22,21.41,"Low",102,"Cloudy","No",1.99
2251,"Bike","City Road",102.25,12.68,"Low",43,"Sunny","No",59.08
2252,"Bike","Main Road",108.84,11.12,"Medium",189,"Foggy","No",54.94
2253,"Car","Junction",108.35,20.91,"Medium",190,"Rainy","No",28.13
2254,"Auto","Expressway",62.67,5.72,"High",102,"Rainy","No",41.42
2255,"Car","City Road",53.76,5.16,"Low",131,"Rainy","No",32.3
2256,"Truck","Main Road",62.92,19.96,"Medium",149,"Rainy","No",54.13
2257,"Truck","Junction",64.96,22.65,"Medium",80,"Foggy","No",12.69
2258,"Bike","Main Road",45.61,9.52,"Low",175,"Cloudy","No",4.85
2259,"Bike","Rural Road",43.88,11.39,"Low",126,"Rainy","No",27.82
2260,"Truck","Bridge",60.81,12.56,"Medium",77,"Cloudy","No",21.54
2261,"Truck","City Road",75.17,20.59,"Low",135,"Sunny","No",29.61
2262,"Bus","Main Road",60.3,18.13,"Low",39,"Foggy","No",54.36
2263,"Truck","Street",115.94,18.14,"Medium",193,"Rainy","No",29.88
2264,"Auto","Street",50.93,20.37,"High",20,"Rainy","Yes",57.47
2265,"Car","Expressway",100.95,18.71,"Medium",106,"Sunny","No",13.06
2266,"Van","Expressway",68.12,9.47,"Low",51,"Rainy","No",44.98
2267,"Auto","Junction",94.07,7.8,"High",165,"Sunny","No",11.93
2268,"Truck","Main Road",91.07,18.48,"Medium",128,"Foggy","No",9.56
2269,"Bus","Junction",87.96,14.24,"High",120,"Rainy","No",54.77
2270,"Auto","Rural Road",98.45,6.56,"High",105,"Rainy","No",43.59
2271,"Truck","Expressway",61.62,10.61,"Medium",193,"Foggy","No",1.89
2272,"Auto","Bridge",111.41,22.95,"Medium",142,"Cloudy","No",29.08
2273,"Car","City Road",24.79,22.03,"High",173,"Cloudy","Yes",24.46
2274,"Bike","Expressway",36.31,24.55,"Low",19,"Rainy","No",37.24
2275,"Bike","Junction",97.31,29.37,"Medium",63,"Sunny","No",12.64
2276,"Truck","Street",76.57,9.37,"Low",84,"Rainy","No",7.48
2277,"Bus","Main Road",75.76,21.69,"High",55,"Foggy","No",0.66
2278,"Bike","Highway",111.17,24.43,"High",30,"Foggy","No",9.97
2279,"Car","Main Road",50.2,4.25,"Medium",44,"Sunny","No",42.33
2280,"Bike","Junction",44.8,18.6,"Low",38,"Sunny","No",41.09
2281,"Truck","City Road",110.51,4.51,"Low",62,"Rainy","No",42.72
2282,"Bus","Junction",100.59,15.54,"High",53,"Cloudy","No",55.67
2283,"Bike","Bridge",100.11,15.8,"High",28,"Sunny","No",47.67
2284,"Auto","Rural Road",25.71,1.43,"High",100,"Cloudy","No",5.19
2285,"Bus","Bridge",108.69,25.41,"Medium",155,"Rainy","Yes",48.94
2286,"Truck","Main Road",85.46,22.26,"Low",114,"Sunny","No",51.9
2287,"Van","Main Road",97.26,27.73,"High",10,"Sunny","No",49.02
2288,"Truck","Rural Road",46.44,9.07,"Medium",133,"Cloudy","No",44.32
2289,"Auto","Expressway",42.3,4.89,"Medium",31,"Sunny","No",49.32
2290,"Auto","Rural Road",39.89,15.21,"Low",59,"Cloudy","No",16.51
2291,"Bike","Main Road",59.94,16.7,"Medium",84,"Foggy","No",51.49
2292,"Van","City Road",96.85,27.35,"High",81,"Rainy","No",21.75
2293,"Bus","Street",22.8,17,"Medium",60,"Cloudy","No",22.84
2294,"Car","Main Road",56.86,10.31,"High",36,"Rainy","No",30.85
2295,"Car","Expressway",62.03,14.22,"Medium",70,"Cloudy","No",6.56
2296,"Auto","Highway",35.51,11.15,"Low",66,"Rainy","No",22.59
2297,"Bike","City Road",23.77,4.12,"High",136,"Cloudy","No",50.87
2298,"Bike","Rural Road",60.82,21.56,"Medium",75,"Rainy","No",58.03
2299,"Bike","Rural Road",74.47,22.29,"Low",16,"Sunny","No",34.52
2300,"Car","Highway",39.62,8.54,"Low",158,"Foggy","No",21.6
2301,"Car","Bridge",76.13,1.81,"Low",196,"Foggy","No",13.19
2302,"Van","Expressway",22.34,10.84,"Low",67,"Foggy","No",53.09
2303,"Bus","Highway",46.82,22.88,"Low",170,"Cloudy","No",37.27
2304,"Truck","City Road",103.97,6.23,"Low",76,"Cloudy","No",31.95
2305,"Car","Main Road",69.07,2.66,"Medium",198,"Rainy","No",38.73
2306,"Bike","Highway",66.13,10.24,"Medium",155,"Sunny","No",10.7
2307,"Bike","Junction",25.28,11.66,"High",188,"Foggy","Yes",29.61
2308,"Bus","Junction",29.36,13.58,"Low",186,"Rainy","No",59
2309,"Truck","Bridge",84.77,13.8,"Medium",13,"Sunny","No",58.14
2310,"Car","Street",47.48,24.42,"Low",104,"Foggy","No",37.01
2311,"Truck","Junction",117.14,8.26,"High",154,"Foggy","No",39.26
2312,"Truck","City Road",100.01,5.66,"Low",37,"Foggy","No",9.8
2313,"Car","Expressway",92.64,9.26,"Low",150,"Foggy","No",11.38
2314,"Bike","Main Road",60.52,16.18,"Medium",123,"Foggy","No",59.44
2315,"Truck","Expressway",115.84,20.75,"Low",63,"Sunny","No",45.06
2316,"Car","Bridge",118.29,1.06,"High",179,"Foggy","No",41.44
2317,"Bike","City Road",64.16,27.2,"High",119,"Cloudy","No",21.25
2318,"Bike","City Road",63.19,20.05,"High",74,"Cloudy","No",29.61
2319,"Car","City Road",59.25,15.92,"High",137,"Cloudy","No",8.03
2320,"Auto","Junction",99.16,17.26,"Low",13,"Foggy","No",10.11
2321,"Truck","City Road",107.44,9,"Low",172,"Cloudy","No",10.49
2322,"Car","Bridge",110.52,24.76,"Low",105,"Cloudy","No",35.08
2323,"Van","Rural Road",89.34,8.34,"High",181,"Cloudy","No",32.54
2324,"Auto","Rural Road",20.06,10.88,"High",24,"Rainy","No",39.73
2325,"Car","Bridge",98.84,23.13,"Low",100,"Cloudy","No",4.34
2326,"Car","Main Road",102.96,10.9,"Low",55,"Sunny","No",40.04
2327,"Bike","Expressway",64.62,10.32,"Medium",136,"Rainy","No",17.7
2328,"Truck","Bridge",34.71,8.61,"High",198,"Foggy","No",57.42
2329,"Bike","Main Road",68.1,2.77,"Low",142,"Sunny","No",35.1
2330,"Van","Main Road",39.41,13.34,"Low",24,"Foggy","No",58.71
2331,"Bike","Rural Road",79.87,16.01,"High",184,"Cloudy","No",17.49
2332,"Auto","Junction",78.48,6.23,"Low",32,"Sunny","No",55.07
2333,"Van","Street",71.74,24.74,"Low",136,"Sunny","No",59.31
2334,"Van","Bridge",105.56,29.9,"Medium",29,"Cloudy","No",48.51
2335,"Truck","Street",98.57,20.65,"High",27,"Foggy","Yes",44.13
2336,"Bus","Highway",24.04,19.47,"Low",69,"Rainy","No",20.57
2337,"Truck","Junction",55.65,28.73,"Medium",13,"Sunny","No",7.67
2338,"Auto","Bridge",107.97,29.46,"High",194,"Rainy","No",30.05
2339,"Bike","Highway",37.87,29.8,"Medium",80,"Cloudy","No",11.53
2340,"Bike","Highway",28.71,10.88,"High",170,"Cloudy","No",43.62
2341,"Truck","Bridge",113.05,22.29,"Low",99,"Rainy","No",39.99
2342,"Auto","Rural Road",32.64,14.68,"Low",126,"Sunny","No",59.13
2343,"Bike","Junction",43.03,13.44,"Low",128,"Cloudy","No",28.33
2344,"Bus","Highway",106.47,2.58,"Medium",71,"Rainy","No",13.65
2345,"Bike","Rural Road",81.35,27.04,"Low",44,"Foggy","No",42.03
2346,"Car","Junction",48.76,15.05,"Low",30,"Cloudy","No",20.02
2347,"Bus","City Road",23.14,23.4,"Low",49,"Foggy","No",20.44
2348,"Car","Rural Road",98.45,5.5,"High",66,"Foggy","No",7.46
2349,"Car","Bridge",45.99,29.51,"High",134,"Foggy","No",0.05
2350,"Auto","Street",103.78,22.49,"High",182,"Cloudy","No",32.19
2351,"Auto","Main Road",119.23,19.43,"High",48,"Sunny","Yes",11.73
2352,"Truck","Expressway",106.94,8.15,"High",121,"Rainy","No",8.38
2353,"Auto","City Road",73.64,13.61,"Low",80,"Cloudy","No",3.26
2354,"Van","City Road",57.14,6.5,"Medium",70,"Foggy","No",39.39
2355,"Auto","Bridge",99.29,24.2,"Low",152,"Foggy","No",30.01
2356,"Truck","Highway",83.96,19.99,"Low",62,"Foggy","No",30.07
2357,"Auto","Street",90.65,18.04,"High",128,"Sunny","No",54.38
2358,"Van","City Road",70.19,11.5,"Low",143,"Sunny","No",31.9
2359,"Car","Expressway",27.78,20.06,"Medium",138,"Foggy","No",19.14
2360,"Van","City Road",98.74,27.29,"High",190,"Rainy","No",32.51
2361,"Bus","Highway",100.49,27.41,"Medium",19,"Cloudy","No",26.24
2362,"Bike","Rural Road",64.08,24.28,"Low",59,"Cloudy","No",49.37
2363,"Truck","Highway",35.35,3.96,"Medium",24,"Foggy","No",10.9
2364,"Van","City Road",117.36,1.67,"Medium",197,"Cloudy","No",18.97
2365,"Auto","Bridge",96.2,8.98,"High",43,"Rainy","No",42.17
2366,"Truck","City Road",114.86,4.81,"Medium",83,"Cloudy","No",11.24
2367,"Auto","Street",31.4,7.86,"High",18,"Foggy","No",30.79
2368,"Truck","Highway",107.83,11.16,"Low",57,"Foggy","No",53.17
2369,"Bike","Highway",68.74,6.23,"Low",114,"Cloudy","No",33.29
2370,"Car","City Road",109.11,13.5,"High",113,"Foggy","Yes",40.75
2371,"Bus","Main Road",90.2,16.16,"High",97,"Rainy","No",21.54
2372,"Bike","Street",118.91,21.8,"Medium",200,"Sunny","No",8.18
2373,"Bus","Main Road",57.22,10.2,"High",45,"Cloudy","No",12.3
2374,"Bike","Street",83.16,8.2,"High",63,"Sunny","No",19.43
2375,"Bike","Expressway",64.25,22.84,"Low",105,"Rainy","No",58.54
2376,"Bus","Street",49.09,19.01,"Low",93,"Cloudy","No",23.1
2377,"Van","Junction",91.67,27.13,"High",198,"Rainy","No",47.53
2378,"Van","Main Road",28.68,20.68,"Low",64,"Foggy","No",4.67
2379,"Truck","Main Road",96.43,8.18,"High",84,"Sunny","No",14.28
2380,"Bike","Rural Road",94.91,4.11,"Low",66,"Rainy","Yes",9.99
2381,"Bus","Main Road",113.55,20.15,"High",25,"Foggy","No",12.35
2382,"Van","Rural Road",63.27,16.13,"High",170,"Rainy","Yes",57.28
2383,"Bike","Junction",119.76,19.09,"Low",18,"Sunny","No",55.72
2384,"Truck","Rural Road",74.98,1.33,"Medium",151,"Cloudy","No",50.14
2385,"Van","Main Road",65.51,6.09,"High",155,"Cloudy","No",47.9
2386,"Auto","Main Road",84.34,26.5,"Low",58,"Cloudy","Yes",19.49
2387,"Bus","Junction",110.82,18.43,"Medium",157,"Sunny","No",8.08
2388,"Van","Rural Road",37.97,14.95,"Medium",80,"Cloudy","No",40.94
2389,"Van","Bridge",95.57,7.27,"High",182,"Sunny","No",13.62
2390,"Bike","Expressway",88.5,29.87,"Medium",169,"Foggy","Yes",11.93
2391,"Car","Highway",72.79,5.17,"Low",83,"Rainy","No",13.47
2392,"Bike","Main Road",62.51,8.95,"High",196,"Foggy","No",13.48
2393,"Auto","Junction",67.89,1.97,"Low",36,"Cloudy","No",36.86
2394,"Bike","Expressway",104.47,2.68,"High",39,"Sunny","No",0.69
2395,"Truck","Street",35.95,28.74,"Medium",191,"Rainy","No",31.56
2396,"Car","City Road",80.2,28.14,"Medium",53,"Sunny","No",10.63
2397,"Bus","Bridge",103.92,14.04,"High",57,"Sunny","No",14.95
2398,"Auto","City Road",57.79,14.44,"Medium",42,"Foggy","No",4.01
2399,"Auto","Rural Road",105.01,11.71,"Low",39,"Sunny","No",35.12
2400,"Auto","Rural Road",72.46,25.5,"Low",154,"Sunny","No",19.67
2401,"Auto","Expressway",50.79,27.79,"Medium",173,"Sunny","No",6.52
2402,"Van","Rural Road",108.59,23.69,"High",111,"Sunny","No",38.21
2403,"Bike","City Road",31.48,29.52,"Medium",16,"Foggy","No",40.21
2404,"Van","Highway",51.42,19.12,"Low",191,"Sunny","No",34.56
2405,"Truck","Street",71.21,7.82,"Medium",68,"Cloudy","No",43.77
2406,"Bike","Street",92.6,28.6,"Low",33,"Rainy","No",35.13
2407,"Truck","Expressway",106.8,4.25,"Low",150,"Rainy","No",48.18
2408,"Van","City Road",46.09,24.22,"Low",22,"Sunny","No",34.77
2409,"Car","Bridge",115.91,14.6,"Low",183,"Sunny","No",43.85
2410,"Bike","Street",119.16,1.68,"High",74,"Sunny","No",46.66
2411,"Bike","Expressway",48.89,3.12,"High",75,"Cloudy","No",38.21
2412,"Bike","Highway",107.78,13.93,"Medium",39,"Sunny","No",37.92
2413,"Van","Rural Road",65.22,8.75,"Low",178,"Sunny","No",45.34
2414,"Bike","City Road",59.45,29.01,"Medium",156,"Rainy","No",44.86
2415,"Truck","Street",115.67,14.32,"High",16,"Foggy","No",7.14
2416,"Van","Expressway",105.28,22.75,"Low",167,"Rainy","No",37.43
2417,"Van","Expressway",54.35,9.7,"Low",97,"Sunny","No",32.49
2418,"Bus","Main Road",39.44,17.08,"High",112,"Cloudy","No",46.38
2419,"Bus","Expressway",35.62,28.67,"Low",188,"Foggy","No",58.28
2420,"Van","Bridge",94.15,25.59,"Medium",161,"Sunny","No",37.54
2421,"Truck","Rural Road",83.64,18.18,"Medium",158,"Sunny","No",39.33
2422,"Van","Bridge",22.1,1.76,"High",133,"Foggy","No",8.43
2423,"Truck","Junction",119.13,16.92,"Medium",114,"Sunny","No",5.86
2424,"Auto","Rural Road",34.7,22.4,"High",66,"Cloudy","No",7.43
2425,"Car","Expressway",42.6,28.63,"High",124,"Rainy","No",20.99
2426,"Van","Highway",88.15,1.18,"Low",69,"Sunny","No",13.51
2427,"Car","Expressway",51.81,28.1,"Medium",194,"Cloudy","No",54.99
2428,"Bike","Junction",117.38,23.16,"High",179,"Cloudy","No",50.48
2429,"Truck","Main Road",65.86,11.89,"Medium",60,"Foggy","No",19.4
2430,"Bus","Highway",105.27,1.88,"High",27,"Sunny","No",30.22
2431,"Bike","Expressway",72.36,15.64,"High",57,"Foggy","No",53.53
2432,"Auto","Junction",81.34,16.89,"Low",167,"Foggy","No",10.58
2433,"Bus","Main Road",54.87,5.88,"Medium",113,"Rainy","No",20.47
2434,"Bus","Bridge",100.67,22.19,"High",13,"Foggy","No",50.59
2435,"Truck","Expressway",88.38,8.14,"Medium",196,"Rainy","No",41.75
2436,"Bus","City Road",38.04,21.3,"Low",170,"Rainy","No",47.8
2437,"Truck","City Road",45.59,3.15,"High",61,"Rainy","No",32.47
2438,"Van","Bridge",92.24,24.92,"High",37,"Rainy","No",56.61
2439,"Van","Street",64.64,22.56,"Medium",182,"Cloudy","No",21.36
2440,"Bike","City Road",20.06,14.48,"High",110,"Cloudy","No",37.62
2441,"Bike","Street",95.05,12.89,"Low",21,"Rainy","No",13.47
2442,"Car","Junction",89.64,16.82,"High",120,"Rainy","No",45.01
2443,"Bike","Rural Road",75.25,21.68,"Low",143,"Sunny","No",15.94
2444,"Auto","Street",75.19,12.41,"Medium",22,"Foggy","No",13.87
2445,"Bike","Bridge",95.48,13.07,"Medium",71,"Cloudy","Yes",21.11
2446,"Bus","Bridge",68.8,7.04,"Medium",108,"Foggy","No",51.67
2447,"Van","Expressway",28.22,3.08,"Low",196,"Sunny","No",12.47
2448,"Truck","Bridge",53.39,7.17,"Medium",127,"Foggy","No",34.67
2449,"Van","Rural Road",40.32,5.19,"High",84,"Foggy","No",46.67
2450,"Bike","Bridge",59.3,4.11,"High",160,"Cloudy","No",56.94
2451,"Bike","Rural Road",63.85,23.39,"High",190,"Foggy","No",28.85
2452,"Bike","Junction",89.98,27.11,"Low",192,"Sunny","No",2.04
2453,"Bus","Junction",25.77,7.44,"Medium",152,"Rainy","No",53.87
2454,"Bus","Rural Road",23.38,14.59,"Low",138,"Sunny","No",17.13
2455,"Van","Main Road",77.56,3.24,"Medium",107,"Cloudy","No",33.93
2456,"Bus","City Road",59.1,12.37,"Medium",199,"Foggy","No",40.71
2457,"Bus","City Road",102.16,2.53,"High",181,"Cloudy","No",7.19
2458,"Truck","Expressway",98.04,14.45,"Medium",113,"Rainy","No",27.43
2459,"Car","Main Road",64.78,9.01,"Low",187,"Sunny","No",35.11
2460,"Auto","Main Road",30.71,1.21,"Medium",104,"Rainy","No",24.18
2461,"Auto","Street",25.05,19.41,"Medium",92,"Rainy","Yes",23.41
2462,"Car","Highway",40.66,15.91,"Medium",141,"Sunny","No",27.39
2463,"Auto","Main Road",60.21,11.57,"Medium",170,"Rainy","No",43.59
2464,"Car","Junction",79.52,19.18,"Low",42,"Rainy","No",0.22
2465,"Car","Bridge",29.68,9.63,"Low",44,"Foggy","No",55.68
2466,"Auto","Junction",39.74,26.1,"Medium",64,"Rainy","No",48.84
2467,"Van","Highway",59.54,14.73,"High",127,"Foggy","No",11.45
2468,"Bike","Main Road",52.31,13.42,"Medium",200,"Sunny","Yes",35.13
2469,"Van","Junction",28.06,16.42,"High",86,"Cloudy","No",16.19
2470,"Van","Bridge",65.75,3.87,"High",77,"Foggy","No",3.45
2471,"Bus","Street",22.05,24.97,"Low",110,"Sunny","No",11.12
2472,"Bike","Bridge",76.43,29.32,"High",82,"Foggy","Yes",10.08
2473,"Car","Highway",100.28,16.25,"High",67,"Cloudy","Yes",50.22
2474,"Truck","City Road",32.29,27.33,"Medium",146,"Foggy","No",7.56
2475,"Truck","Expressway",80.25,13.99,"Low",27,"Sunny","No",42.94
2476,"Truck","Junction",69.75,12.15,"High",168,"Rainy","No",21.13
2477,"Bus","Expressway",32.22,11.32,"High",138,"Sunny","No",58.96
2478,"Bike","Highway",70.2,23.76,"Low",28,"Foggy","No",49.56
2479,"Truck","Junction",27.9,5.55,"Medium",98,"Cloudy","No",51.01
2480,"Van","Bridge",61.23,9.52,"Low",179,"Sunny","No",7.12
2481,"Car","Rural Road",30.97,14.05,"Medium",182,"Foggy","No",44.86
2482,"Auto","Rural Road",112.82,3.83,"Medium",157,"Foggy","No",54.01
2483,"Van","Rural Road",49.57,3.55,"Low",157,"Cloudy","No",34.05
2484,"Van","Street",64.48,14.61,"Medium",135,"Cloudy","No",2.41
2485,"Bus","Highway",108.52,27.93,"Medium",21,"Rainy","No",56.71
2486,"Auto","Expressway",65.99,8.33,"Medium",173,"Rainy","No",56.46
2487,"Auto","Expressway",84.79,17.84,"Low",131,"Rainy","Yes",55.11
2488,"Truck","Rural Road",101.59,2.55,"Low",137,"Foggy","No",20.22
2489,"Auto","Rural Road",36.92,1.8,"Low",45,"Cloudy","No",28.28
2490,"Bike","Bridge",87.91,4.41,"Low",194,"Foggy","Yes",59.88
2491,"Auto","Junction",103.59,3.94,"High",33,"Rainy","No",0.88
2492,"Truck","Bridge",117.29,4.25,"High",40,"Foggy","Yes",13.94
2493,"Van","Junction",28.21,23,"Low",139,"Foggy","No",5
2494,"Auto","Junction",64.03,14.5,"Low",190,"Rainy","No",15.88
2495,"Bike","Expressway",115.33,1.32,"High",60,"Foggy","No",8.28
2496,"Bus","Expressway",29.28,22.59,"High",196,"Sunny","No",19.43
2497,"Van","Street",60.11,22.85,"High",77,"Foggy","No",25.38
2498,"Car","City Road",27.13,18.76,"Medium",49,"Foggy","No",10.03
2499,"Van","Bridge",112.4,18.94,"Medium",16,"Rainy","No",49.26
2500,"Auto","Highway",83.84,27.11,"Medium",85,"Foggy","No",24.04
2501,"Auto","Highway",35.46,7.86,"Low",150,"Sunny","No",33.93
2502,"Truck","Rural Road",115.64,18.11,"Medium",33,"Foggy","No",12.69
2503,"Bike","Main Road",68.79,9.16,"High",43,"Cloudy","No",4.19
2504,"Car","City Road",33.89,29.35,"Medium",143,"Sunny","No",41.25
2505,"Bus","Main Road",50.49,3.81,"High",199,"Cloudy","No",35.1
2506,"Van","Rural Road",60.66,13.12,"High",129,"Rainy","No",24.62
2507,"Truck","City Road",83.34,4.43,"High",62,"Rainy","No",46.8
2508,"Bus","Main Road",61.7,5.57,"Medium",160,"Rainy","No",20.44
2509,"Truck","City Road",36.59,11.25,"Medium",96,"Foggy","No",24.64
2510,"Bike","Rural Road",108.82,18.6,"Low",113,"Sunny","No",34.55
2511,"Bus","Street",31.03,3.06,"Medium",145,"Cloudy","No",38.84
2512,"Truck","City Road",34.95,6.36,"Low",65,"Rainy","No",15.77
2513,"Bike","Street",37.11,12.13,"Low",150,"Rainy","No",41.93
2514,"Bus","Expressway",117.49,22.75,"Medium",12,"Rainy","No",0.04
2515,"Bike","City Road",116.13,9.31,"Medium",196,"Rainy","Yes",11.84
2516,"Van","Expressway",34.38,2.85,"Medium",152,"Rainy","Yes",16.54
2517,"Bus","Main Road",79.49,17.27,"Low",133,"Rainy","No",28.11
2518,"Auto","Junction",46.69,18.64,"Medium",127,"Sunny","No",11.58
2519,"Car","Bridge",104.82,21.09,"Low",113,"Foggy","No",6.7
2520,"Truck","Street",53.97,22.43,"Medium",52,"Sunny","No",13.75
2521,"Truck","Expressway",42.3,18.46,"High",199,"Foggy","No",31.66
2522,"Bike","Street",103.3,26.46,"Low",14,"Rainy","No",35.33
2523,"Auto","Highway",65.57,22.19,"Low",129,"Sunny","No",28.33
2524,"Bike","Rural Road",59.76,8.52,"Medium",199,"Cloudy","No",7.05
2525,"Bus","Main Road",66.33,17.34,"Medium",32,"Cloudy","No",26.77
2526,"Bike","Main Road",23.47,12.22,"Medium",96,"Foggy","No",56.98
2527,"Van","Street",59.14,8.57,"High",33,"Rainy","No",53.09
2528,"Bike","Bridge",108.1,12.06,"Medium",83,"Cloudy","No",45.34
2529,"Bus","Rural Road",64.48,12.82,"High",23,"Cloudy","No",59.03
2530,"Auto","Bridge",70.77,16.92,"Medium",96,"Cloudy","Yes",27.06
2531,"Bus","Junction",81.63,27.47,"Medium",14,"Rainy","No",28.4
2532,"Bike","City Road",92.76,15.17,"Low",145,"Foggy","No",15.82
2533,"Van","City Road",41.41,28.4,"High",65,"Sunny","No",35.98
2534,"Auto","Rural Road",112.09,21.66,"Low",69,"Rainy","No",47.21
2535,"Bus","Junction",97.94,20.62,"Medium",55,"Rainy","No",53.24
2536,"Truck","Rural Road",59.15,6.86,"Medium",100,"Foggy","No",38.56
2537,"Car","Highway",116.37,5.31,"Medium",187,"Rainy","No",9.54
2538,"Bus","Junction",30.2,28.64,"Low",144,"Foggy","Yes",9.58
2539,"Bus","Junction",67.59,19.25,"High",166,"Sunny","No",17.66
2540,"Auto","Street",22.88,2.42,"Medium",152,"Cloudy","No",53.48
2541,"Car","City Road",89.84,26.77,"High",113,"Cloudy","No",15.86
2542,"Bus","Main Road",58.34,12.21,"Low",49,"Rainy","No",47.34
2543,"Truck","Expressway",78.34,4.93,"Medium",152,"Cloudy","No",16.11
2544,"Bike","Expressway",32.36,18.9,"Medium",138,"Foggy","No",24.32
2545,"Bus","Rural Road",68.53,26.16,"Medium",76,"Cloudy","No",47.61
2546,"Bus","Rural Road",83.92,19.33,"Medium",13,"Sunny","No",34.32
2547,"Car","Junction",87.29,2.8,"High",98,"Sunny","No",19.81
2548,"Car","Junction",33.73,20.29,"Low",46,"Cloudy","Yes",27.23
2549,"Truck","Bridge",67.71,13.16,"High",152,"Cloudy","No",5.09
2550,"Bike","Street",28.24,19.02,"High",101,"Sunny","No",25.86
2551,"Bike","Bridge",39.23,27.39,"Low",115,"Sunny","Yes",17.62
2552,"Van","Rural Road",107.07,20.22,"Medium",128,"Cloudy","No",29.35
2553,"Bike","City Road",66.46,15.91,"High",163,"Cloudy","No",57.98
2554,"Car","Rural Road",66.52,2.48,"Medium",183,"Rainy","No",18.8
2555,"Bike","City Road",108.82,22.81,"Medium",24,"Foggy","No",45.16
2556,"Car","Highway",113.72,28.15,"Medium",190,"Cloudy","No",5.94
2557,"Car","City Road",91.56,14.15,"High",171,"Cloudy","No",3.61
2558,"Van","City Road",65.11,6.83,"Low",88,"Foggy","Yes",42.4
2559,"Van","City Road",85.37,7.26,"High",139,"Sunny","No",27.05
2560,"Truck","Rural Road",41.12,14.53,"Medium",15,"Sunny","No",43.08
2561,"Bus","Bridge",65.47,27.28,"Low",85,"Foggy","No",22.8
2562,"Car","Highway",72.55,20.14,"Medium",73,"Cloudy","No",11.67
2563,"Car","Junction",90.98,19.47,"Low",17,"Foggy","No",42.32
2564,"Bus","Street",90.88,18.7,"High",171,"Sunny","No",52.44
2565,"Auto","Street",22.12,10.06,"Low",33,"Sunny","No",25.13
2566,"Car","Bridge",77.11,28.85,"High",164,"Foggy","No",3.83
2567,"Auto","Junction",67.26,4.02,"High",151,"Sunny","No",8.5
2568,"Auto","Main Road",80.99,11.49,"Low",136,"Foggy","No",6.6
2569,"Auto","Highway",26.71,19.06,"Low",15,"Rainy","No",37.98
2570,"Auto","Junction",36.39,2.97,"High",91,"Cloudy","No",55.04
2571,"Truck","City Road",54.26,11.05,"High",31,"Sunny","No",57.48
2572,"Car","Highway",36.96,25.71,"High",148,"Cloudy","No",28.93
2573,"Bus","Rural Road",28.07,23.19,"Low",112,"Cloudy","Yes",34.62
2574,"Truck","City Road",66.24,24.12,"High",133,"Rainy","No",59.09
2575,"Bike","Highway",109.75,25.4,"Medium",178,"Foggy","No",51.22
2576,"Van","Highway",39.78,5.25,"Low",18,"Sunny","No",1.52
2577,"Bike","Highway",44.55,29.07,"Medium",101,"Foggy","No",35.22
2578,"Bus","Main Road",88.03,6.02,"High",92,"Foggy","No",18.16
2579,"Car","Rural Road",51.25,15.58,"Medium",48,"Sunny","No",14.89
2580,"Bus","Expressway",66.11,21.59,"High",146,"Sunny","No",44.9
2581,"Car","Highway",109.16,17.35,"Medium",140,"Foggy","No",8.12
2582,"Car","Rural Road",63.6,24.9,"Low",38,"Cloudy","No",47.58
2583,"Truck","City Road",99.2,11.04,"Low",117,"Rainy","No",1.99
2584,"Bike","Highway",65.44,12.23,"Low",151,"Sunny","No",22.53
2585,"Van","Main Road",56.6,7.93,"High",80,"Sunny","Yes",46.44
2586,"Van","Junction",40.87,19.36,"Low",166,"Foggy","No",46.94
2587,"Car","Street",22.17,1.26,"High",94,"Rainy","No",58.69
2588,"Car","Junction",104.95,16.14,"High",139,"Sunny","No",52.78
2589,"Truck","Highway",99.87,4.31,"Medium",40,"Foggy","No",39.79
2590,"Truck","Main Road",72.41,3.93,"Low",188,"Sunny","No",35.34
2591,"Car","Junction",55.44,22.4,"High",134,"Cloudy","No",48.9
2592,"Bus","Rural Road",58.62,4.69,"High",116,"Cloudy","No",56.66
2593,"Bike","City Road",44.01,28.56,"Medium",65,"Sunny","No",58.79
2594,"Auto","Street",104.18,26.43,"Low",120,"Foggy","No",28.36
2595,"Van","Main Road",49.49,3.4,"Medium",22,"Rainy","No",41.78
2596,"Bike","Junction",77.46,12.23,"High",41,"Rainy","No",24.74
2597,"Auto","Junction",33.15,23.4,"High",174,"Cloudy","No",23.63
2598,"Bike","City Road",112.9,8.65,"Low",169,"Foggy","No",57.92
2599,"Van","Street",27.8,10.65,"High",39,"Sunny","No",59
2600,"Bus","Main Road",22.16,13.08,"High",57,"Sunny","No",23.99
2601,"Auto","Main Road",35.57,23.78,"Low",95,"Rainy","No",3.37
2602,"Bus","Highway",33,1,"High",141,"Sunny","Yes",13.45
2603,"Van","Street",106.06,28.82,"High",13,"Foggy","No",46.78
2604,"Van","Junction",88.3,2.34,"Low",170,"Sunny","Yes",30.21
2605,"Car","Expressway",34.79,5.89,"Medium",104,"Cloudy","No",18.2
2606,"Van","Bridge",49.56,28.59,"Low",123,"Rainy","No",1.75
2607,"Auto","Expressway",57.3,1.54,"High",160,"Rainy","No",14.78
2608,"Truck","Rural Road",94.24,7.29,"Low",108,"Sunny","No",27.62
2609,"Truck","Junction",90,12.11,"Low",83,"Foggy","No",18.4
2610,"Bus","Main Road",85.24,28.49,"High",141,"Foggy","No",12.62
2611,"Van","Junction",87.21,22.9,"Medium",189,"Cloudy","No",19.09
2612,"Bike","Main Road",44.6,4.95,"Low",116,"Foggy","No",52.95
2613,"Bike","Highway",22.56,25.04,"Medium",57,"Cloudy","No",24.54
2614,"Bike","Main Road",116.14,23.6,"Medium",188,"Cloudy","No",51.5
2615,"Car","Junction",112.81,20.93,"Low",93,"Sunny","Yes",40.58
2616,"Bus","Main Road",99.56,26.83,"Medium",84,"Rainy","No",51.07
2617,"Bike","Expressway",77.06,13.97,"Low",120,"Cloudy","No",26.13
2618,"Bus","Rural Road",42.66,10.14,"High",96,"Sunny","No",14.55
2619,"Bus","Main Road",104.13,29.97,"Low",142,"Rainy","Yes",18.71
2620,"Auto","Rural Road",43.24,27.27,"High",134,"Cloudy","No",39.66
2621,"Truck","Junction",37.43,25.11,"Medium",75,"Rainy","No",38.55
2622,"Bus","City Road",82.67,18.7,"High",79,"Rainy","No",13.61
2623,"Bike","Bridge",52.7,11.17,"High",23,"Rainy","Yes",0.25
2624,"Bike","Bridge",22.71,25.55,"Medium",185,"Foggy","No",8.47
2625,"Auto","Junction",59.4,17.52,"High",113,"Rainy","No",7.69
2626,"Auto","Main Road",56.03,25.88,"High",24,"Rainy","No",16.09
2627,"Van","Junction",94.28,23.9,"High",75,"Foggy","No",39.41
2628,"Bus","City Road",54.05,17.28,"Medium",147,"Rainy","No",57.84
2629,"Car","Expressway",31.1,20.6,"High",194,"Rainy","No",18.34
2630,"Auto","Rural Road",59.16,10.37,"Low",167,"Foggy","No",56.33
2631,"Truck","Junction",51.59,15.21,"Medium",130,"Foggy","Yes",32.57
2632,"Auto","Expressway",119.48,2.64,"Medium",194,"Cloudy","No",38.26
2633,"Van","Highway",93.41,17.7,"High",96,"Rainy","No",18.92
2634,"Truck","Bridge",54.95,5.4,"High",23,"Foggy","No",54.17
2635,"Bus","Highway",106.31,20.84,"High",138,"Sunny","No",37.5
2636,"Truck","Main Road",101.28,18.51,"High",26,"Sunny","No",26.07
2637,"Car","Junction",38.27,9.05,"Low",93,"Foggy","No",56.7
2638,"Bike","Bridge",25.42,23.68,"High",133,"Cloudy","No",50.08
2639,"Bus","Rural Road",112.1,12.6,"High",131,"Sunny","No",9.25
2640,"Truck","Junction",25.72,4.61,"Low",119,"Cloudy","Yes",21.81
2641,"Bike","Main Road",64.73,23.82,"Medium",19,"Rainy","Yes",10.98
2642,"Van","Expressway",108.76,14.84,"High",168,"Sunny","No",38.8
2643,"Van","Rural Road",62.37,10.76,"Medium",44,"Sunny","No",5.2
2644,"Bus","Main Road",69.9,4.34,"Medium",170,"Sunny","Yes",21.03
2645,"Bike","Junction",94.96,22.37,"Medium",160,"Rainy","No",9.86
2646,"Car","Bridge",58.44,25.41,"Medium",137,"Sunny","Yes",22.76
2647,"Auto","Expressway",100.95,4.85,"High",61,"Cloudy","No",48.9
2648,"Van","Rural Road",46.05,17.13,"Medium",190,"Sunny","No",56.79
2649,"Bus","Main Road",42.41,24.74,"Medium",184,"Cloudy","No",45.61
2650,"Van","Main Road",54.61,7.71,"Low",32,"Rainy","No",49
2651,"Bike","Junction",100.64,27.04,"High",117,"Rainy","No",29.23
2652,"Bus","Junction",40.58,22.82,"Low",150,"Cloudy","No",26.79
2653,"Bus","Junction",37.13,10.41,"Medium",58,"Cloudy","No",49.21
2654,"Car","Bridge",52.24,10.87,"High",128,"Cloudy","No",38.01
2655,"Car","Bridge",99.91,2.64,"High",164,"Sunny","No",15.21
2656,"Truck","Street",88.4,13.69,"Low",198,"Sunny","No",41.7
2657,"Bike","Rural Road",49.79,18.97,"High",168,"Sunny","No",18.8
2658,"Truck","Main Road",41,8.48,"High",58,"Rainy","No",51.74
2659,"Bus","Street",41.57,18.3,"Medium",197,"Rainy","No",12.11
2660,"Van","Junction",109.02,27.6,"Low",20,"Sunny","No",48.47
2661,"Bike","Expressway",105.52,2.74,"Medium",25,"Rainy","No",15.54
2662,"Truck","Bridge",51.39,27.81,"High",101,"Rainy","No",22.92
2663,"Car","Expressway",88.09,22.02,"Low",113,"Sunny","No",49.68
2664,"Truck","Rural Road",23.29,25.08,"Low",136,"Rainy","No",46.88
2665,"Van","Expressway",31.16,1.61,"High",117,"Foggy","No",47.17
2666,"Bike","Expressway",65.21,8.97,"Low",172,"Cloudy","Yes",57.54
2667,"Car","Street",100.79,7.43,"High",155,"Foggy","No",21.42
2668,"Truck","Expressway",89.05,5.8,"High",87,"Rainy","Yes",27.12
2669,"Bus","Main Road",59.46,28.56,"High",55,"Cloudy","No",31.47
2670,"Bus","City Road",100.37,6.66,"High",17,"Rainy","No",44.74
2671,"Bike","Highway",91.51,23.7,"High",61,"Foggy","No",58.82
2672,"Auto","Street",24.64,28.4,"Low",192,"Foggy","No",11.26
2673,"Auto","City Road",87.62,16.74,"Medium",29,"Cloudy","No",16.55
2674,"Van","Highway",55.07,18.49,"High",114,"Rainy","No",44.84
2675,"Auto","City Road",36.6,1.07,"Low",56,"Rainy","No",40.57
2676,"Auto","Street",108.62,23.61,"High",52,"Foggy","No",35.6
2677,"Bike","Highway",65.43,16.47,"High",12,"Cloudy","Yes",49.1
2678,"Bike","City Road",100.64,21.12,"High",102,"Rainy","No",27.23
2679,"Auto","Expressway",69.06,5.14,"Low",176,"Sunny","No",11.57
2680,"Bike","Bridge",95.84,22.36,"High",67,"Cloudy","No",25.64
2681,"Car","Junction",53.21,15.98,"High",62,"Sunny","No",29.33
2682,"Car","Rural Road",51.19,16.19,"High",98,"Rainy","No",26.49
2683,"Bus","Street",22.31,16.97,"Low",27,"Rainy","No",41.79
2684,"Bike","City Road",42.89,11.8,"Medium",148,"Cloudy","No",9.07
2685,"Van","City Road",50.58,20.59,"Low",13,"Cloudy","No",3.82
2686,"Bus","Rural Road",73.9,8.59,"Medium",37,"Foggy","No",42.83
2687,"Bike","Junction",88.8,12.04,"Medium",114,"Sunny","No",41.48
2688,"Van","City Road",89.88,26,"High",106,"Foggy","No",33.42
2689,"Auto","Main Road",103.3,13.74,"Low",12,"Rainy","No",55.32
2690,"Auto","Street",56.2,28.47,"High",110,"Cloudy","Yes",23.81
2691,"Truck","Junction",107.39,10.08,"Low",100,"Rainy","No",12.22
2692,"Bus","Highway",64.74,9.41,"High",136,"Foggy","No",27.52
2693,"Bus","Rural Road",96.23,16.95,"Low",79,"Foggy","No",34.02
2694,"Auto","Rural Road",102.46,9.41,"Medium",119,"Rainy","No",18.99
2695,"Car","Bridge",62.01,8.46,"High",195,"Rainy","No",39.81
2696,"Bus","City Road",97.05,15.5,"Low",160,"Rainy","No",50.49
2697,"Bus","Street",56.48,22.1,"Low",173,"Sunny","Yes",56.72
2698,"Truck","Street",62.66,13.57,"Low",109,"Rainy","No",16.88
2699,"Car","Street",48.07,5.92,"High",42,"Cloudy","No",44.68
2700,"Van","Rural Road",44.07,8.97,"High",150,"Foggy","No",42.15
2701,"Auto","Highway",102.61,3.76,"Low",149,"Cloudy","Yes",52.75
2702,"Bus","City Road",98.83,15.7,"Low",44,"Rainy","No",15.61
2703,"Auto","Main Road",47.31,14.5,"High",125,"Sunny","No",46.88
2704,"Bus","Highway",70,27.89,"Medium",67,"Cloudy","No",40.41
2705,"Van","Junction",78.06,10.39,"High",17,"Sunny","No",56.2
2706,"Bike","Junction",60.98,19.18,"Low",168,"Cloudy","No",7.77
2707,"Truck","Rural Road",102.34,20.53,"High",132,"Sunny","No",16.39
2708,"Auto","Main Road",93.7,22.42,"Medium",106,"Foggy","No",0.28
2709,"Bike","Main Road",84.02,2.83,"High",53,"Rainy","Yes",59.65
2710,"Bus","Street",66.41,2.71,"High",54,"Cloudy","No",45.1
2711,"Car","Rural Road",77.41,18.49,"High",73,"Rainy","No",53.19
2712,"Van","Rural Road",116.31,25.14,"Medium",152,"Foggy","No",10.25
2713,"Van","Expressway",53.73,25.25,"Low",169,"Foggy","Yes",21.6
2714,"Van","Expressway",30.22,9.29,"Low",10,"Rainy","No",35.89
2715,"Truck","Rural Road",32.18,6.39,"Low",97,"Foggy","Yes",46.66
2716,"Bike","Bridge",28.62,15.59,"High",60,"Rainy","No",49.63
2717,"Bus","Street",59.1,23.66,"Low",173,"Rainy","No",44.16
2718,"Truck","City Road",29.37,16.18,"Low",141,"Cloudy","No",16.7
2719,"Auto","Highway",39.59,24.08,"Low",187,"Rainy","No",20.29
2720,"Car","Rural Road",116.71,4.33,"High",165,"Sunny","Yes",3.24
2721,"Bike","City Road",75.54,21.95,"High",116,"Rainy","No",45.65
2722,"Bus","Rural Road",50.86,4.68,"Low",83,"Sunny","Yes",42.14
2723,"Van","Bridge",71.26,4.94,"High",157,"Sunny","No",11.37
2724,"Truck","Expressway",82.98,8.88,"Low",85,"Sunny","No",25.13
2725,"Bus","Junction",56.82,11.93,"High",87,"Rainy","Yes",42.25
2726,"Bus","Junction",29.18,10.75,"Low",17,"Foggy","No",47.8
2727,"Car","Street",91.9,19.19,"Low",159,"Rainy","Yes",21
2728,"Bus","Street",45.08,28.48,"Medium",176,"Rainy","No",5.55
2729,"Van","Street",112.71,3.18,"High",124,"Sunny","No",46.81
2730,"Auto","Rural Road",80.07,17.64,"Medium",51,"Sunny","No",19.46
2731,"Van","Junction",72.21,6.76,"High",125,"Rainy","No",42.85
2732,"Van","Street",98.71,12.92,"Medium",27,"Sunny","No",15.22
2733,"Truck","City Road",90.58,20.89,"High",84,"Rainy","Yes",13.11
2734,"Auto","Highway",113.59,21.19,"Medium",25,"Cloudy","No",55.2
2735,"Car","Expressway",35.24,25.9,"Medium",150,"Cloudy","No",5.88
2736,"Car","Rural Road",53.76,4.58,"Medium",179,"Cloudy","No",18.95
2737,"Bus","Expressway",66.02,19.22,"Low",120,"Cloudy","No",6.67
2738,"Van","City Road",74.66,13.43,"High",192,"Sunny","No",50.98
2739,"Van","Rural Road",71.24,9.98,"High",37,"Cloudy","No",47.41
2740,"Van","Expressway",101.1,16.2,"Medium",148,"Cloudy","No",24.82
2741,"Auto","Bridge",87.67,8.62,"Low",28,"Cloudy","No",26.26
2742,"Bike","City Road",30.34,5.03,"Low",100,"Rainy","No",30.06
2743,"Bus","Street",84.97,29.21,"High",129,"Foggy","No",50.22
2744,"Bike","Expressway",63.72,20.33,"Low",162,"Rainy","No",43.04
2745,"Bike","City Road",76.9,11.64,"Low",132,"Foggy","No",20.21
2746,"Bike","Main Road",68.01,2.73,"Medium",128,"Foggy","No",41.71
2747,"Car","Main Road",85.23,22.91,"Medium",92,"Cloudy","No",50.27
2748,"Truck","Expressway",119.11,11.59,"Low",92,"Rainy","No",6
2749,"Bus","Rural Road",38.77,4.75,"High",25,"Cloudy","No",28.51
2750,"Bike","Bridge",62.3,15.41,"Medium",12,"Cloudy","No",23.89
2751,"Car","Expressway",77.57,5.56,"Low",122,"Sunny","Yes",36.5
2752,"Truck","City Road",80.03,23.53,"High",20,"Sunny","Yes",41.6
2753,"Bus","Highway",25.18,10.99,"Low",165,"Sunny","No",11.28
2754,"Van","Bridge",98.1,25.61,"Low",98,"Sunny","No",22.57
2755,"Auto","City Road",101.86,19.56,"Low",18,"Sunny","No",6.05
2756,"Bus","Main Road",41.36,21.67,"Medium",64,"Sunny","Yes",4.21
2757,"Bus","Expressway",95.3,24.38,"Medium",186,"Rainy","No",58.3
2758,"Auto","Junction",85.5,27.21,"Medium",162,"Foggy","No",30.83
2759,"Bike","Junction",68.03,15.6,"Low",108,"Sunny","No",53.32
2760,"Auto","Main Road",71.87,20.32,"Low",108,"Rainy","No",25.8
2761,"Truck","Highway",115.43,20.76,"High",189,"Cloudy","No",54.4
2762,"Bike","Main Road",33.37,26.62,"Medium",185,"Sunny","No",9.41
2763,"Auto","Main Road",49.18,14.36,"High",61,"Sunny","No",8.47
2764,"Truck","Rural Road",60.25,21.66,"High",122,"Foggy","No",23.98
2765,"Truck","Expressway",109.84,19.4,"Medium",12,"Rainy","No",14.36
2766,"Bus","Street",98.33,4.88,"High",138,"Rainy","No",30.5
2767,"Bike","Rural Road",95.84,3.17,"Low",134,"Foggy","No",2.75
2768,"Bus","Bridge",89.3,22.92,"High",53,"Sunny","No",14.41
2769,"Bike","Main Road",118.57,16.15,"High",68,"Sunny","No",54.27
2770,"Car","Rural Road",100.73,1.52,"Low",17,"Foggy","No",3.68
2771,"Truck","Main Road",109.78,13.13,"Low",28,"Foggy","No",31.81
2772,"Bus","Junction",55.76,26.58,"Low",163,"Foggy","Yes",10.85
2773,"Truck","Expressway",97.68,13.38,"Medium",53,"Foggy","No",14.08
2774,"Bike","Rural Road",32.64,14.68,"Medium",16,"Sunny","No",54.99
2775,"Bike","Junction",92,8.75,"Low",91,"Sunny","Yes",48.52
2776,"Bus","Main Road",96.99,16.58,"Low",181,"Foggy","No",52.8
2777,"Van","Bridge",90.33,28.78,"Medium",79,"Foggy","No",14.05
2778,"Van","Street",23.38,6.27,"High",166,"Foggy","No",14.2
2779,"Auto","Expressway",100.61,6.82,"Medium",74,"Cloudy","No",40.8
2780,"Bus","Bridge",37.86,27.87,"Low",171,"Rainy","No",3.9
2781,"Bike","Expressway",97.74,12.3,"Low",15,"Sunny","No",8.6
2782,"Auto","Highway",45.58,28.54,"Low",49,"Sunny","No",27.08
2783,"Van","Rural Road",108.5,6.84,"High",175,"Rainy","Yes",33.15
2784,"Truck","City Road",117.29,14.12,"High",145,"Rainy","No",57.36
2785,"Bus","Junction",64.42,12.36,"High",153,"Sunny","No",55.96
2786,"Auto","Highway",106.29,29.06,"Medium",77,"Rainy","No",4.85
2787,"Auto","Bridge",116.16,20.77,"High",57,"Cloudy","No",3.95
2788,"Truck","City Road",61.73,19.71,"Low",177,"Sunny","No",19.82
2789,"Car","City Road",68.98,1.38,"Low",89,"Rainy","No",45.77
2790,"Auto","Expressway",118.23,17.27,"Low",26,"Foggy","No",36.42
2791,"Bike","Bridge",29.58,13.39,"Low",20,"Rainy","No",58.58
2792,"Van","Expressway",29.05,29.82,"High",111,"Foggy","No",49.33
2793,"Truck","City Road",109.89,12.15,"Medium",159,"Rainy","No",52.46
2794,"Truck","Rural Road",56.45,4.06,"Medium",31,"Cloudy","No",7.71
2795,"Auto","Expressway",27.74,4.66,"Low",101,"Sunny","No",48.2
2796,"Bus","Junction",20.51,16.32,"Medium",174,"Cloudy","No",6.93
2797,"Van","Junction",71.53,13.62,"Medium",32,"Cloudy","No",12.06
2798,"Car","Rural Road",37.09,1.84,"Medium",147,"Cloudy","No",22.13
2799,"Van","Highway",39.81,18.56,"Low",174,"Cloudy","No",14.36
2800,"Auto","Expressway",70.83,7.47,"Medium",106,"Cloudy","No",12.27
2801,"Truck","Junction",110.45,18.44,"Medium",143,"Cloudy","No",51.72
2802,"Auto","Junction",52.27,4.95,"Medium",42,"Rainy","No",2.94
2803,"Truck","Highway",94.7,9.91,"Low",60,"Cloudy","No",52.79
2804,"Truck","City Road",72.96,13.38,"Medium",42,"Foggy","No",19.97
2805,"Bus","Highway",44.74,29.7,"Medium",117,"Foggy","No",15.38
2806,"Van","Bridge",33.26,3.15,"Medium",101,"Rainy","Yes",48.19
2807,"Bike","Bridge",105.68,11.77,"Medium",82,"Sunny","Yes",20.44
2808,"Van","Street",86.8,3.05,"Medium",70,"Cloudy","Yes",16.26
2809,"Car","Highway",78.63,2.59,"Low",14,"Cloudy","No",45.14
2810,"Van","Bridge",74.25,23.7,"High",69,"Cloudy","No",45.27
2811,"Bus","City Road",95.73,9.43,"High",28,"Rainy","Yes",13.31
2812,"Bike","Expressway",85.1,7.15,"Low",150,"Sunny","Yes",37.1
2813,"Bike","City Road",101.9,25.11,"Low",77,"Foggy","No",59.24
2814,"Bus","Street",60.39,15.73,"High",14,"Cloudy","No",20.36
2815,"Truck","Bridge",50.6,7.55,"Medium",54,"Sunny","No",17.91
2816,"Bike","Junction",97.49,18.54,"Low",135,"Foggy","No",40.44
2817,"Auto","Highway",80.54,14.72,"Medium",113,"Rainy","No",18.25
2818,"Truck","Bridge",99.02,10.27,"Medium",144,"Foggy","No",51.43
2819,"Van","Rural Road",20.58,11.01,"High",144,"Cloudy","No",16.19
2820,"Van","Highway",98.01,4.07,"High",184,"Foggy","No",12.62
2821,"Van","Highway",56.27,8.15,"Medium",150,"Rainy","No",20.68
2822,"Van","City Road",63.22,6.93,"High",38,"Cloudy","No",14.48
2823,"Van","Bridge",100.13,27.29,"Low",17,"Cloudy","No",52.61
2824,"Bike","Bridge",66.5,3.2,"High",177,"Cloudy","No",10.09
2825,"Bike","City Road",104.59,1.93,"High",133,"Rainy","No",58.8
2826,"Auto","Highway",30.93,25.49,"Medium",128,"Rainy","Yes",5.81
2827,"Truck","Junction",92.39,15.26,"Medium",141,"Foggy","Yes",31.86
2828,"Auto","Main Road",65.72,25.79,"High",103,"Cloudy","No",36.59
2829,"Auto","Rural Road",79.75,13.53,"High",94,"Foggy","No",2.19
2830,"Bus","City Road",109.87,4.45,"High",40,"Foggy","No",40.85
2831,"Bus","Street",97.29,27.8,"Medium",63,"Sunny","No",48.11
2832,"Bike","Main Road",77.11,1.16,"High",147,"Rainy","No",54.76
2833,"Truck","Street",37.67,14.81,"Low",129,"Sunny","No",56.09
2834,"Van","Expressway",94.12,5.83,"High",75,"Rainy","No",20.26
2835,"Car","Street",45,25.64,"High",146,"Foggy","No",53.06
2836,"Bus","Highway",70.72,4.46,"Low",134,"Sunny","No",51.96
2837,"Truck","Rural Road",38.07,18.21,"Medium",28,"Sunny","No",7.69
2838,"Auto","Junction",57.79,15.28,"Low",91,"Sunny","No",47.53
2839,"Bus","Rural Road",83.75,6.84,"Medium",106,"Cloudy","No",10.61
2840,"Van","Expressway",75.64,19.56,"High",145,"Rainy","No",28.04
2841,"Car","Rural Road",72.5,19.79,"High",67,"Foggy","No",21.8
2842,"Auto","Rural Road",67.73,28.3,"High",116,"Cloudy","No",56.51
2843,"Van","Highway",85.32,4.91,"High",77,"Foggy","No",14.77
2844,"Truck","City Road",36.59,18.28,"Low",163,"Cloudy","No",55.34
2845,"Auto","Main Road",85.21,4.41,"Medium",98,"Cloudy","No",7.44
2846,"Bus","City Road",65.3,2.66,"High",145,"Rainy","No",32.64
2847,"Bus","Main Road",107.72,26.74,"Medium",140,"Sunny","No",16.48
2848,"Bike","Highway",34.04,19.26,"High",45,"Rainy","No",49.13
2849,"Auto","Main Road",115.92,17.93,"Low",179,"Sunny","No",13.13
2850,"Car","Highway",22.08,4.71,"High",34,"Rainy","No",3.71
2851,"Auto","Junction",29.52,2.64,"High",60,"Foggy","No",0.71
2852,"Truck","Bridge",106.58,18.02,"Medium",75,"Rainy","Yes",54.75
2853,"Car","Bridge",86.81,8.84,"Low",129,"Cloudy","No",16.2
2854,"Bike","Junction",111.79,16.93,"High",49,"Sunny","No",1.81
2855,"Car","Junction",47.16,22.13,"High",52,"Rainy","Yes",48.57
2856,"Car","Junction",113.96,7.32,"Low",186,"Sunny","Yes",44.03
2857,"Van","City Road",112.08,18.68,"Medium",57,"Sunny","No",30.48
2858,"Bus","Highway",36.6,17.28,"Low",96,"Sunny","No",1.75
2859,"Van","Highway",95.78,10.52,"High",71,"Cloudy","No",3.56
2860,"Truck","Rural Road",82.12,23.22,"Low",83,"Cloudy","No",17.27
2861,"Truck","Bridge",108.33,5.99,"Medium",171,"Cloudy","No",52.67
2862,"Bike","Expressway",60.64,24.91,"Low",181,"Rainy","No",4.28
2863,"Van","City Road",30.82,12.44,"High",12,"Foggy","No",1.61
2864,"Truck","Expressway",70.37,25.69,"High",35,"Cloudy","No",46.13
2865,"Bike","Junction",73.28,24.71,"Low",64,"Rainy","No",14.29
2866,"Car","Rural Road",61.55,8.56,"Medium",188,"Foggy","No",33.94
2867,"Truck","Street",114.66,9.28,"Low",87,"Foggy","No",49.21
2868,"Auto","City Road",106.55,1.49,"Medium",29,"Foggy","No",18.94
2869,"Truck","Expressway",39.34,25.12,"Low",170,"Foggy","No",0.15
2870,"Bus","Rural Road",92.23,24.04,"Low",104,"Cloudy","No",26.24
2871,"Bus","Rural Road",35.98,22.55,"Medium",119,"Cloudy","No",44.43
2872,"Bus","Rural Road",45.22,15.07,"Medium",152,"Foggy","No",39.17
2873,"Auto","Bridge",64.3,12.53,"High",165,"Sunny","No",47.45
2874,"Auto","Main Road",114.97,19.69,"Medium",103,"Cloudy","No",15.23
2875,"Car","Junction",45.2,2,"Medium",72,"Rainy","No",48.72
2876,"Truck","Expressway",40.45,6.88,"Low",177,"Foggy","No",31.39
2877,"Van","Junction",99.76,6.93,"High",75,"Sunny","No",22.22
2878,"Van","Rural Road",31.29,15.86,"Medium",119,"Cloudy","No",20.49
2879,"Auto","Junction",53.65,22.55,"Low",107,"Cloudy","No",32.25
2880,"Bus","Street",27.84,11.81,"High",69,"Rainy","No",44.41
2881,"Truck","Rural Road",61.74,28.99,"High",33,"Foggy","No",27.39
2882,"Car","City Road",81.67,10.53,"Medium",40,"Rainy","No",0.61
2883,"Bike","Junction",28.87,24.12,"Medium",20,"Rainy","No",26.69
2884,"Van","Bridge",49.99,26.79,"Medium",167,"Cloudy","No",58.76
2885,"Auto","Junction",83.83,5.69,"Low",50,"Cloudy","No",54.73
2886,"Bike","Expressway",47.53,11.99,"High",59,"Cloudy","No",21.51
2887,"Car","Bridge",94.99,18.2,"Low",60,"Cloudy","No",55.14
2888,"Car","Bridge",23.15,6.04,"High",185,"Cloudy","Yes",7.55
2889,"Bus","City Road",29.96,11.09,"Low",99,"Cloudy","No",52.94
2890,"Bus","Bridge",40.57,11.24,"Low",120,"Rainy","Yes",29
2891,"Bike","Junction",112.64,9.32,"High",61,"Rainy","No",6.51
2892,"Truck","Expressway",65.89,4.71,"Low",79,"Cloudy","No",49.74
2893,"Auto","Junction",37.65,4.95,"Medium",25,"Foggy","No",4.69
2894,"Bus","Junction",26.02,21.78,"Medium",48,"Cloudy","No",42.37
2895,"Bike","Main Road",87.57,7.43,"Medium",192,"Cloudy","No",25.04
2896,"Bike","Junction",30.14,13.58,"Medium",37,"Cloudy","No",10.66
2897,"Truck","Bridge",76.89,24.2,"Medium",55,"Cloudy","No",27.47
2898,"Bus","Rural Road",28.96,27.36,"High",64,"Foggy","No",25.73
2899,"Bike","Rural Road",39.09,29.13,"Medium",25,"Sunny","No",56.68
2900,"Van","Main Road",87.43,21.6,"Medium",172,"Sunny","No",37.91
2901,"Van","Expressway",49.04,22.46,"Medium",69,"Rainy","No",34.79
2902,"Truck","Main Road",95.67,4.4,"High",18,"Foggy","No",41.68
2903,"Auto","Expressway",102.87,4.48,"High",173,"Rainy","No",47.06
2904,"Truck","City Road",29.23,4.06,"Low",78,"Sunny","No",7.84
2905,"Auto","Expressway",67.37,7.95,"Medium",53,"Cloudy","No",54.77
2906,"Bike","Expressway",91.86,6.27,"Low",77,"Cloudy","No",21.02
2907,"Bus","Bridge",63.55,29.49,"Medium",74,"Sunny","No",3.5
2908,"Auto","City Road",32.39,5.69,"Medium",187,"Sunny","No",10.25
2909,"Truck","Highway",102.35,10.34,"Low",78,"Foggy","No",34.58
2910,"Truck","Highway",102.67,3.92,"High",109,"Sunny","No",12.15
2911,"Van","Junction",84.83,7.25,"High",146,"Cloudy","No",38.17
2912,"Car","Highway",55.85,19.58,"Medium",84,"Sunny","No",32.32
2913,"Truck","Main Road",60.66,10.37,"High",154,"Cloudy","No",38.87
2914,"Truck","Bridge",97.59,22.52,"High",101,"Sunny","No",42.95
2915,"Auto","Bridge",77.56,29.76,"Low",54,"Rainy","No",20.62
2916,"Bus","Highway",94.14,22.28,"Low",85,"Rainy","No",29.58
2917,"Van","Highway",29.14,19.53,"High",44,"Cloudy","No",24.47
2918,"Bus","Main Road",74.13,21.99,"Low",66,"Sunny","No",56.83
2919,"Auto","Street",80.29,12.2,"Medium",138,"Sunny","No",8.53
2920,"Truck","Street",42.16,10.05,"High",150,"Sunny","No",54.11
2921,"Auto","Expressway",118.58,26,"High",14,"Foggy","No",40.04
2922,"Truck","Junction",114.85,29.73,"High",21,"Cloudy","No",5.05
2923,"Van","Junction",61.16,3.36,"Medium",113,"Sunny","No",39.38
2924,"Auto","City Road",107.39,15.41,"High",179,"Sunny","No",44.42
2925,"Truck","Junction",48.83,14.14,"Medium",164,"Rainy","No",14.15
2926,"Bike","Rural Road",101.31,23.11,"Medium",195,"Rainy","No",7.04
2927,"Bike","Bridge",111.54,23,"Medium",43,"Rainy","No",47.16
2928,"Truck","Rural Road",87.88,9.99,"Medium",141,"Cloudy","No",15.41
2929,"Car","Highway",99.8,4.8,"Low",196,"Rainy","No",22.24
2930,"Bike","Expressway",26.55,14.06,"Low",144,"Cloudy","No",26.92
2931,"Car","Street",112.19,10.1,"Low",179,"Foggy","No",40.74
2932,"Van","Highway",21.48,13.93,"High",129,"Cloudy","No",31.13
2933,"Truck","Rural Road",92.32,20.25,"Medium",68,"Rainy","No",38.72
2934,"Van","Street",36.18,4.2,"High",28,"Sunny","No",50.01
2935,"Auto","Main Road",85.9,3.38,"High",67,"Foggy","No",52.28
2936,"Van","Bridge",84.8,17.52,"Low",27,"Foggy","No",14.43
2937,"Truck","Expressway",95.45,1.62,"Medium",91,"Foggy","No",32.19
2938,"Bike","Street",62.44,23.56,"High",35,"Sunny","Yes",21.01
2939,"Van","Highway",39.6,12.18,"Low",73,"Rainy","No",15.87
2940,"Truck","Bridge",26.01,4.27,"High",84,"Foggy","No",24.55
2941,"Van","Junction",80.61,29.39,"Medium",129,"Cloudy","No",16.51
2942,"Car","Junction",39.69,22.75,"High",80,"Foggy","No",33.14
2943,"Bike","Street",87.01,7.18,"High",158,"Cloudy","Yes",54.89
2944,"Car","Junction",105.36,20.56,"High",23,"Rainy","No",20.49
2945,"Bus","Highway",116.9,3.42,"Medium",38,"Foggy","No",45.15
2946,"Bus","Expressway",26.8,26.92,"Low",25,"Sunny","No",25.48
2947,"Truck","Expressway",100.43,14.09,"Low",115,"Rainy","No",12.51
2948,"Car","Street",39.61,5.68,"High",10,"Cloudy","No",1.56
2949,"Truck","Junction",114.92,26.84,"High",145,"Cloudy","Yes",55.07
2950,"Bike","Bridge",43.26,26,"Medium",14,"Foggy","No",14.69
2951,"Car","Expressway",72.34,6.03,"High",136,"Sunny","No",29.72
2952,"Truck","Street",65.88,29.88,"Low",163,"Sunny","No",6.08
2953,"Bike","Expressway",40.01,22.21,"Medium",22,"Cloudy","No",11.11
2954,"Bus","City Road",26.79,7.79,"High",168,"Sunny","No",0.2
2955,"Bus","Rural Road",40.78,12.28,"Medium",146,"Foggy","Yes",8.3
2956,"Truck","Main Road",103.4,7.78,"Low",63,"Cloudy","No",35.27
2957,"Bike","Main Road",29.87,1.71,"Low",104,"Foggy","No",56.45
2958,"Bike","Highway",118.06,6.53,"Medium",151,"Sunny","No",33.41
2959,"Truck","Bridge",23.62,14.8,"High",177,"Foggy","No",58.96
2960,"Car","Expressway",84.4,5.64,"High",69,"Cloudy","No",48.66
2961,"Bike","City Road",55.3,19.38,"Low",175,"Sunny","No",2.7
2962,"Auto","City Road",68.62,7.39,"Low",100,"Rainy","No",18.82
2963,"Bus","Street",51.53,12.97,"Medium",171,"Rainy","No",38.69
2964,"Truck","Bridge",119.11,17.66,"High",120,"Cloudy","No",44.46
2965,"Truck","City Road",112.18,16.96,"High",162,"Rainy","No",50.52
2966,"Bus","Junction",60.52,4.69,"High",108,"Rainy","No",37.89
2967,"Auto","Highway",25.2,6.59,"Medium",131,"Rainy","No",37.52
2968,"Bus","Junction",43.88,6.66,"Medium",140,"Sunny","No",16.46
2969,"Bike","City Road",76.31,8.06,"Medium",47,"Cloudy","No",47.69
2970,"Bus","Bridge",75.57,1.56,"Medium",30,"Rainy","No",42.18
2971,"Auto","Street",53.43,13.93,"Low",181,"Foggy","No",49.21
2972,"Auto","Street",100.73,1.1,"Low",11,"Cloudy","No",51.58
2973,"Bus","Main Road",94.45,27.3,"High",19,"Rainy","No",53.32
2974,"Bus","Bridge",100.34,4.36,"High",173,"Cloudy","No",44.37
2975,"Bus","Rural Road",98.02,3.57,"Low",196,"Foggy","No",11.26
2976,"Auto","Bridge",64.97,17.35,"Low",163,"Cloudy","No",51.35
2977,"Truck","Junction",40.05,7.26,"High",106,"Rainy","No",56.1
2978,"Car","Main Road",95.74,7.97,"Low",147,"Foggy","No",9.53
2979,"Auto","Main Road",63.25,15,"Low",158,"Rainy","No",45.86
2980,"Car","Main Road",42.65,17.78,"Medium",125,"Sunny","No",44.3
2981,"Car","Main Road",61.45,4.14,"Medium",161,"Foggy","No",19.13
2982,"Car","Bridge",94.3,16.28,"Low",45,"Rainy","No",3.95
2983,"Bus","Junction",34.64,3.62,"Low",168,"Rainy","No",52.03
2984,"Truck","Main Road",46.31,27.04,"Low",76,"Sunny","No",5.62
2985,"Auto","Main Road",74.69,12.21,"Low",135,"Rainy","No",18.42
2986,"Bike","City Road",94.4,18.19,"Low",72,"Cloudy","Yes",48.82
2987,"Van","Main Road",55.77,9.97,"Medium",68,"Cloudy","No",14.36
2988,"Bus","City Road",70.47,28.2,"Low",96,"Sunny","No",14.53
2989,"Bike","Rural Road",45.79,21.6,"Low",188,"Sunny","No",30.54
2990,"Auto","Street",42.14,29.14,"High",187,"Rainy","No",5.66
2991,"Car","Rural Road",35.44,11.11,"High",168,"Sunny","No",24.79
2992,"Truck","Bridge",73.81,4.64,"High",24,"Rainy","No",57.1
2993,"Auto","Highway",72.32,3.03,"Medium",37,"Rainy","No",57.92
2994,"Car","Highway",24.72,7.27,"Low",75,"Rainy","No",16.37
2995,"Bike","Highway",73.14,29.8,"Medium",120,"Cloudy","No",50.33
2996,"Truck","Rural Road",69.48,25.39,"Low",92,"Rainy","No",44.05
2997,"Auto","Expressway",45.97,10.08,"Low",47,"Rainy","No",57.31
2998,"Auto","Rural Road",53.14,10.91,"High",54,"Sunny","No",35.48
2999,"Truck","Junction",114.52,29.76,"High",189,"Rainy","No",54.32
3000,"Van","Street",52.72,8.17,"Low",39,"Cloudy","Yes",59.5
3001,"Van","Bridge",32.28,6.07,"High",20,"Cloudy","No",15.86
3002,"Van","Highway",45.94,24.95,"High",90,"Cloudy","No",55.98
3003,"Car","City Road",62.49,21.45,"Low",120,"Rainy","No",21.64
3004,"Truck","Main Road",108.34,14.17,"Medium",173,"Cloudy","No",6.37
3005,"Bus","Highway",43.35,8.51,"Low",77,"Rainy","No",5.19
3006,"Truck","Bridge",29.82,26.43,"Low",29,"Sunny","No",9.97
3007,"Auto","Expressway",100.4,25.85,"Low",194,"Sunny","No",39.06
3008,"Auto","Expressway",49.75,9.85,"High",181,"Cloudy","No",59.37
3009,"Bus","City Road",106.77,8.71,"Medium",37,"Sunny","No",39.44
3010,"Van","Street",29.11,4.32,"High",129,"Foggy","No",50.54
3011,"Bus","Rural Road",20.69,15.31,"Medium",181,"Foggy","No",49.33
3012,"Bus","City Road",47.99,22.94,"Low",135,"Cloudy","No",40.03
3013,"Van","Junction",48.09,21.47,"Low",183,"Cloudy","No",9.91
3014,"Van","Main Road",35.52,20.63,"Low",153,"Foggy","No",15.87
3015,"Car","City Road",22.85,11.7,"High",42,"Cloudy","No",6.99
3016,"Truck","Street",41.71,5.48,"High",20,"Rainy","No",25.26
3017,"Auto","Main Road",116.69,7.88,"High",77,"Sunny","No",19.27
3018,"Truck","Main Road",45.62,23.31,"High",24,"Sunny","No",36.8
3019,"Bus","Expressway",75.54,13.15,"High",124,"Rainy","No",31.83
3020,"Bike","Junction",42.61,3.95,"Low",137,"Cloudy","No",30.37
3021,"Bus","Bridge",86.96,1.92,"High",43,"Cloudy","No",44.28
3022,"Bike","Expressway",94.69,9.77,"High",60,"Foggy","No",18.67
3023,"Auto","Expressway",70.66,13.16,"Medium",115,"Sunny","No",26.68
3024,"Van","Highway",45.25,25.43,"Medium",49,"Rainy","No",36.12
3025,"Car","Street",25.97,9.73,"High",75,"Foggy","No",38.14
3026,"Truck","Highway",42.29,23.26,"High",31,"Foggy","No",41.14
3027,"Auto","City Road",25.65,15.75,"Low",155,"Sunny","No",51.55
3028,"Van","Expressway",72.66,15.71,"Medium",150,"Foggy","No",16.36
3029,"Bus","Junction",101.1,2.54,"Medium",61,"Rainy","No",0.16
3030,"Van","Highway",75.6,16.76,"High",66,"Rainy","No",22.91
3031,"Car","Main Road",84.13,22.25,"High",134,"Rainy","No",35.48
3032,"Truck","Main Road",61.83,27.78,"High",171,"Sunny","No",21.88
3033,"Auto","Rural Road",43.27,14.77,"Low",31,"Cloudy","No",11.96
3034,"Bus","Expressway",49.93,1.65,"High",16,"Foggy","No",0.02
3035,"Truck","Rural Road",27.65,5.1,"High",114,"Cloudy","No",49.06
3036,"Car","Main Road",99.4,21.1,"Medium",135,"Foggy","No",30.1
3037,"Car","Junction",95.57,27.07,"Low",98,"Cloudy","Yes",6.57
3038,"Bus","City Road",37.43,12.25,"High",177,"Rainy","No",17.17
3039,"Bus","Bridge",38.25,13.89,"Low",153,"Cloudy","No",13.05
3040,"Car","Highway",111.87,2.49,"Low",31,"Rainy","No",25.71
3041,"Truck","Rural Road",58.25,2.24,"Medium",109,"Cloudy","No",22.72
3042,"Bus","Main Road",74.32,1.9,"Low",66,"Foggy","Yes",22.64
3043,"Truck","Main Road",98.47,28.24,"Medium",155,"Sunny","No",31.41
3044,"Car","Expressway",67.45,1.73,"High",20,"Rainy","No",29.49
3045,"Bus","Junction",38.85,9.17,"High",11,"Cloudy","No",1.25
3046,"Truck","Rural Road",35.17,9.56,"Medium",149,"Sunny","No",12.05
3047,"Van","Highway",29.27,17.72,"Medium",117,"Sunny","No",57.17
3048,"Truck","Expressway",99.24,16.94,"High",154,"Rainy","Yes",16.8
3049,"Bus","Bridge",117.34,28.48,"High",154,"Foggy","No",51.87
3050,"Bus","Expressway",26.27,9.79,"Medium",169,"Cloudy","Yes",7.02
3051,"Auto","Highway",50.06,22.53,"Low",53,"Sunny","No",4.97
3052,"Truck","Expressway",49.74,5.56,"Low",115,"Rainy","No",37.05
3053,"Van","Street",116.35,16.2,"Low",93,"Foggy","No",29.04
3054,"Auto","Junction",81.47,5.91,"High",174,"Cloudy","No",37.8
3055,"Car","Highway",52.05,18.52,"Medium",82,"Sunny","No",17.88
3056,"Bus","Junction",25.77,4.12,"Low",124,"Cloudy","No",24.16
3057,"Bus","Junction",86.54,9.76,"Medium",96,"Cloudy","No",59.47
3058,"Car","Street",46.67,28.75,"Low",78,"Cloudy","Yes",16.34
3059,"Van","Expressway",89.96,24.62,"Low",196,"Foggy","No",59.58
3060,"Car","Junction",108.09,17.01,"Low",126,"Rainy","No",31.9
3061,"Truck","Expressway",31.96,17.9,"High",97,"Cloudy","No",48.17
3062,"Bike","Junction",112.06,29.92,"Low",99,"Cloudy","No",40.1
3063,"Car","Rural Road",43.05,8.7,"High",62,"Rainy","Yes",55.32
3064,"Car","Street",40.41,14.29,"Medium",167,"Sunny","Yes",50.19
3065,"Van","Junction",116.9,9.59,"Medium",158,"Cloudy","No",36.26
3066,"Auto","Highway",111.6,26.98,"High",141,"Cloudy","No",2.35
3067,"Bus","Street",69.06,21.38,"High",75,"Cloudy","No",6.22
3068,"Bus","Expressway",44.87,5.18,"Low",178,"Rainy","No",40
3069,"Bus","Main Road",105.56,5.98,"Low",107,"Rainy","No",57.34
3070,"Auto","Expressway",113.07,5.33,"High",155,"Foggy","No",48.48
3071,"Van","City Road",25.06,23.12,"Medium",156,"Cloudy","No",22.52
3072,"Auto","Highway",52.4,5.96,"Medium",24,"Cloudy","No",46.9
3073,"Bike","Rural Road",102.46,24.17,"Low",33,"Cloudy","Yes",23.54
3074,"Car","City Road",32.34,28.81,"High",27,"Sunny","No",29.4
3075,"Bike","Rural Road",58.1,5.79,"High",90,"Foggy","No",0.64
3076,"Auto","Main Road",118.5,6.62,"High",158,"Sunny","No",41.69
3077,"Car","Junction",63.01,26.68,"High",71,"Foggy","No",49.19
3078,"Car","Rural Road",50.57,23.08,"Low",55,"Foggy","No",58.04
3079,"Truck","Rural Road",49.56,11.52,"Low",127,"Sunny","No",54.03
3080,"Truck","Bridge",76.34,10.05,"High",33,"Rainy","No",21.55
3081,"Van","Bridge",67.1,27.9,"High",66,"Cloudy","No",46.25
3082,"Truck","Main Road",104.12,25.36,"High",87,"Rainy","No",27.47
3083,"Bus","Junction",77.6,20.32,"High",107,"Cloudy","No",21.07
3084,"Bike","Rural Road",88.77,9.76,"High",176,"Cloudy","No",14
3085,"Truck","Rural Road",24.15,3.02,"High",65,"Foggy","No",7.21
3086,"Bus","Highway",63.25,24.93,"High",61,"Rainy","No",43.29
3087,"Van","Bridge",41.14,23.13,"Medium",164,"Rainy","No",8.57
3088,"Van","Junction",39.57,25.38,"High",54,"Sunny","No",33.05
3089,"Auto","Rural Road",87.43,7.08,"High",19,"Foggy","No",43.03
3090,"Bus","City Road",22.17,20.49,"Low",64,"Rainy","No",14.32
3091,"Van","Main Road",65.15,10.42,"Medium",42,"Cloudy","No",53.1
3092,"Truck","Expressway",94.45,26.85,"High",133,"Sunny","No",19.69
3093,"Car","Expressway",74.15,19.8,"Low",102,"Sunny","No",17.62
3094,"Auto","Highway",61.98,12.79,"Medium",121,"Cloudy","No",40.89
3095,"Truck","Street",58.25,25.7,"Low",15,"Sunny","Yes",18.29
3096,"Car","Rural Road",58.6,14.03,"High",28,"Rainy","No",29.89
3097,"Bike","Bridge",108.84,10.18,"Low",151,"Cloudy","No",57.67
3098,"Bike","Main Road",73.98,6.78,"Medium",11,"Sunny","No",6.56
3099,"Auto","Highway",70.08,16.96,"Low",52,"Cloudy","No",39.41
3100,"Bike","Junction",90.05,27.61,"Low",169,"Cloudy","No",7.12
3101,"Bus","City Road",66.84,2.74,"High",50,"Foggy","No",4.89
3102,"Bus","Street",103.38,29.31,"Medium",142,"Cloudy","No",37.21
3103,"Car","Main Road",95.49,1.5,"Low",101,"Sunny","No",30.12
3104,"Bike","City Road",57.03,4.41,"Low",18,"Foggy","No",11.51
3105,"Van","Street",118.92,1.87,"High",65,"Cloudy","No",17.73
3106,"Car","Street",47.45,26.6,"Low",123,"Rainy","Yes",57.44
3107,"Van","City Road",90.7,7.09,"Low",87,"Sunny","No",30.43
3108,"Bus","Main Road",74.47,29.28,"Medium",19,"Rainy","No",56.35
3109,"Bus","City Road",107.69,25.56,"Low",123,"Foggy","No",10.04
3110,"Bus","Street",52.69,11.36,"Low",31,"Rainy","No",14.12
3111,"Bus","Expressway",40.45,6.05,"Low",57,"Sunny","No",3.12
3112,"Car","Rural Road",102.38,14.11,"High",168,"Sunny","Yes",20.06
3113,"Bus","Junction",72.94,5.8,"High",158,"Foggy","No",27.14
3114,"Van","Rural Road",95.75,28.38,"Low",169,"Sunny","No",27.11
3115,"Bus","Junction",51.09,12.18,"High",193,"Foggy","No",34.23
3116,"Auto","Main Road",46.78,2.62,"High",98,"Rainy","No",14.48
3117,"Bus","City Road",101.45,4.97,"Low",107,"Rainy","No",41.03
3118,"Truck","Highway",114.26,18.36,"High",168,"Foggy","No",49.08
3119,"Van","Expressway",75.73,21.96,"Medium",130,"Rainy","No",36.25
3120,"Auto","Expressway",99.59,14.41,"High",161,"Sunny","No",38.56
3121,"Bus","City Road",93.96,17.81,"Low",160,"Sunny","No",42.4
3122,"Bike","Highway",73.49,24.38,"High",43,"Foggy","No",53.39
3123,"Auto","Expressway",119.63,22.91,"High",28,"Cloudy","No",1.44
3124,"Van","Street",67.44,11.73,"Medium",78,"Foggy","No",47.06
3125,"Bike","Junction",45.53,6.09,"Low",109,"Foggy","No",22.85
3126,"Car","Expressway",36.21,12.03,"Low",66,"Foggy","No",6.72
3127,"Bus","Rural Road",91,14.44,"Medium",160,"Foggy","No",58.65
3128,"Bus","Expressway",52.35,13.56,"Medium",15,"Sunny","No",42.29
3129,"Bike","Bridge",35.18,15.61,"Low",156,"Rainy","No",54.73
3130,"Bike","Highway",45.69,18.53,"Low",163,"Foggy","No",40.18
3131,"Auto","Highway",43.25,20.13,"Low",150,"Cloudy","No",5.44
3132,"Car","Rural Road",95.44,18.95,"High",197,"Cloudy","No",52.75
3133,"Bus","Expressway",106.58,16.87,"High",60,"Cloudy","Yes",36.19
3134,"Truck","Junction",69.08,8.46,"High",76,"Cloudy","No",45.24
3135,"Bus","Highway",66.68,7.73,"Low",87,"Sunny","No",13.37
3136,"Auto","Expressway",29.56,27.68,"Low",161,"Foggy","No",9.15
3137,"Bus","Expressway",83.8,23.28,"High",23,"Rainy","No",48.28
3138,"Car","Main Road",37.8,4.3,"Medium",184,"Rainy","No",34.03
3139,"Van","Junction",43.69,19.62,"High",39,"Foggy","No",8.12
3140,"Auto","Highway",71.11,11.91,"High",200,"Cloudy","No",19.66
3141,"Auto","Main Road",64.82,14.13,"Medium",60,"Cloudy","No",51.27
3142,"Bike","Junction",34.1,15.37,"Low",116,"Cloudy","No",0.31
3143,"Bike","Bridge",36.16,10.71,"High",196,"Rainy","No",29.89
3144,"Van","Expressway",49.17,20.09,"Medium",98,"Foggy","No",22.53
3145,"Bike","Highway",92.36,23.73,"Medium",115,"Rainy","No",4.48
3146,"Bike","City Road",43.24,26.32,"Low",60,"Sunny","No",8.33
3147,"Car","Junction",38,28.83,"Low",93,"Sunny","Yes",10.72
3148,"Bike","Highway",80.99,4.24,"High",133,"Sunny","No",36.47
3149,"Auto","Street",57.48,27.95,"Low",14,"Cloudy","Yes",21.99
3150,"Bike","Junction",117.12,14.74,"Low",148,"Cloudy","No",4.56
3151,"Auto","Highway",53.31,10.32,"High",108,"Rainy","Yes",13.52
3152,"Truck","Highway",75.03,18.57,"Low",91,"Rainy","No",14.71
3153,"Bus","Main Road",76.17,14.24,"Medium",169,"Foggy","No",56.34
3154,"Bike","Highway",43.95,3.06,"Medium",99,"Sunny","No",57.09
3155,"Bike","City Road",54.35,10.22,"High",32,"Sunny","No",45.3
3156,"Truck","City Road",29.28,19.4,"High",134,"Rainy","No",10.01
3157,"Van","Junction",29.76,17.52,"Low",94,"Rainy","No",15.93
3158,"Bus","Bridge",31.28,11.56,"Low",164,"Foggy","No",54.97
3159,"Truck","Main Road",81.03,11.71,"Low",78,"Cloudy","No",43.85
3160,"Truck","Main Road",110.63,24.51,"Medium",107,"Cloudy","No",8.36
3161,"Auto","Rural Road",97.72,28.61,"High",141,"Sunny","No",16.68
3162,"Auto","Rural Road",66.87,29.08,"Low",128,"Cloudy","No",48.69
3163,"Bike","Rural Road",115.26,11.57,"Low",149,"Sunny","No",22.17
3164,"Bus","Highway",108.04,13.3,"High",21,"Sunny","No",53.81
3165,"Bus","Street",27.31,10.55,"High",178,"Sunny","No",17.82
3166,"Van","Highway",107.68,3.63,"Low",187,"Rainy","No",23.64
3167,"Truck","Bridge",112.29,14.16,"High",54,"Sunny","No",0.72
3168,"Van","Street",112.41,5.44,"Low",106,"Foggy","No",30.1
3169,"Auto","Street",35.29,13.34,"Low",118,"Rainy","No",17.13
3170,"Bus","Junction",25.09,15.99,"High",148,"Foggy","No",17.82
3171,"Bus","Junction",62.59,22.85,"Low",34,"Sunny","No",10.01
3172,"Bus","Expressway",21.08,16.64,"Low",34,"Rainy","No",25.19
3173,"Bus","Highway",31.29,21.4,"Medium",183,"Rainy","No",44.35
3174,"Bus","Rural Road",70.19,7.77,"Medium",192,"Sunny","No",12.97
3175,"Car","Street",113.68,2.66,"Medium",80,"Rainy","No",56.06
3176,"Van","Rural Road",29.19,28.86,"Medium",139,"Rainy","Yes",50.92
3177,"Bus","Bridge",75.55,8.39,"Low",178,"Rainy","No",32.22
3178,"Car","Highway",98.19,15.09,"High",111,"Foggy","No",49.15
3179,"Bike","Junction",68.3,10.66,"Low",184,"Cloudy","No",19.23
3180,"Van","Main Road",87.57,16.8,"High",145,"Rainy","No",8.22
3181,"Van","City Road",86.89,24.99,"Medium",44,"Cloudy","Yes",2.96
3182,"Car","Bridge",73.98,9.46,"High",128,"Sunny","No",23.56
3183,"Auto","Highway",119.79,15.26,"Medium",48,"Rainy","No",45.38
3184,"Van","City Road",68.28,13.69,"High",52,"Rainy","Yes",32.64
3185,"Car","Bridge",45.58,21.05,"Medium",166,"Sunny","No",11
3186,"Auto","Highway",93.71,6.11,"Low",45,"Cloudy","No",32.45
3187,"Bike","Main Road",87.29,14.59,"Low",67,"Cloudy","No",52.78
3188,"Car","City Road",100.37,24,"High",147,"Cloudy","No",43.04
3189,"Van","City Road",73.87,10.58,"High",17,"Rainy","No",54.31
3190,"Car","Main Road",106.37,23.72,"High",38,"Sunny","No",37.56
3191,"Bus","Main Road",76.79,22.66,"Medium",74,"Foggy","No",55.05
3192,"Bike","City Road",69.52,11.55,"Low",176,"Cloudy","No",59.58
3193,"Car","City Road",106.76,29.72,"High",82,"Sunny","No",33.54
3194,"Car","Bridge",31.88,4.46,"Medium",70,"Cloudy","No",59.49
3195,"Truck","Main Road",78.04,15.58,"Low",198,"Foggy","No",55.62
3196,"Bus","Junction",72.26,12.93,"Medium",70,"Cloudy","No",29.92
3197,"Car","Main Road",66.86,1.01,"High",136,"Sunny","No",13.68
3198,"Bus","Expressway",97.62,10.32,"Low",27,"Cloudy","No",3.1
3199,"Car","Street",82.39,5.9,"Low",22,"Cloudy","No",30.87
3200,"Bike","Main Road",61.71,22.25,"High",54,"Cloudy","No",56.79
3201,"Bus","Highway",43.77,12.9,"High",174,"Cloudy","No",4.53
3202,"Bus","Bridge",51.64,22.69,"Low",31,"Sunny","No",7.22
3203,"Bus","City Road",116.96,2.73,"Low",111,"Foggy","No",36.15
3204,"Bus","City Road",71.53,17.75,"High",77,"Cloudy","No",33.33
3205,"Auto","Highway",116.85,19.11,"High",170,"Rainy","No",48.32
3206,"Bus","City Road",67.67,11.28,"High",197,"Sunny","No",5.64
3207,"Bus","Bridge",41.29,9.11,"High",83,"Sunny","No",49.86
3208,"Bike","City Road",44.25,22.18,"Medium",153,"Sunny","No",19.92
3209,"Van","Bridge",22.95,22.96,"Medium",61,"Rainy","No",21.77
3210,"Bike","Junction",54.66,13.08,"High",160,"Sunny","No",12.63
3211,"Bike","Highway",117.45,25,"Low",16,"Cloudy","No",0.53
3212,"Auto","Main Road",89.99,26.71,"Medium",89,"Sunny","No",39.05
3213,"Bus","Street",88.88,2.01,"High",72,"Foggy","No",28.73
3214,"Bike","Junction",102.51,2.98,"Medium",20,"Sunny","No",16.35
3215,"Auto","Expressway",27.98,21.69,"High",88,"Sunny","No",32.83
3216,"Bus","Bridge",102.54,7.33,"High",139,"Rainy","No",30.59
3217,"Bus","Street",40.87,25.21,"Medium",173,"Sunny","No",3.44
3218,"Bike","Highway",50.31,7.45,"Medium",29,"Rainy","No",25.05
3219,"Bike","Junction",35.16,8.19,"Low",133,"Sunny","No",17.74
3220,"Van","Main Road",40.73,3.22,"Low",50,"Foggy","No",19.63
3221,"Car","Street",75.23,6.14,"Medium",35,"Sunny","Yes",53.39
3222,"Car","Rural Road",22.38,13.5,"Medium",53,"Foggy","No",2.02
3223,"Bus","Highway",59.15,1.77,"High",174,"Cloudy","No",57.49
3224,"Car","Highway",26.97,14.13,"Medium",79,"Sunny","No",27.72
3225,"Van","Street",111.54,25.14,"Medium",166,"Rainy","No",29.5
3226,"Car","Street",44.53,8.25,"Medium",126,"Cloudy","No",4.7
3227,"Bus","Highway",116.87,29.46,"Medium",86,"Sunny","Yes",41.64
3228,"Bus","Junction",108.68,20.27,"High",149,"Sunny","No",11.78
3229,"Bus","Main Road",101.85,14.16,"Medium",87,"Sunny","No",24.71
3230,"Van","Highway",30.23,29.1,"High",130,"Sunny","No",38.31
3231,"Truck","Street",69.15,26.11,"Medium",138,"Cloudy","No",56.59
3232,"Truck","Main Road",38.5,20.19,"Medium",183,"Foggy","No",6.79
3233,"Bike","City Road",106.81,26.82,"Medium",198,"Foggy","No",4.84
3234,"Truck","Bridge",24.35,19.2,"High",106,"Cloudy","No",57.48
3235,"Bike","Highway",42.73,16.67,"High",89,"Rainy","No",7.06
3236,"Bus","Rural Road",87.15,29.03,"High",38,"Sunny","No",24.22
3237,"Truck","Rural Road",45.79,15.96,"High",165,"Cloudy","No",39.99
3238,"Auto","Junction",21.1,15.3,"Low",81,"Rainy","No",50.21
3239,"Bus","Main Road",70.97,29.42,"High",89,"Sunny","No",51.73
3240,"Car","Street",107.83,18.96,"Medium",165,"Cloudy","No",52.66
3241,"Bus","Bridge",62.64,10.49,"Low",121,"Foggy","No",31.17
3242,"Car","Bridge",23.52,20.16,"Medium",186,"Cloudy","No",54.7
3243,"Truck","Highway",41.91,4.44,"Low",161,"Sunny","Yes",55.89
3244,"Van","Bridge",98.8,1.69,"Medium",93,"Foggy","No",52.87
3245,"Bike","Highway",84.48,26.88,"High",59,"Rainy","Yes",32.76
3246,"Bus","Junction",29.08,26.74,"High",84,"Cloudy","Yes",19.3
3247,"Truck","Street",46.6,8.97,"High",153,"Rainy","No",30.35
3248,"Van","Junction",62.42,23.04,"High",62,"Foggy","No",32.25
3249,"Auto","Street",107.17,3.03,"Low",194,"Sunny","No",32.85
3250,"Bike","Expressway",32.26,22.16,"Low",134,"Rainy","No",10.62
3251,"Bike","Junction",56.27,11.68,"High",161,"Cloudy","No",7.09
3252,"Car","Expressway",72.74,2.06,"Low",136,"Foggy","No",40.6
3253,"Bus","Street",55.91,6.8,"Low",52,"Foggy","No",45.94
3254,"Auto","Highway",63.82,18.31,"Low",192,"Sunny","Yes",17.09
3255,"Truck","City Road",67.45,5.64,"High",107,"Cloudy","No",17.8
3256,"Auto","Bridge",86.76,3.94,"High",27,"Cloudy","No",29.64
3257,"Bike","Bridge",111.34,29.66,"Medium",110,"Cloudy","No",48.44
3258,"Auto","City Road",47.01,20.34,"High",22,"Foggy","No",42.97
3259,"Bike","Expressway",92.94,15.62,"Medium",64,"Rainy","No",54.56
3260,"Car","Rural Road",49.52,6.5,"Medium",194,"Foggy","No",23.56
3261,"Truck","Highway",84.22,21.64,"Low",129,"Foggy","No",47.03
3262,"Truck","City Road",34.65,11.17,"Low",190,"Sunny","No",14.25
3263,"Bike","Junction",104.73,1.51,"Medium",116,"Cloudy","No",39.1
3264,"Van","Highway",32.37,3.43,"Medium",22,"Cloudy","No",27.69
3265,"Car","Highway",33.91,16.69,"Low",43,"Foggy","No",28.19
3266,"Bike","Street",34.01,10.53,"Medium",109,"Rainy","No",53.42
3267,"Car","Highway",107.43,2.04,"Medium",124,"Foggy","No",8.38
3268,"Car","Expressway",111.22,2.88,"Low",75,"Cloudy","No",17.1
3269,"Van","City Road",70.35,20.78,"Low",110,"Rainy","No",20.18
3270,"Auto","Main Road",118.74,6.89,"Low",98,"Cloudy","No",32.41
3271,"Bus","City Road",27.44,23.21,"Low",177,"Cloudy","No",56.4
3272,"Truck","Junction",68.23,11.5,"High",148,"Sunny","No",3.28
3273,"Van","Junction",47.82,10.71,"Medium",182,"Foggy","No",25.7
3274,"Truck","Highway",97.26,11.66,"High",195,"Sunny","Yes",50.54
3275,"Car","Expressway",55.73,9.58,"Low",69,"Cloudy","No",26.71
3276,"Van","Highway",57.64,21.36,"High",118,"Foggy","Yes",40.11
3277,"Bike","Junction",113.57,27.31,"Medium",67,"Foggy","No",53.6
3278,"Bike","Street",31.36,7.44,"High",93,"Rainy","No",46.73
3279,"Bike","Bridge",22.29,4.99,"Medium",61,"Foggy","No",54.75
3280,"Bus","Main Road",59.17,22.01,"Low",52,"Foggy","No",59.29
3281,"Bus","Rural Road",56.43,19.02,"High",179,"Cloudy","No",14.39
3282,"Car","Expressway",105.91,18.47,"Medium",118,"Sunny","No",40.19
3283,"Car","Highway",36.73,20.97,"Medium",187,"Sunny","No",3.85
3284,"Van","Rural Road",34.46,12.99,"High",186,"Sunny","No",25.5
3285,"Auto","Highway",80.63,23.33,"Medium",46,"Sunny","No",44.76
3286,"Bike","Rural Road",107.85,26.94,"Medium",20,"Cloudy","Yes",41.97
3287,"Truck","Main Road",70.73,14.14,"Low",31,"Foggy","No",46.79
3288,"Van","Street",94.65,27.07,"Medium",35,"Sunny","No",49.95
3289,"Car","City Road",105.44,17.33,"Medium",117,"Rainy","No",19.88
3290,"Bike","City Road",72.54,11.35,"Medium",90,"Foggy","No",47.05
3291,"Auto","Expressway",103.92,5.78,"High",122,"Foggy","No",22.99
3292,"Car","Bridge",77.91,23.36,"Medium",192,"Cloudy","No",39.06
3293,"Truck","Highway",96.2,24.97,"Low",171,"Cloudy","No",33.15
3294,"Van","Street",103.37,10.51,"Medium",90,"Cloudy","No",56.19
3295,"Bike","Bridge",116.37,9.05,"Low",54,"Cloudy","No",3.32
3296,"Bus","Bridge",43.35,21.48,"Low",155,"Cloudy","No",56.01
3297,"Bus","Bridge",33.97,5.43,"High",135,"Foggy","No",7.08
3298,"Van","Street",79.08,13.82,"Medium",38,"Rainy","No",55.2
3299,"Bike","Junction",51.12,11.35,"High",101,"Cloudy","No",16.99
3300,"Car","City Road",26.92,16.52,"High",183,"Cloudy","No",4.23
3301,"Van","City Road",103.26,7.51,"Medium",199,"Cloudy","No",56.18
3302,"Bike","Bridge",47.47,9.12,"High",60,"Rainy","No",38.31
3303,"Bus","City Road",47.99,25.93,"Low",194,"Sunny","No",5.32
3304,"Auto","Highway",50.49,4.27,"Low",90,"Foggy","No",28.77
3305,"Bus","Expressway",30.58,8.53,"Low",69,"Rainy","Yes",37.13
3306,"Bus","Main Road",32.53,20.29,"High",167,"Sunny","No",29.07
3307,"Auto","Bridge",83.68,29.74,"Low",59,"Foggy","No",30.18
3308,"Bus","Expressway",29.21,9.76,"Low",69,"Sunny","No",50.75
3309,"Bike","Highway",99.23,13.58,"Medium",100,"Rainy","No",58.93
3310,"Car","Expressway",114.23,5.66,"Medium",117,"Rainy","No",41.56
3311,"Van","Street",50.27,24.87,"Medium",44,"Foggy","No",37.38
3312,"Truck","City Road",76.3,7.03,"Medium",48,"Foggy","No",59.29
3313,"Van","Bridge",20.35,9.26,"High",41,"Rainy","No",23.21
3314,"Truck","Expressway",79.75,16.84,"High",57,"Rainy","No",37.5
3315,"Van","City Road",33.63,18.08,"Low",129,"Cloudy","No",2.31
3316,"Bus","Bridge",100.38,13.83,"Medium",82,"Rainy","No",34.15
3317,"Van","Highway",30.47,26.26,"High",90,"Cloudy","No",18.81
3318,"Truck","Bridge",62.23,4.37,"Low",75,"Foggy","Yes",45.11
3319,"Van","Street",46.2,27.57,"Low",12,"Foggy","No",18.9
3320,"Auto","Junction",98.99,4.07,"Low",155,"Cloudy","No",48.8
3321,"Car","Junction",54.79,12.83,"Medium",44,"Rainy","No",26.01
3322,"Van","Rural Road",59.4,24.06,"Low",113,"Rainy","No",47.06
3323,"Bike","City Road",104,2.59,"Medium",118,"Rainy","No",16.1
3324,"Truck","Expressway",95.72,24.03,"Low",82,"Foggy","No",36.88
3325,"Truck","Highway",27.74,12.1,"Medium",58,"Rainy","No",25.74
3326,"Van","Rural Road",27.13,12.63,"Medium",189,"Cloudy","No",20.62
3327,"Van","City Road",47.06,12.35,"High",76,"Rainy","No",58.56
3328,"Bus","Highway",38.23,1.57,"Low",104,"Rainy","Yes",33.51
3329,"Bike","Expressway",43,15.15,"Medium",19,"Cloudy","No",42.08
3330,"Bike","Main Road",59.05,6.74,"High",155,"Foggy","No",47.95
3331,"Car","Junction",112.35,26,"Medium",141,"Sunny","No",29.88
3332,"Bus","Highway",66.93,17.65,"Low",161,"Foggy","No",33.18
3333,"Bike","Bridge",26.79,5.56,"Medium",42,"Cloudy","No",3.66
3334,"Van","Street",33.72,25.35,"Low",145,"Sunny","Yes",45.08
3335,"Car","Main Road",26.11,2.49,"Low",135,"Sunny","No",46.13
3336,"Van","Main Road",73.22,24.83,"High",129,"Sunny","No",50.32
3337,"Car","Rural Road",105.07,23.63,"Low",34,"Cloudy","Yes",31.64
3338,"Bus","Expressway",82.07,21.34,"High",193,"Cloudy","No",48.99
3339,"Truck","Rural Road",71.36,15.17,"High",59,"Rainy","No",38.2
3340,"Van","Bridge",67.37,3.21,"High",147,"Sunny","No",55.71
3341,"Auto","Main Road",48.01,19.54,"High",15,"Cloudy","No",42.76
3342,"Van","Junction",20.47,22.82,"High",55,"Foggy","No",29.32
3343,"Truck","City Road",43.53,3.68,"High",166,"Foggy","No",49.47
3344,"Bus","Bridge",89.17,26.99,"Medium",64,"Sunny","No",44.19
3345,"Auto","Main Road",20.49,7.98,"Medium",99,"Sunny","No",30.78
3346,"Auto","City Road",65.45,15.17,"Medium",56,"Sunny","No",43.2
3347,"Van","City Road",80.69,12.97,"Medium",109,"Foggy","No",20.02
3348,"Bus","Main Road",68.03,1.74,"High",191,"Cloudy","No",38.03
3349,"Van","Expressway",64.35,29.47,"High",101,"Cloudy","Yes",36.04
3350,"Bike","Street",29.6,9.06,"Low",74,"Sunny","No",45.32
3351,"Van","Bridge",106.52,28.79,"High",42,"Rainy","No",11.84
3352,"Bike","Street",73.25,16.94,"High",70,"Sunny","No",33.54
3353,"Car","Expressway",51.7,15.91,"High",95,"Cloudy","No",1.35
3354,"Bus","Expressway",105.4,5.69,"High",194,"Foggy","No",39.37
3355,"Car","Highway",104.35,25.84,"Low",41,"Rainy","No",53.93
3356,"Auto","City Road",36.96,29.59,"Medium",29,"Foggy","No",23.31
3357,"Truck","Street",79.97,9.27,"Low",185,"Cloudy","No",30.8
3358,"Car","Expressway",36.78,12.92,"Low",187,"Rainy","No",14.91
3359,"Auto","Junction",97.07,11.23,"High",50,"Cloudy","No",23.31
3360,"Car","Bridge",60.85,4.81,"Low",37,"Sunny","No",22.26
3361,"Van","Street",23.62,14.47,"Low",94,"Cloudy","No",53.52
3362,"Truck","Rural Road",81.49,6.42,"High",175,"Sunny","No",45.73
3363,"Car","City Road",103.93,3.27,"Low",25,"Sunny","No",59.78
3364,"Bus","City Road",65.15,1.87,"Low",114,"Rainy","No",38.11
3365,"Bus","Junction",98.32,15.42,"Medium",181,"Cloudy","No",5.58
3366,"Bus","Rural Road",111.44,19.17,"Medium",92,"Rainy","No",53.85
3367,"Van","Rural Road",110.55,18.17,"High",57,"Sunny","No",8.88
3368,"Bike","Street",40.18,17.99,"Medium",186,"Sunny","Yes",46.46
3369,"Car","Expressway",67.78,4.82,"Low",180,"Cloudy","No",19.52
3370,"Bike","Highway",102.65,20.62,"Medium",112,"Rainy","No",18.89
3371,"Car","City Road",33.9,3.05,"Medium",11,"Foggy","No",34.21
3372,"Car","Main Road",45.02,12.08,"High",135,"Sunny","No",23.52
3373,"Truck","Main Road",64.35,29.97,"High",156,"Cloudy","No",41.36
3374,"Bike","Junction",53.56,2.35,"Low",47,"Cloudy","No",55.3
3375,"Truck","Junction",97.48,10.19,"Medium",111,"Sunny","No",6.52
3376,"Truck","Street",56.74,2.52,"Low",69,"Foggy","No",34.8
3377,"Bike","Junction",101.1,20.55,"High",181,"Rainy","No",25.57
3378,"Car","City Road",72.3,5.18,"Medium",73,"Cloudy","No",39.99
3379,"Bus","Highway",110.82,9.77,"Medium",134,"Rainy","No",42.84
3380,"Car","Bridge",62.25,3.05,"Medium",88,"Cloudy","No",40.44
3381,"Bike","Junction",67.35,28.24,"Medium",15,"Foggy","No",36.65
3382,"Car","Main Road",33.69,29.87,"Low",143,"Rainy","No",45.21
3383,"Van","Bridge",114.28,11.25,"Low",132,"Cloudy","No",6.4
3384,"Bike","Rural Road",49.82,20.7,"Medium",47,"Cloudy","No",17.26
3385,"Bike","Main Road",41.52,20.69,"High",85,"Rainy","No",43.55
3386,"Bike","City Road",60.58,28.16,"Low",67,"Sunny","No",21.1
3387,"Auto","Highway",20.37,23.42,"Medium",171,"Rainy","No",42.11
3388,"Van","Street",74.13,5.36,"Low",128,"Rainy","No",51.2
3389,"Truck","Rural Road",79.05,9.58,"High",95,"Cloudy","No",10.16
3390,"Truck","Rural Road",88.62,11.17,"High",120,"Foggy","No",35
3391,"Bike","Bridge",68.58,8.63,"Low",75,"Sunny","Yes",20.88
3392,"Bike","Street",96.49,6.19,"Medium",149,"Rainy","No",53.46
3393,"Car","Bridge",29.61,25.84,"High",29,"Cloudy","No",33.92
3394,"Truck","Bridge",45.04,18.2,"Medium",69,"Rainy","No",19.06
3395,"Car","Street",75.48,27.3,"Low",54,"Cloudy","No",41.9
3396,"Car","Main Road",80.11,27.38,"High",31,"Rainy","No",30.56
3397,"Bike","Rural Road",30.82,18.01,"Low",164,"Cloudy","Yes",26.43
3398,"Auto","Highway",34.93,21.77,"Medium",47,"Sunny","Yes",27.3
3399,"Truck","Main Road",40.17,4.02,"Medium",83,"Cloudy","No",20.6
3400,"Car","Street",35.12,13.8,"High",114,"Sunny","No",26.18
3401,"Auto","Junction",111.91,24.07,"Medium",60,"Sunny","No",35.69
3402,"Car","Street",109.9,3.37,"Medium",154,"Foggy","No",33.87
3403,"Van","Junction",20.11,7.6,"High",114,"Rainy","No",36.64
3404,"Auto","Street",64.78,11.86,"Low",92,"Sunny","No",43.84
3405,"Van","Main Road",82.55,13.61,"Low",168,"Foggy","No",8.13
3406,"Car","Bridge",43.59,21.14,"High",100,"Foggy","No",45.06
3407,"Bus","Expressway",52.39,27.49,"High",83,"Sunny","No",18.38
3408,"Auto","Bridge",94.68,9,"Medium",137,"Sunny","No",56.72
3409,"Car","Junction",46.69,2.45,"Medium",101,"Foggy","No",33.04
3410,"Auto","Bridge",85.75,14.39,"High",167,"Foggy","No",3.48
3411,"Car","Bridge",75.2,23.39,"Medium",16,"Sunny","No",32.28
3412,"Bike","Junction",97.99,15.72,"Low",16,"Foggy","No",51.08
3413,"Bike","Rural Road",51.47,18.84,"Low",158,"Foggy","No",7.94
3414,"Bike","Rural Road",94.47,22.54,"High",11,"Cloudy","No",43.46
3415,"Auto","Junction",49.67,18.59,"High",118,"Cloudy","No",29.06
3416,"Van","Expressway",83.08,17.56,"Low",21,"Cloudy","No",21.78
3417,"Bus","Rural Road",28.27,18.5,"Low",159,"Cloudy","Yes",39.55
3418,"Bus","Rural Road",25.99,10.21,"Low",13,"Rainy","Yes",57.55
3419,"Van","Rural Road",114.51,12.05,"Low",116,"Rainy","No",5.89
3420,"Auto","Junction",60.27,3.25,"High",23,"Cloudy","Yes",44.8
3421,"Truck","Expressway",101.74,17.26,"Low",160,"Rainy","No",19.7
3422,"Auto","Street",71.4,27.1,"High",97,"Rainy","No",32.68
3423,"Auto","Highway",30.23,11.67,"Low",147,"Foggy","No",0.34
3424,"Auto","Junction",71.84,20.92,"Medium",139,"Cloudy","No",28.53
3425,"Van","Bridge",57.69,18.34,"Medium",150,"Cloudy","No",53.13
3426,"Car","Expressway",61.74,29.16,"High",88,"Sunny","No",18.12
3427,"Bus","Bridge",94.52,8.79,"High",125,"Foggy","No",51.89
3428,"Bus","City Road",102.95,18.89,"Medium",186,"Rainy","No",45.72
3429,"Car","Expressway",48.66,19.08,"Medium",21,"Cloudy","Yes",32.07
3430,"Truck","Rural Road",97.31,5,"Low",143,"Cloudy","No",45.22
3431,"Bike","Main Road",71.79,27.96,"High",127,"Cloudy","No",0.03
3432,"Bus","Bridge",80.69,26.98,"Medium",87,"Foggy","No",5.19
3433,"Bus","City Road",74.66,6.01,"Low",30,"Cloudy","Yes",35.82
3434,"Truck","Junction",38.36,13.45,"Low",67,"Sunny","No",55.14
3435,"Auto","Bridge",114.85,10.21,"Low",175,"Sunny","No",35.25
3436,"Truck","Street",32.79,8.15,"Medium",193,"Rainy","No",10.64
3437,"Auto","Street",41.62,9.31,"Low",46,"Foggy","No",53.55
3438,"Truck","Expressway",93.8,15.41,"Low",15,"Cloudy","No",14.57
3439,"Van","Bridge",97.85,26.48,"Low",88,"Rainy","No",5.91
3440,"Bike","Main Road",58.29,3.65,"Low",152,"Foggy","No",13.66
3441,"Auto","Rural Road",47.64,11.72,"Low",91,"Foggy","No",7.9
3442,"Truck","Expressway",117.25,20.13,"Low",55,"Foggy","No",32.25
3443,"Bus","Street",59.11,25.3,"High",156,"Sunny","No",48.25
3444,"Car","City Road",86.53,8.93,"Medium",75,"Cloudy","No",26.51
3445,"Bike","Street",68.01,14.87,"High",151,"Rainy","No",48.41
3446,"Bike","City Road",63.45,6.06,"Medium",189,"Cloudy","Yes",49.98
3447,"Truck","Highway",82.25,8.55,"High",102,"Cloudy","No",45.84
3448,"Bike","City Road",110.58,15.43,"Low",16,"Sunny","No",27.91
3449,"Car","City Road",74.26,24.13,"Low",103,"Rainy","No",0.03
3450,"Auto","Main Road",51.54,19.06,"High",161,"Sunny","No",56.04
3451,"Auto","Street",51.51,8.51,"Low",199,"Foggy","Yes",23.85
3452,"Car","City Road",83.8,25.98,"Medium",133,"Sunny","No",59.95
3453,"Bike","Expressway",69.49,10.19,"Low",67,"Cloudy","No",2.06
3454,"Bus","Expressway",98.68,19.33,"Medium",105,"Rainy","No",2.05
3455,"Truck","Street",79.99,10.21,"High",96,"Sunny","No",56.9
3456,"Car","Rural Road",50.79,12.23,"High",101,"Cloudy","No",20.92
3457,"Auto","Street",86.2,25.08,"Medium",94,"Foggy","No",32.34
3458,"Bus","Rural Road",112.97,22.04,"High",170,"Sunny","No",7.28
3459,"Bus","Bridge",28.99,29.5,"Medium",175,"Rainy","No",20.58
3460,"Bike","Expressway",82.67,23.93,"High",28,"Cloudy","No",9.02
3461,"Bike","Bridge",61.26,3.58,"High",115,"Cloudy","No",16.27
3462,"Bus","Rural Road",119,21.67,"High",92,"Rainy","Yes",38.07
3463,"Bus","Highway",116.42,6.63,"High",123,"Cloudy","No",27.73
3464,"Bike","Street",23.21,16.92,"Low",23,"Cloudy","No",53.84
3465,"Auto","Rural Road",48.49,5.35,"Low",142,"Foggy","No",56.25
3466,"Van","Rural Road",65.03,19.13,"Medium",167,"Cloudy","No",9.02
3467,"Truck","Highway",72.07,3.92,"Medium",72,"Cloudy","No",23.6
3468,"Bike","Rural Road",50.67,10.5,"High",50,"Foggy","No",1.1
3469,"Bus","Street",104.03,17.61,"High",140,"Cloudy","Yes",40.34
3470,"Truck","Bridge",54.05,6.02,"High",77,"Rainy","No",49.14
3471,"Car","Junction",31.12,17.21,"High",197,"Sunny","No",34.98
3472,"Bus","Main Road",109.72,17.17,"Medium",136,"Cloudy","Yes",3.99
3473,"Auto","Bridge",29.35,11.28,"High",115,"Sunny","No",38.16
3474,"Bike","Rural Road",60.75,7.7,"High",13,"Cloudy","No",36.77
3475,"Truck","Junction",107.9,9.87,"Medium",129,"Sunny","No",17.09
3476,"Bus","Expressway",84.08,22.71,"Medium",74,"Rainy","No",12.3
3477,"Auto","Main Road",93.51,22.33,"Medium",26,"Foggy","No",34.3
3478,"Car","Highway",103.73,20.1,"High",84,"Sunny","No",45.1
3479,"Car","Junction",33.46,1.6,"High",176,"Cloudy","No",39.48
3480,"Car","Main Road",23.24,22.05,"High",180,"Foggy","No",2.8
3481,"Truck","Expressway",113.03,27.23,"Low",165,"Cloudy","No",34.26
3482,"Bus","Street",20.19,21.94,"Medium",110,"Foggy","No",46.37
3483,"Car","Highway",104.33,16.76,"High",138,"Sunny","No",2.81
3484,"Bus","City Road",42.58,8.98,"Medium",58,"Foggy","No",17.44
3485,"Bike","City Road",115.99,24.3,"High",101,"Sunny","No",8.74
3486,"Car","Highway",99.14,19.03,"Low",92,"Foggy","No",14.46
3487,"Bike","Street",31.32,14.57,"High",35,"Rainy","No",3.32
3488,"Auto","City Road",38.26,11.4,"Medium",82,"Foggy","No",49.92
3489,"Truck","Expressway",105.12,15.81,"High",75,"Rainy","No",39.96
3490,"Bus","Street",48.15,11.3,"Low",153,"Rainy","Yes",10.44
3491,"Van","Rural Road",73.91,12.23,"High",77,"Rainy","No",17.39
3492,"Auto","City Road",53.86,27.28,"Medium",161,"Foggy","No",44.11
3493,"Auto","Expressway",22.79,9.34,"Medium",102,"Sunny","Yes",51.18
3494,"Truck","Main Road",35.19,22.52,"Medium",103,"Foggy","Yes",43.33
3495,"Bus","Highway",39.89,25.45,"Medium",57,"Cloudy","No",37.67
3496,"Car","Highway",115.37,12.44,"High",86,"Cloudy","No",14.89
3497,"Truck","Street",97,16.49,"High",55,"Cloudy","No",11.68
3498,"Bus","Street",113.98,13.47,"Medium",165,"Foggy","No",23.37
3499,"Car","Junction",97.85,4.24,"Low",114,"Foggy","No",23.19
3500,"Car","Street",44.36,19.67,"High",160,"Foggy","No",42.69
3501,"Bike","Expressway",27.02,20.14,"Medium",117,"Sunny","No",43.65
3502,"Truck","Street",32.92,21.28,"High",108,"Sunny","No",16.7
3503,"Bus","Street",70.51,6.38,"Low",67,"Cloudy","No",3.33
3504,"Truck","Main Road",90.08,11.07,"Medium",106,"Rainy","No",55.1
3505,"Bike","City Road",23.12,1.45,"Medium",135,"Rainy","No",23.12
3506,"Bus","Bridge",68.67,7.82,"Low",150,"Cloudy","No",33.16
3507,"Bike","Rural Road",101.2,14.12,"Low",72,"Cloudy","No",38.88
3508,"Van","Bridge",24.4,14.86,"Medium",188,"Sunny","No",34.89
3509,"Car","Highway",88.88,14.35,"High",66,"Cloudy","No",50.4
3510,"Auto","Highway",61.91,19.19,"Low",125,"Cloudy","No",54.2
3511,"Truck","Main Road",115.97,20.59,"Medium",133,"Foggy","No",7.61
3512,"Van","Expressway",51.16,5.26,"Medium",24,"Sunny","No",16.21
3513,"Truck","Highway",59.67,27.52,"Medium",31,"Foggy","No",30.52
3514,"Bike","Expressway",93.5,23.92,"High",27,"Sunny","No",47.91
3515,"Van","City Road",89.14,24.75,"Low",145,"Cloudy","No",41.91
3516,"Car","City Road",104.58,16.04,"Low",137,"Cloudy","No",58
3517,"Auto","Rural Road",44.54,7.42,"Low",43,"Rainy","No",19.7
3518,"Van","Street",40.08,9.88,"High",188,"Sunny","No",43.77
3519,"Truck","Junction",36.29,21.71,"Medium",115,"Rainy","No",1.63
3520,"Van","Highway",52.47,5.13,"Medium",113,"Cloudy","No",33.82
3521,"Car","City Road",103.66,16.38,"Medium",18,"Sunny","No",53.74
3522,"Truck","Expressway",116.04,20.91,"Medium",187,"Cloudy","No",53.35
3523,"Car","Street",102.21,21.05,"High",141,"Rainy","No",36.7
3524,"Car","Highway",53.02,29.97,"Low",168,"Sunny","No",16.34
3525,"Truck","City Road",82.96,11.1,"High",140,"Foggy","No",46.3
3526,"Truck","Bridge",56.9,26.23,"High",191,"Sunny","No",20.31
3527,"Truck","Rural Road",87.6,8.26,"High",66,"Rainy","No",5.59
3528,"Bike","Highway",60.19,7.71,"High",109,"Foggy","No",18.32
3529,"Bike","Bridge",82.44,25.59,"High",130,"Cloudy","No",28.06
3530,"Van","Main Road",86.75,25.77,"Medium",123,"Sunny","No",34.26
3531,"Bike","Junction",85.88,16.78,"Medium",92,"Rainy","No",14
3532,"Car","Expressway",63.81,21.47,"Medium",75,"Cloudy","No",27.88
3533,"Van","City Road",77.51,22.76,"High",130,"Sunny","No",56.84
3534,"Car","Expressway",98.19,5.29,"Medium",116,"Rainy","No",27.98
3535,"Van","Main Road",29.35,8.55,"Low",115,"Sunny","No",3.49
3536,"Truck","Main Road",38.9,11.59,"Medium",137,"Cloudy","No",56.65
3537,"Car","Highway",22.27,1.08,"Low",47,"Foggy","No",3.38
3538,"Bus","Street",43.68,29.46,"Medium",196,"Rainy","Yes",58.31
3539,"Truck","Highway",29.37,10.27,"Low",75,"Foggy","No",40.49
3540,"Car","Junction",53.81,25.81,"Low",195,"Sunny","No",1.39
3541,"Auto","Main Road",109.37,17.15,"High",124,"Foggy","No",31.42
3542,"Van","Street",57.48,7.45,"High",150,"Sunny","No",10.37
3543,"Van","Bridge",33.14,29.35,"Low",159,"Cloudy","Yes",5.66
3544,"Truck","Junction",24.93,23.59,"Medium",145,"Cloudy","No",31.91
3545,"Van","Junction",92.58,15.14,"Medium",15,"Cloudy","No",40.63
3546,"Auto","Junction",89.77,13.99,"Medium",68,"Rainy","No",2.55
3547,"Van","Expressway",98.76,1.33,"High",130,"Foggy","No",27.75
3548,"Bus","Rural Road",66.68,27.16,"Medium",137,"Cloudy","No",57.16
3549,"Car","Main Road",77.29,10.14,"Medium",37,"Foggy","No",56.11
3550,"Car","City Road",23.7,9.61,"High",145,"Rainy","No",21.16
3551,"Bus","Junction",82.7,5.68,"Low",133,"Rainy","No",45
3552,"Truck","Street",39.02,25.49,"High",20,"Foggy","No",22.39
3553,"Bike","Junction",94.23,21.09,"Low",52,"Foggy","No",13.59
3554,"Auto","Bridge",20.93,7.43,"Medium",87,"Sunny","No",25
3555,"Van","Expressway",114.33,12.58,"Low",55,"Foggy","No",36.94
3556,"Truck","Bridge",65.02,24.62,"Low",156,"Foggy","No",3.11
3557,"Truck","Main Road",69.92,22.45,"Medium",14,"Foggy","No",34.67
3558,"Van","Street",101.34,15.6,"High",33,"Foggy","No",38.31
3559,"Bus","Street",57.87,24.68,"Low",186,"Rainy","No",14.11
3560,"Car","Expressway",37.7,16.26,"Low",191,"Foggy","No",4.23
3561,"Car","Highway",46.66,6.13,"High",170,"Sunny","No",39.61
3562,"Auto","Expressway",46.46,22.55,"Medium",63,"Foggy","No",14.96
3563,"Bike","Highway",102.59,25.79,"High",98,"Rainy","Yes",39.72
3564,"Bus","Junction",41.16,18.5,"Medium",72,"Cloudy","No",6.23
3565,"Van","Street",74.09,7.82,"Low",107,"Cloudy","No",30.24
3566,"Auto","Rural Road",85.4,3.13,"High",41,"Foggy","No",46.65
3567,"Van","Highway",106.17,13.39,"Low",21,"Rainy","No",59.45
3568,"Car","City Road",44.57,9.2,"High",153,"Rainy","No",51.61
3569,"Auto","City Road",28.83,11.43,"Low",175,"Foggy","No",44.92
3570,"Auto","Junction",119.26,8.4,"Low",121,"Foggy","No",59.64
3571,"Truck","City Road",52.43,1.51,"High",42,"Rainy","Yes",56
3572,"Bus","Junction",42.35,19.9,"Medium",152,"Foggy","No",34.03
3573,"Van","Bridge",60.1,11.45,"Medium",200,"Cloudy","No",54.29
3574,"Auto","Junction",96.72,21.67,"Medium",171,"Sunny","No",20.75
3575,"Truck","Expressway",89.33,1.55,"Low",114,"Sunny","No",6.03
3576,"Bike","Highway",97.4,11.5,"Medium",44,"Rainy","No",17.28
3577,"Bus","Main Road",94.35,2.95,"High",123,"Rainy","No",49.87
3578,"Auto","Rural Road",39.85,5.8,"Low",118,"Rainy","Yes",58.61
3579,"Bike","Junction",61.47,17.8,"Low",31,"Sunny","Yes",31.27
3580,"Bus","Junction",35.65,29.69,"High",82,"Foggy","No",6.08
3581,"Bus","Bridge",78.97,19.3,"Low",64,"Foggy","No",13.87
3582,"Van","Rural Road",33.31,19.62,"Low",79,"Rainy","No",24.81
3583,"Bike","Bridge",32.36,22.83,"Medium",15,"Cloudy","No",23.39
3584,"Car","Rural Road",56.87,4.32,"High",120,"Rainy","No",17.73
3585,"Bus","Highway",117.9,8.36,"High",174,"Rainy","No",58.01
3586,"Bike","Main Road",76.51,3.43,"Low",22,"Sunny","No",37.63
3587,"Bike","City Road",59.8,21.03,"High",94,"Sunny","No",56.46
3588,"Auto","Expressway",95.29,3.06,"Medium",58,"Foggy","No",24.58
3589,"Bus","Expressway",66.09,26.36,"High",185,"Rainy","No",2.72
3590,"Truck","Street",66.59,10.85,"Low",37,"Cloudy","No",1.75
3591,"Bus","Bridge",56.2,10.37,"High",51,"Foggy","No",3.73
3592,"Truck","Rural Road",28.22,15.69,"Medium",51,"Cloudy","No",13.92
3593,"Van","Bridge",36.03,21.71,"High",115,"Cloudy","No",5.83
3594,"Bike","Rural Road",95.86,25.62,"High",147,"Rainy","No",47.21
3595,"Bus","Street",100.76,2.38,"Medium",52,"Cloudy","No",6.12
3596,"Bike","Rural Road",46.41,18.42,"Medium",138,"Cloudy","No",6.75
3597,"Bus","Junction",23.47,11.17,"High",190,"Cloudy","No",6.14
3598,"Bus","Bridge",74.46,2.93,"High",110,"Sunny","No",4.29
3599,"Bike","Highway",57.49,15.4,"Medium",165,"Cloudy","No",56.61
3600,"Van","Main Road",116.49,25.38,"Medium",57,"Rainy","No",58.6
3601,"Bus","Junction",74.97,21.16,"Low",107,"Sunny","No",21.48
3602,"Car","Bridge",81.25,15.52,"Low",127,"Sunny","No",53.56
3603,"Van","Highway",27.09,6.09,"High",10,"Cloudy","No",5.07
3604,"Truck","Expressway",97.91,8.01,"Low",83,"Cloudy","No",12.73
3605,"Bus","Bridge",105.74,12.55,"Low",92,"Foggy","No",10.15
3606,"Bus","Expressway",106.77,15.39,"Low",79,"Foggy","No",10.03
3607,"Truck","Rural Road",51.48,16.86,"High",28,"Rainy","No",21.02
3608,"Van","Main Road",24.4,16.88,"Low",50,"Rainy","No",31.25
3609,"Truck","Expressway",94.52,24.69,"High",178,"Foggy","No",7.06
3610,"Van","Highway",32.64,13.41,"Low",80,"Rainy","No",41.87
3611,"Bus","Rural Road",23.46,23.82,"Medium",98,"Sunny","No",50.54
3612,"Bus","Bridge",66.4,5.81,"High",194,"Sunny","No",53.03
3613,"Car","Highway",59.03,13.6,"Medium",132,"Sunny","No",10.02
3614,"Van","City Road",100.32,10.12,"High",193,"Sunny","No",51.97
3615,"Bike","Junction",72.7,18.83,"Medium",10,"Rainy","No",15.04
3616,"Auto","Expressway",50.03,11.66,"Medium",200,"Cloudy","No",58.32
3617,"Van","Highway",28.84,18.79,"High",139,"Sunny","No",51.47
3618,"Car","Bridge",93.73,6.54,"Low",145,"Foggy","No",33.69
3619,"Car","Expressway",102.11,7.29,"High",77,"Rainy","No",0.39
3620,"Car","Expressway",35.66,29.44,"Medium",59,"Rainy","No",12.01
3621,"Bike","Bridge",80.74,29.75,"Low",115,"Rainy","No",8.93
3622,"Bus","Bridge",90.37,1.55,"Medium",24,"Cloudy","No",31.14
3623,"Bus","Main Road",66.23,17.9,"Low",186,"Rainy","No",22.91
3624,"Bike","Bridge",97.03,6.51,"Medium",171,"Foggy","No",27.33
3625,"Bike","Main Road",77.08,20.86,"Medium",55,"Foggy","No",45.28
3626,"Auto","Expressway",95.04,3.82,"High",193,"Rainy","No",57.15
3627,"Bike","Highway",67.85,3.65,"High",158,"Foggy","Yes",36.77
3628,"Truck","Main Road",108.35,15.12,"High",158,"Rainy","No",20.99
3629,"Car","Bridge",94.87,12.79,"Medium",35,"Sunny","No",43.72
3630,"Bus","Bridge",50.55,6.56,"High",73,"Rainy","No",52.84
3631,"Van","Expressway",77.23,13.45,"Low",176,"Cloudy","No",10.16
3632,"Auto","Bridge",67.35,24.29,"Low",87,"Rainy","No",46.08
3633,"Bike","Bridge",113.81,23.91,"Medium",163,"Foggy","No",12.74
3634,"Van","Street",73.68,20.39,"Low",182,"Foggy","No",3.36
3635,"Truck","Rural Road",53.85,20.96,"Medium",30,"Sunny","No",1.37
3636,"Car","Rural Road",54.99,21.73,"Medium",126,"Sunny","Yes",52.45
3637,"Auto","Junction",100.9,13.14,"Low",118,"Cloudy","No",5.6
3638,"Bike","City Road",99.74,13.12,"Medium",80,"Foggy","No",17.97
3639,"Truck","City Road",75.61,20.87,"Medium",28,"Cloudy","No",16.38
3640,"Truck","Street",64.74,7.52,"Low",113,"Rainy","No",19.99
3641,"Car","Expressway",118.47,19.8,"Low",129,"Rainy","No",43.39
3642,"Auto","Main Road",50.94,3.43,"Low",107,"Foggy","No",10.99
3643,"Van","Highway",71.1,25.7,"Low",106,"Cloudy","No",42.31
3644,"Auto","City Road",62.54,10.64,"Medium",104,"Rainy","No",52.83
3645,"Bus","Main Road",75.11,26.28,"Low",21,"Rainy","No",23.83
3646,"Auto","Junction",39.71,10.55,"Medium",140,"Rainy","No",41.94
3647,"Truck","Expressway",56.22,21.11,"High",147,"Foggy","No",13.32
3648,"Bus","Highway",119.35,9.7,"Medium",44,"Cloudy","No",56.71
3649,"Bus","Street",21.84,4.62,"Medium",137,"Foggy","No",12.74
3650,"Bike","City Road",24.53,18.26,"High",136,"Rainy","No",26.69
3651,"Bike","Rural Road",22.42,11.98,"Low",121,"Rainy","No",32.51
3652,"Truck","Bridge",39.04,20.33,"Medium",178,"Sunny","No",21
3653,"Bus","City Road",64.59,11.35,"Medium",130,"Rainy","No",38.34
3654,"Van","Main Road",28.73,3.34,"High",30,"Cloudy","No",37.26
3655,"Bike","Main Road",73.67,28.18,"High",96,"Rainy","No",50.24
3656,"Car","Bridge",78.68,26.14,"Low",132,"Rainy","No",1.54
3657,"Van","Street",44.5,13.07,"Low",82,"Rainy","No",40.81
3658,"Van","Street",29.64,8.67,"High",30,"Cloudy","No",1.69
3659,"Van","City Road",93.09,8.47,"Medium",182,"Cloudy","Yes",4.59
3660,"Auto","Rural Road",61.39,24.4,"Low",147,"Rainy","No",9.99
3661,"Bus","Expressway",111.34,29.3,"High",64,"Foggy","No",53.96
3662,"Bus","Expressway",32.8,1.75,"High",17,"Cloudy","No",43.41
3663,"Bike","Main Road",115.67,28.31,"Medium",150,"Rainy","No",13.51
3664,"Car","Rural Road",78.63,19.17,"Low",92,"Rainy","No",11.15
3665,"Truck","Bridge",21.46,14.19,"Low",94,"Sunny","No",18.64
3666,"Auto","Street",100.43,10.01,"Low",100,"Rainy","No",5.79
3667,"Bike","Main Road",99.1,21.16,"Low",160,"Foggy","No",20.07
3668,"Auto","Expressway",111.67,4.82,"Medium",162,"Sunny","No",10.58
3669,"Bus","Expressway",102.81,4.68,"High",131,"Cloudy","No",25.42
3670,"Bike","Highway",77.88,1.24,"Low",96,"Sunny","No",3.71
3671,"Car","Junction",95.58,21.9,"Medium",38,"Foggy","No",56.74
3672,"Truck","Bridge",30.47,14.46,"High",74,"Rainy","No",8.15
3673,"Bus","Junction",107.03,9.31,"Low",84,"Foggy","No",9.68
3674,"Truck","City Road",50.12,3.13,"High",67,"Foggy","No",29.35
3675,"Car","Bridge",64.14,13.84,"High",48,"Cloudy","No",19.37
3676,"Bus","Bridge",40.39,18.18,"Low",18,"Foggy","Yes",42.68
3677,"Truck","City Road",58.67,6.83,"Low",138,"Sunny","No",57.32
3678,"Van","Main Road",80.95,4.64,"Medium",168,"Cloudy","No",40
3679,"Bus","Street",104.6,1.48,"High",152,"Cloudy","Yes",21.48
3680,"Truck","Street",109,4.33,"Medium",175,"Rainy","No",37.97
3681,"Car","Rural Road",44.93,3.35,"Low",178,"Cloudy","No",17.61
3682,"Bus","Rural Road",76.74,18.12,"Medium",107,"Sunny","No",33.19
3683,"Bike","Bridge",101.4,24.21,"High",138,"Sunny","Yes",36.83
3684,"Van","Junction",50.53,11.54,"High",196,"Rainy","No",15.51
3685,"Bus","Expressway",41.14,3.57,"High",148,"Rainy","No",4.9
3686,"Bus","Street",79.65,8.48,"High",155,"Cloudy","No",55.78
3687,"Car","Junction",47.85,8.97,"High",22,"Foggy","No",21.33
3688,"Auto","Junction",61,13.18,"High",100,"Rainy","No",26.3
3689,"Car","Highway",44.21,5.92,"High",44,"Rainy","No",44.63
3690,"Truck","Bridge",64.36,12.8,"High",122,"Sunny","No",37.75
3691,"Bike","Main Road",101.13,13.83,"Low",121,"Foggy","No",49.46
3692,"Van","Bridge",100.61,24.13,"Low",184,"Sunny","No",44.21
3693,"Car","Expressway",67.61,21.98,"Medium",35,"Foggy","No",56.88
3694,"Bus","Expressway",116.27,27.33,"Low",17,"Rainy","No",6.27
3695,"Van","Street",90.48,11.65,"Low",155,"Rainy","Yes",10.38
3696,"Van","Rural Road",60.9,7.69,"Low",138,"Rainy","No",28.58
3697,"Van","Rural Road",119.13,5.89,"High",61,"Sunny","No",51.42
3698,"Car","Street",49.16,14.53,"Medium",113,"Cloudy","No",18.95
3699,"Auto","Expressway",36.01,21.99,"Low",93,"Cloudy","No",40.95
3700,"Bus","Street",93.6,14.36,"Low",122,"Sunny","No",54.14
3701,"Van","Street",110.78,16.82,"High",18,"Rainy","No",55.22
3702,"Auto","City Road",61.37,12.71,"Medium",123,"Foggy","No",29.04
3703,"Bike","City Road",93.36,27.8,"Low",24,"Foggy","No",17.85
3704,"Truck","City Road",31.1,6,"Medium",35,"Sunny","No",35.85
3705,"Bike","Bridge",70.61,14.49,"High",178,"Cloudy","No",24.32
3706,"Bike","Expressway",30.15,27.14,"Low",74,"Sunny","No",51.31
3707,"Van","Expressway",31.88,25.45,"High",198,"Cloudy","No",2.12
3708,"Bike","City Road",33.02,10.11,"Low",112,"Sunny","No",9.48
3709,"Auto","Rural Road",119.78,11.19,"High",13,"Foggy","No",49.19
3710,"Auto","Highway",106.68,3,"Medium",51,"Foggy","No",47.34
3711,"Bus","Junction",24.86,24.93,"Medium",199,"Rainy","No",12.62
3712,"Truck","Main Road",80.67,18.76,"Medium",140,"Rainy","No",45.08
3713,"Car","Bridge",42.22,16.7,"Low",137,"Cloudy","No",52.92
3714,"Bike","Rural Road",64.36,11.38,"Medium",11,"Rainy","No",7.86
3715,"Car","Expressway",106.99,9.59,"Medium",128,"Rainy","No",11.06
3716,"Bus","Junction",104.37,14.21,"Low",35,"Cloudy","No",43.74
3717,"Bus","Expressway",26.01,16.32,"Medium",132,"Foggy","No",14.39
3718,"Car","Main Road",67.42,16.67,"Low",58,"Rainy","Yes",35.62
3719,"Bus","Junction",87.01,18.25,"Medium",171,"Sunny","No",51.86
3720,"Bike","Main Road",107.41,7.78,"Low",164,"Rainy","No",26.54
3721,"Bus","Bridge",25.86,28.68,"High",200,"Cloudy","No",42
3722,"Van","Rural Road",55.39,27.25,"Medium",195,"Rainy","No",54.42
3723,"Car","Highway",87.48,25.57,"Low",21,"Rainy","No",13.92
3724,"Truck","City Road",63.03,9.84,"Medium",180,"Sunny","No",31.34
3725,"Truck","Street",118.52,10.78,"High",70,"Rainy","No",45.8
3726,"Bike","City Road",115.34,3.6,"Medium",130,"Cloudy","No",41.25
3727,"Van","Rural Road",77.86,15.07,"Low",136,"Foggy","No",11.47
3728,"Van","Bridge",25.73,17.69,"High",83,"Sunny","No",24.85
3729,"Van","Highway",88.48,23.56,"Medium",64,"Foggy","No",1.75
3730,"Car","Junction",83.24,22.05,"Medium",87,"Cloudy","No",38.57
3731,"Truck","City Road",96.62,2.93,"High",132,"Sunny","No",50.37
3732,"Van","City Road",67.47,17,"High",45,"Cloudy","No",7.02
3733,"Car","Rural Road",41.3,17.96,"High",64,"Foggy","No",12.73
3734,"Truck","Main Road",77.48,16.16,"Low",106,"Sunny","No",13.26
3735,"Bus","Bridge",36.84,18.3,"Low",74,"Rainy","No",16.35
3736,"Bus","Highway",97.45,7.61,"Low",182,"Rainy","No",40.59
3737,"Bike","City Road",49.76,26.53,"High",174,"Sunny","No",31.51
3738,"Auto","Street",97.37,7.72,"Low",141,"Rainy","Yes",12.76
3739,"Bike","Street",83.93,22.37,"High",74,"Cloudy","Yes",44.91
3740,"Bus","Bridge",72.83,10.65,"High",52,"Rainy","Yes",14.4
3741,"Auto","Rural Road",34.18,23.64,"High",112,"Cloudy","No",45.96
3742,"Bike","Rural Road",109.77,6.94,"Low",53,"Rainy","No",9.99
3743,"Van","Rural Road",66.98,20.06,"High",37,"Sunny","No",1.83
3744,"Van","Highway",50.32,13.35,"Medium",91,"Cloudy","No",6.53
3745,"Car","Bridge",98.8,24.54,"Medium",45,"Sunny","No",54.71
3746,"Bus","Highway",80.61,22.7,"Low",166,"Rainy","No",57.15
3747,"Car","Bridge",49.18,29.83,"High",110,"Foggy","No",39.03
3748,"Truck","City Road",52.22,9.37,"Medium",155,"Rainy","No",20.77
3749,"Bus","Bridge",67.73,16.99,"Low",102,"Rainy","No",59.34
3750,"Van","Street",26.9,29.38,"Medium",159,"Rainy","No",35.5
3751,"Auto","Highway",76.94,25,"Medium",134,"Cloudy","Yes",55.19
3752,"Auto","Junction",70.73,19.58,"Low",78,"Rainy","No",0.71
3753,"Bus","City Road",25.36,26.4,"Medium",159,"Foggy","No",45.85
3754,"Van","Street",95.3,26.58,"Medium",95,"Sunny","No",27.05
3755,"Car","Bridge",63.42,4.03,"Medium",86,"Sunny","No",15.84
3756,"Bike","Expressway",70.6,9.62,"Medium",117,"Sunny","No",42.89
3757,"Auto","Junction",31.41,14.63,"Medium",137,"Sunny","No",24.72
3758,"Bus","Street",31.18,25.43,"High",128,"Sunny","No",6.41
3759,"Van","Rural Road",59.97,11.23,"Low",75,"Rainy","No",44.26
3760,"Bike","Highway",54.96,2.03,"Medium",177,"Foggy","No",24.79
3761,"Bus","Junction",89.36,7.07,"High",150,"Foggy","No",51.05
3762,"Auto","Rural Road",74.68,9.24,"Low",58,"Foggy","No",24.71
3763,"Van","Main Road",93.47,7.22,"High",77,"Cloudy","No",21.56
3764,"Auto","Bridge",102.08,3.98,"Medium",71,"Rainy","Yes",48.16
3765,"Bike","Main Road",38.69,8.68,"Low",107,"Sunny","No",45.6
3766,"Truck","Street",30.92,1.48,"High",143,"Cloudy","No",45.81
3767,"Truck","Rural Road",31.43,8.59,"High",146,"Rainy","No",50.65
3768,"Truck","Junction",114.59,12.27,"Low",78,"Sunny","No",44.18
3769,"Auto","Main Road",116.22,24.81,"Low",40,"Sunny","No",23.8
3770,"Auto","Junction",29.61,11.55,"Medium",31,"Rainy","No",19.88
3771,"Truck","City Road",22.75,22.8,"Low",142,"Cloudy","No",35.05
3772,"Van","Rural Road",46.53,9.68,"Low",44,"Foggy","No",28.07
3773,"Bus","Expressway",33.35,14.62,"High",140,"Sunny","No",19.41
3774,"Van","Street",63.51,5.66,"High",15,"Rainy","No",21.69
3775,"Truck","Main Road",57.27,15.66,"Low",20,"Foggy","No",23.31
3776,"Van","Highway",89.57,8.31,"Medium",194,"Foggy","No",49.08
3777,"Bike","Street",67.1,29.1,"Low",109,"Foggy","No",45.5
3778,"Auto","City Road",74.83,21.99,"Low",107,"Foggy","No",51.02
3779,"Car","Rural Road",46.46,3.64,"Medium",99,"Foggy","No",27.3
3780,"Bike","Junction",20.62,4.27,"Low",148,"Sunny","No",5.61
3781,"Bike","Junction",28.8,17.6,"Medium",93,"Foggy","No",11.36
3782,"Car","Highway",91.45,2.15,"Medium",51,"Cloudy","Yes",8.61
3783,"Bike","Bridge",66.26,22.53,"Low",197,"Cloudy","No",39.82
3784,"Auto","Main Road",63.28,18.66,"Medium",30,"Rainy","No",52.04
3785,"Car","Rural Road",29.95,18.47,"High",80,"Cloudy","Yes",38.36
3786,"Car","Street",58.28,19.89,"High",38,"Sunny","No",5.03
3787,"Truck","Expressway",50.93,10.52,"High",19,"Sunny","No",29.81
3788,"Bus","Junction",80.37,28.68,"Low",75,"Sunny","Yes",31.11
3789,"Car","Highway",86.37,20.62,"High",70,"Rainy","No",59.86
3790,"Car","Junction",116.29,27.2,"Medium",175,"Foggy","No",15.75
3791,"Car","Street",104.85,13.3,"Medium",62,"Sunny","No",58.25
3792,"Bus","City Road",98.46,7.96,"High",55,"Sunny","No",37.79
3793,"Car","Expressway",106.46,8.85,"Medium",194,"Cloudy","No",36.09
3794,"Van","Bridge",59.71,4.17,"Medium",116,"Cloudy","No",55.78
3795,"Bus","Junction",101.86,15.39,"Low",89,"Sunny","No",35.62
3796,"Auto","Main Road",63.13,10.24,"Low",38,"Sunny","No",52.32
3797,"Bike","Rural Road",59.15,17.59,"High",71,"Cloudy","No",26.11
3798,"Bus","Highway",69.66,21.56,"Low",59,"Cloudy","No",32.95
3799,"Bus","City Road",23.95,15.81,"Low",101,"Cloudy","No",1.03
3800,"Bike","Street",31.07,21.97,"High",110,"Rainy","No",16.25
3801,"Van","Rural Road",25.92,26.56,"Medium",80,"Cloudy","No",24.24
3802,"Bike","Main Road",74.55,21.19,"Medium",144,"Foggy","No",23.03
3803,"Auto","Street",95.34,24.86,"Medium",136,"Foggy","Yes",14.86
3804,"Auto","Expressway",47.98,23.08,"Low",195,"Sunny","No",42.26
3805,"Truck","Bridge",21.11,24.2,"Medium",145,"Cloudy","No",41.88
3806,"Auto","Bridge",57.96,4.29,"High",95,"Rainy","No",38.99
3807,"Car","Rural Road",97.09,8.36,"High",37,"Rainy","Yes",14.94
3808,"Bike","Expressway",89.1,8.95,"Low",98,"Sunny","No",52.89
3809,"Truck","Expressway",70.8,24.64,"High",159,"Cloudy","No",14.21
3810,"Van","Main Road",73.95,4.39,"Low",157,"Sunny","No",7.42
3811,"Auto","City Road",117.22,16.11,"High",16,"Rainy","No",5.58
3812,"Bike","Expressway",52.2,19.44,"Low",11,"Rainy","No",49.24
3813,"Van","City Road",69.58,24.23,"High",138,"Rainy","No",7.25
3814,"Van","City Road",95.4,26.32,"Low",52,"Foggy","No",9.27
3815,"Truck","Highway",21.6,19.52,"High",133,"Cloudy","No",40.54
3816,"Van","Highway",88.69,7.15,"Medium",195,"Cloudy","No",40.98
3817,"Van","Street",99.51,10.53,"Low",149,"Rainy","No",2.94
3818,"Van","Expressway",84.67,18.6,"High",72,"Sunny","No",54.92
3819,"Van","Expressway",106.31,17.76,"Medium",20,"Rainy","No",42.24
3820,"Van","City Road",106.99,21.55,"Low",143,"Cloudy","No",30.32
3821,"Car","Main Road",54.08,9.45,"Low",114,"Rainy","No",42.41
3822,"Car","Main Road",51.16,5.89,"Medium",147,"Rainy","No",5.42
3823,"Truck","Main Road",58.4,11.86,"Medium",36,"Sunny","No",55.34
3824,"Van","Rural Road",26.61,1.62,"Low",180,"Foggy","No",36.51
3825,"Bike","Main Road",85.69,28.71,"Low",60,"Foggy","No",19.95
3826,"Auto","Expressway",91.19,1.88,"Medium",156,"Cloudy","No",2.84
3827,"Van","Main Road",80.08,27.7,"High",93,"Sunny","No",54.66
3828,"Auto","Rural Road",112.88,1.86,"Medium",196,"Rainy","No",51.48
3829,"Auto","Street",69.43,10.8,"High",134,"Cloudy","No",34.52
3830,"Bike","City Road",88.4,5.3,"Medium",109,"Sunny","No",58.71
3831,"Van","Main Road",72.2,10.07,"Medium",132,"Rainy","No",34.64
3832,"Auto","Main Road",58.37,27.5,"High",147,"Sunny","No",18.66
3833,"Bike","City Road",117.63,26.71,"High",46,"Rainy","No",21.66
3834,"Truck","Bridge",102.4,20.71,"High",25,"Foggy","No",35.43
3835,"Van","Street",106.4,15.36,"High",168,"Rainy","No",47.65
3836,"Van","Street",29.41,11.67,"Medium",112,"Foggy","No",58.77
3837,"Van","Junction",117.97,19.32,"Low",156,"Cloudy","No",32.03
3838,"Auto","Main Road",98.02,12.06,"Medium",16,"Cloudy","No",59.88
3839,"Van","Highway",54.3,14.78,"Low",194,"Rainy","No",0.41
3840,"Van","Junction",87.53,10.13,"Low",142,"Rainy","No",24.49
3841,"Bus","Rural Road",54.03,26.55,"Low",167,"Sunny","No",55.81
3842,"Bus","Highway",51.65,14.92,"Low",104,"Sunny","No",47.44
3843,"Bike","Highway",57.82,18.82,"Medium",195,"Cloudy","No",59.08
3844,"Bus","Highway",82.19,16.33,"High",54,"Cloudy","No",50.52
3845,"Van","City Road",96.46,12.77,"High",83,"Foggy","No",5.5
3846,"Bus","Street",56.55,15.2,"Low",51,"Foggy","No",20.76
3847,"Car","Junction",116.27,24.38,"Medium",200,"Sunny","No",24.13
3848,"Auto","Junction",109.86,7.39,"Low",140,"Foggy","No",39.19
3849,"Bike","Bridge",86.37,25,"High",51,"Sunny","No",23.44
3850,"Bus","Main Road",96.04,4.64,"Low",185,"Rainy","No",57.02
3851,"Auto","Main Road",57.53,21.07,"Low",105,"Sunny","No",11.43
3852,"Bus","Junction",84.39,4.21,"Medium",14,"Sunny","No",27.32
3853,"Car","Rural Road",82.11,28.13,"Medium",113,"Sunny","No",3.55
3854,"Truck","Rural Road",119.56,18.82,"Low",31,"Sunny","No",38.9
3855,"Bus","Street",56.85,10.91,"High",100,"Foggy","No",22.66
3856,"Bus","Bridge",98.11,10.19,"High",152,"Rainy","Yes",9.38
3857,"Bike","City Road",62.44,13.26,"High",20,"Sunny","No",4.44
3858,"Bus","Expressway",60.55,15.33,"Medium",184,"Rainy","No",40.92
3859,"Auto","Street",36.62,10.57,"Medium",156,"Rainy","No",55.79
3860,"Bus","Expressway",71.38,27.98,"Medium",87,"Cloudy","No",58.71
3861,"Bus","Bridge",75.67,24.75,"High",108,"Rainy","Yes",4.55
3862,"Van","Highway",88.87,18.22,"Low",86,"Sunny","No",26.81
3863,"Bike","Highway",53.73,15.09,"Low",72,"Foggy","No",15.4
3864,"Car","Street",68.72,5.07,"Low",164,"Sunny","No",50.98
3865,"Bus","Junction",35.47,12.76,"Low",29,"Foggy","No",29.35
3866,"Auto","Expressway",35.61,28.53,"Low",75,"Cloudy","Yes",5.27
3867,"Bus","Street",70.46,1.04,"Low",69,"Rainy","No",55.67
3868,"Bus","Highway",100.44,23.64,"High",191,"Foggy","No",18.97
3869,"Truck","Junction",88.49,17.01,"High",125,"Sunny","No",11.57
3870,"Van","Main Road",85.33,6.37,"Low",166,"Sunny","No",28.94
3871,"Bus","Bridge",63.72,13.69,"Medium",108,"Cloudy","No",10.58
3872,"Van","Expressway",84.85,9.36,"High",102,"Foggy","No",8.65
3873,"Bus","Main Road",60.01,29.92,"Medium",107,"Sunny","No",23.72
3874,"Bus","Bridge",67.48,14.29,"Medium",50,"Cloudy","No",17.89
3875,"Van","Junction",60.69,4.77,"Low",98,"Foggy","No",50.87
3876,"Van","Highway",27.88,25.81,"Medium",149,"Rainy","Yes",45.71
3877,"Car","Rural Road",103.85,24.02,"Low",91,"Rainy","No",9.1
3878,"Car","City Road",50.55,3.16,"Medium",161,"Cloudy","No",47.96
3879,"Car","Highway",96.58,21.76,"High",43,"Foggy","No",31.34
3880,"Car","Junction",44.35,28.99,"High",169,"Cloudy","No",12.47
3881,"Bus","City Road",68.95,15.23,"Low",79,"Rainy","No",12.44
3882,"Bus","Bridge",109.1,6.85,"High",70,"Sunny","No",6.84
3883,"Auto","Expressway",38.18,20.11,"High",141,"Foggy","No",28.64
3884,"Auto","Rural Road",95.16,11.4,"High",133,"Rainy","No",51.56
3885,"Bus","Highway",72.07,24.48,"Low",75,"Sunny","No",31.2
3886,"Van","Expressway",118.29,24.72,"High",34,"Foggy","No",47.09
3887,"Bus","Rural Road",30.23,13.13,"Low",73,"Rainy","No",31.66
3888,"Truck","Main Road",79.57,6.7,"Medium",133,"Rainy","No",45.29
3889,"Car","Rural Road",106.37,8.75,"Low",28,"Rainy","No",52.98
3890,"Bus","Street",51.37,15.1,"High",53,"Cloudy","No",50.27
3891,"Bus","Highway",84.42,8.81,"Medium",189,"Rainy","No",39.93
3892,"Van","Expressway",86.83,7.26,"High",116,"Sunny","No",14.2
3893,"Van","Junction",113.16,1.42,"High",22,"Foggy","No",0.47
3894,"Van","City Road",96.17,19.44,"High",196,"Cloudy","No",27.96
3895,"Truck","Junction",106.24,12.81,"Low",39,"Rainy","No",35.79
3896,"Car","Highway",60.59,26.55,"Medium",15,"Rainy","No",19.16
3897,"Bus","Main Road",87.69,15.34,"Medium",168,"Cloudy","No",5.49
3898,"Car","Bridge",69.69,14.77,"Medium",11,"Sunny","No",18.84
3899,"Auto","Rural Road",52.1,27.45,"High",19,"Rainy","No",43.13
3900,"Bike","Street",43.39,15.03,"High",125,"Cloudy","No",6.42
3901,"Bus","Highway",65.32,21.35,"Low",114,"Cloudy","No",47.43
3902,"Bike","Rural Road",46.57,19.03,"High",22,"Cloudy","No",29.52
3903,"Auto","Bridge",31.68,24.43,"High",121,"Rainy","No",50.08
3904,"Van","Highway",27.65,23.01,"Low",148,"Sunny","No",45.77
3905,"Truck","Expressway",62.09,4.68,"Medium",157,"Rainy","No",2.7
3906,"Car","Main Road",49.63,17.1,"Low",110,"Cloudy","No",39.2
3907,"Bike","Highway",107.76,21.13,"Medium",106,"Sunny","No",23.86
3908,"Truck","Junction",46.89,22.24,"Medium",79,"Rainy","No",54.72
3909,"Bus","Highway",76.67,7.02,"Low",90,"Cloudy","No",51.88
3910,"Van","City Road",42.64,7.96,"Low",53,"Foggy","Yes",32.8
3911,"Bike","City Road",76.42,18.65,"High",103,"Rainy","No",29.44
3912,"Van","Expressway",94.11,14.83,"Medium",117,"Cloudy","No",58.28
3913,"Car","Junction",53.21,28.63,"Medium",20,"Sunny","No",55.52
3914,"Bike","Bridge",34.53,23.36,"High",56,"Foggy","Yes",27.23
3915,"Truck","City Road",110.74,3.74,"Low",108,"Rainy","No",56.63
3916,"Car","Street",113.51,24.02,"Medium",159,"Cloudy","No",30.96
3917,"Van","Bridge",90.08,15.3,"High",185,"Rainy","No",48.64
3918,"Bus","Highway",68.86,17.26,"Low",166,"Sunny","No",52.17
3919,"Auto","Expressway",39.76,14.62,"Low",191,"Cloudy","No",47.52
3920,"Van","Street",31.95,19.78,"High",84,"Cloudy","No",18.84
3921,"Van","City Road",81.35,22.21,"Low",49,"Cloudy","No",22.33
3922,"Truck","Junction",45.99,22.46,"Low",100,"Foggy","No",20.8
3923,"Van","Street",106.6,29.39,"High",82,"Foggy","No",43.25
3924,"Bus","Bridge",112.07,21.96,"High",139,"Sunny","No",39.89
3925,"Bike","Rural Road",59.73,1.4,"Low",169,"Rainy","No",42.85
3926,"Truck","Main Road",85.02,11.89,"Medium",182,"Rainy","No",58.54
3927,"Van","Highway",71.6,26.47,"Low",68,"Rainy","No",25.18
3928,"Bike","Main Road",86.14,27.05,"High",10,"Foggy","No",7.03
3929,"Truck","Rural Road",56.42,7.94,"Medium",174,"Rainy","No",15.74
3930,"Car","Street",26.11,7.49,"High",62,"Foggy","No",6.55
3931,"Bike","Junction",110.07,16.5,"High",51,"Sunny","No",2.85
3932,"Bus","Main Road",68.49,7.96,"High",91,"Rainy","No",6.36
3933,"Bike","Highway",74.73,25.97,"High",29,"Rainy","No",13.69
3934,"Car","Junction",119.85,26.17,"Low",180,"Cloudy","No",43.85
3935,"Bike","Junction",119.57,28.17,"High",13,"Cloudy","No",8.73
3936,"Bike","Street",63.79,19.3,"High",42,"Rainy","No",27.14
3937,"Truck","City Road",22.4,27.94,"Medium",181,"Foggy","No",2.67
3938,"Car","Bridge",33.69,16.29,"Medium",141,"Rainy","No",26.81
3939,"Bus","Highway",68.17,28.88,"Medium",137,"Rainy","No",7.86
3940,"Bus","City Road",78.46,11.58,"Medium",125,"Foggy","No",43.23
3941,"Auto","Expressway",101.34,1.54,"Medium",78,"Foggy","No",21.55
3942,"Bike","Main Road",79.9,24.71,"Low",147,"Cloudy","No",25.94
3943,"Truck","Highway",59.83,9.42,"Medium",20,"Foggy","No",17.12
3944,"Car","Highway",40.91,17.75,"Low",148,"Foggy","No",45.96
3945,"Car","Bridge",118.06,11.92,"Low",41,"Cloudy","No",48.97
3946,"Auto","Bridge",79.75,7.9,"Low",154,"Sunny","No",49.61
3947,"Car","City Road",69.56,21.8,"Medium",135,"Rainy","No",50.84
3948,"Bike","Junction",57.04,2.7,"High",117,"Sunny","No",38.43
3949,"Bus","City Road",35.05,6.17,"High",20,"Rainy","No",5.77
3950,"Truck","Junction",116.86,28.92,"Low",83,"Foggy","Yes",25.33
3951,"Bike","Street",53.01,10.4,"Low",120,"Rainy","No",22
3952,"Bike","Junction",29.81,6.76,"Medium",180,"Rainy","No",23.83
3953,"Car","City Road",61.06,15.18,"Low",185,"Cloudy","No",41.12
3954,"Bus","Bridge",83.36,1.17,"Medium",64,"Cloudy","No",39.23
3955,"Bike","Junction",74.24,1.99,"Medium",126,"Foggy","No",53.43
3956,"Bus","Main Road",33.77,1.55,"Low",84,"Cloudy","No",28.2
3957,"Van","City Road",76.41,19.84,"Low",107,"Cloudy","No",14.66
3958,"Auto","Main Road",30.22,28.37,"High",109,"Foggy","No",28.86
3959,"Truck","Street",113.17,14.9,"Medium",85,"Rainy","No",37.47
3960,"Truck","Main Road",41.58,17.06,"Medium",118,"Rainy","No",48.71
3961,"Bus","City Road",44.63,25.34,"Low",13,"Rainy","No",20.79
3962,"Bike","Expressway",44.53,25.32,"Low",50,"Sunny","No",39.95
3963,"Bus","Bridge",52.19,5.27,"High",52,"Cloudy","No",11.05
3964,"Bus","Street",93.61,1.35,"Low",129,"Rainy","No",19.55
3965,"Car","Rural Road",69.57,14.6,"High",13,"Foggy","No",35.73
3966,"Auto","Expressway",22.65,10.06,"Low",121,"Foggy","Yes",37.35
3967,"Truck","Main Road",32.44,26.24,"Low",132,"Cloudy","No",50.62
3968,"Auto","Expressway",57.55,4.82,"High",79,"Cloudy","No",48.65
3969,"Van","Main Road",78.24,1.95,"Low",36,"Sunny","No",11.33
3970,"Bike","City Road",76.37,20.34,"High",188,"Sunny","No",49.08
3971,"Truck","Bridge",81.11,23.45,"Medium",179,"Foggy","No",38.83
3972,"Car","Rural Road",33.93,6.9,"Medium",199,"Cloudy","No",26.47
3973,"Van","Rural Road",31.49,14.54,"Medium",10,"Foggy","No",51.89
3974,"Bus","Street",42.3,25.17,"High",156,"Foggy","No",36.69
3975,"Truck","Rural Road",30.61,3.77,"High",54,"Cloudy","No",6.47
3976,"Bike","Rural Road",54.22,5.73,"Low",19,"Cloudy","No",10.46
3977,"Bus","Bridge",67.24,7.69,"Medium",141,"Foggy","No",41.14
3978,"Bus","Highway",56.22,15.78,"Medium",199,"Rainy","No",4.36
3979,"Van","Rural Road",44.83,6.36,"High",53,"Cloudy","No",15.09
3980,"Truck","City Road",39.77,20.37,"Medium",156,"Rainy","Yes",56.39
3981,"Van","City Road",96.46,18.07,"High",98,"Rainy","Yes",2.23
3982,"Bus","Rural Road",104.7,5.43,"Low",104,"Rainy","No",36.61
3983,"Truck","Main Road",48.63,28.35,"High",180,"Sunny","No",46.52
3984,"Bus","Bridge",31.33,7.8,"High",42,"Rainy","No",43.38
3985,"Van","Rural Road",66.87,18.24,"Low",143,"Foggy","No",39.68
3986,"Auto","Rural Road",72.45,14.38,"Medium",43,"Rainy","No",40.02
3987,"Truck","Rural Road",87.08,9.55,"Medium",184,"Rainy","No",9.36
3988,"Bike","Rural Road",100.74,26.14,"Medium",36,"Rainy","No",55.16
3989,"Bus","Junction",42.05,11.94,"Medium",172,"Sunny","Yes",26.31
3990,"Van","Bridge",98.23,11.44,"High",113,"Cloudy","No",37.88
3991,"Auto","Highway",102.15,20.72,"Low",69,"Foggy","No",29.86
3992,"Auto","City Road",85.04,10.4,"High",39,"Foggy","No",54.89
3993,"Truck","Highway",82,16.47,"Low",82,"Cloudy","No",8.75
3994,"Auto","Main Road",101.98,1.38,"High",40,"Cloudy","No",56.44
3995,"Auto","Street",118.8,22,"High",59,"Foggy","No",48.49
3996,"Van","Highway",31.64,24.1,"Low",144,"Cloudy","No",25.09
3997,"Bus","Street",57.57,17,"Medium",195,"Cloudy","No",12.35
3998,"Auto","City Road",46.94,4.87,"High",78,"Rainy","No",11.73
3999,"Auto","Rural Road",22.43,15.95,"Medium",143,"Sunny","No",49.07
4000,"Car","Bridge",75.24,24.61,"Medium",112,"Sunny","No",38.47
4001,"Car","Rural Road",107.94,4.58,"Medium",147,"Sunny","No",52.29
4002,"Truck","Main Road",49.94,21.29,"Low",74,"Rainy","No",32.56
4003,"Van","Main Road",70.39,4.52,"Low",131,"Foggy","No",2.4
4004,"Bus","Junction",105.12,19.92,"High",47,"Rainy","No",54.41
4005,"Car","Junction",114.58,5.7,"Medium",67,"Cloudy","No",34.33
4006,"Car","Main Road",75.5,1.06,"Medium",20,"Foggy","Yes",46.41
4007,"Bike","Street",36.69,14.93,"Medium",83,"Foggy","No",13.48
4008,"Bike","City Road",118.14,2.84,"Medium",73,"Rainy","No",47.49
4009,"Bike","Street",119.58,14.48,"Low",196,"Foggy","No",48.8
4010,"Car","Expressway",97.94,13.07,"Low",40,"Rainy","No",37.75
4011,"Bus","Highway",112.17,29.52,"Low",144,"Cloudy","No",45.11
4012,"Van","Highway",33.61,25.4,"Low",93,"Foggy","No",38.04
4013,"Bus","Highway",61.95,26.63,"Medium",133,"Rainy","No",39
4014,"Bus","Highway",101.09,21.66,"High",96,"Rainy","No",0.5
4015,"Auto","Bridge",106.77,26.55,"Medium",35,"Rainy","No",3.71
4016,"Auto","Expressway",64.36,14.9,"High",142,"Sunny","No",21.05
4017,"Truck","Street",66.87,23.01,"High",180,"Sunny","No",53.74
4018,"Van","City Road",23.03,21.49,"Low",31,"Rainy","No",29.39
4019,"Van","Street",117.66,12.03,"High",65,"Foggy","No",25.56
4020,"Bus","Junction",64.75,19.68,"High",126,"Rainy","No",26.22
4021,"Van","Bridge",47.56,20,"Medium",19,"Rainy","No",50.86
4022,"Van","Main Road",69.81,15.44,"High",198,"Cloudy","Yes",13
4023,"Bike","Bridge",76.75,14.55,"High",19,"Cloudy","No",23.01
4024,"Bike","Rural Road",72.98,9.22,"High",181,"Foggy","No",55.05
4025,"Bike","City Road",35.1,6.2,"High",47,"Rainy","No",27.85
4026,"Truck","Expressway",118.9,4.52,"Medium",92,"Cloudy","No",0.1
4027,"Car","Rural Road",66.39,19.17,"Medium",22,"Foggy","No",9.33
4028,"Auto","Expressway",63.63,2.5,"Medium",83,"Foggy","No",49.61
4029,"Bike","Bridge",38.29,6.89,"Medium",97,"Sunny","No",3.85
4030,"Van","Rural Road",59.14,19.2,"High",131,"Cloudy","No",18.94
4031,"Truck","Main Road",115.89,29.74,"Low",66,"Sunny","No",9.56
4032,"Bus","Main Road",35.87,7.47,"Low",106,"Cloudy","No",30.06
4033,"Car","Street",57.34,12.08,"Low",126,"Foggy","No",46.62
4034,"Truck","Junction",26.07,26,"Medium",98,"Foggy","No",10.96
4035,"Auto","Junction",47.5,15.19,"Low",113,"Sunny","No",11.02
4036,"Van","Highway",50.9,16.42,"High",170,"Rainy","No",38.68
4037,"Bike","Rural Road",106.97,4.37,"Low",87,"Sunny","No",33.65
4038,"Car","Street",71.6,14.63,"Low",116,"Sunny","No",10.29
4039,"Auto","Expressway",24.17,3.81,"High",120,"Foggy","No",44.93
4040,"Car","Street",31.36,12.25,"High",153,"Foggy","No",2.1
4041,"Auto","Expressway",105.43,22.67,"High",25,"Foggy","No",2.07
4042,"Auto","Rural Road",96.71,13.33,"Low",150,"Cloudy","No",43.14
4043,"Truck","Street",43.85,21.26,"Low",149,"Cloudy","No",5.73
4044,"Van","Street",66.22,4.09,"Low",91,"Cloudy","No",49.97
4045,"Bike","Main Road",77.58,27.16,"Low",134,"Sunny","No",8.04
4046,"Bike","City Road",59.9,29.25,"High",84,"Cloudy","No",59.84
4047,"Van","Bridge",29.05,6.83,"Medium",28,"Sunny","No",8.06
4048,"Auto","Junction",42.77,20.26,"Low",88,"Foggy","No",17.63
4049,"Car","Street",93.25,9.75,"Medium",134,"Sunny","No",53.6
4050,"Bike","Junction",48.87,16.02,"Low",57,"Rainy","No",40.1
4051,"Van","Rural Road",103.34,29.72,"Low",63,"Cloudy","No",20.02
4052,"Auto","Bridge",62.36,26.16,"Medium",198,"Foggy","No",52.89
4053,"Car","Bridge",83.59,24.05,"Medium",181,"Sunny","No",53.99
4054,"Bus","Bridge",20.87,12.43,"High",164,"Cloudy","No",58.57
4055,"Auto","Highway",45.32,15.87,"Low",18,"Cloudy","No",6.08
4056,"Truck","Main Road",101.82,20.2,"Medium",133,"Cloudy","No",18.25
4057,"Auto","Expressway",92.3,10.55,"High",67,"Foggy","No",2.41
4058,"Van","City Road",88.95,6.27,"Medium",190,"Foggy","No",13.82
4059,"Auto","Junction",60.92,9.87,"High",198,"Foggy","No",39.95
4060,"Bike","Main Road",23.66,27.45,"Low",92,"Cloudy","No",51.33
4061,"Auto","Expressway",77.27,7.71,"Low",58,"Cloudy","No",46.8
4062,"Bus","Bridge",39.24,24.76,"High",84,"Rainy","No",5.36
4063,"Truck","Expressway",53.18,24.24,"Medium",84,"Foggy","No",3.86
4064,"Car","Junction",41.89,5.78,"Medium",86,"Foggy","No",14.85
4065,"Auto","Rural Road",119.26,13.36,"Medium",53,"Sunny","No",12.4
4066,"Car","Expressway",64,24.37,"Low",79,"Cloudy","No",31.4
4067,"Car","Bridge",23.9,12.87,"Medium",60,"Sunny","No",57.55
4068,"Truck","Expressway",32.64,24.3,"High",10,"Sunny","No",21.76
4069,"Auto","City Road",93.63,4.84,"High",33,"Rainy","No",17.47
4070,"Car","Street",116.76,25.82,"Low",137,"Rainy","No",43.46
4071,"Truck","Highway",117.2,29.05,"Low",120,"Foggy","Yes",36.04
4072,"Bike","Highway",77.68,26.47,"Medium",193,"Cloudy","No",43.91
4073,"Bus","Rural Road",39.89,20.14,"High",44,"Rainy","No",22.35
4074,"Truck","City Road",56.69,10.84,"Medium",71,"Sunny","No",19.83
4075,"Van","Main Road",24.39,8.06,"High",57,"Sunny","No",0.7
4076,"Auto","Street",117.91,22.76,"Medium",72,"Sunny","No",7.95
4077,"Bike","Highway",31.13,13.78,"High",143,"Foggy","No",26.5
4078,"Van","City Road",27.7,28.84,"Medium",180,"Rainy","No",48.84
4079,"Bike","Bridge",74.48,6.99,"Medium",109,"Cloudy","No",2.45
4080,"Bus","Expressway",75.08,27.57,"Low",63,"Sunny","Yes",25.53
4081,"Auto","Bridge",112.18,10.79,"Medium",80,"Sunny","Yes",16.67
4082,"Car","Main Road",117.84,13.5,"High",90,"Sunny","Yes",29.73
4083,"Auto","Rural Road",95.17,6.98,"Low",68,"Cloudy","No",41.55
4084,"Truck","Street",21.76,5.43,"Medium",162,"Cloudy","No",35.43
4085,"Auto","Rural Road",76.56,24.4,"High",156,"Foggy","No",20.67
4086,"Car","Highway",108.59,4.66,"Medium",184,"Rainy","No",0.32
4087,"Van","Junction",35.59,23.85,"Low",76,"Cloudy","No",44.86
4088,"Car","Street",119.3,27.24,"Medium",42,"Sunny","No",55.2
4089,"Truck","Bridge",42.58,24.57,"Medium",77,"Cloudy","No",39.45
4090,"Truck","Main Road",108.47,29.42,"High",54,"Foggy","No",33.9
4091,"Bus","Bridge",72.71,12.61,"Low",70,"Rainy","Yes",14.94
4092,"Van","Highway",84.45,23.99,"Medium",77,"Sunny","No",49.63
4093,"Bus","Main Road",72.71,9.34,"Medium",155,"Rainy","No",53.24
4094,"Bus","Junction",102.42,20.9,"Low",189,"Foggy","Yes",10.74
4095,"Bike","Main Road",63.82,1.02,"Low",165,"Foggy","No",22.18
4096,"Truck","Expressway",24.62,27.62,"Medium",45,"Foggy","No",29.13
4097,"Bike","Expressway",23.24,22.81,"Low",90,"Cloudy","No",12.75
4098,"Car","Bridge",52.7,15.11,"Medium",38,"Sunny","No",34.12
4099,"Bike","Highway",79.94,6.12,"Medium",53,"Sunny","No",12.98
4100,"Van","City Road",80.73,21.65,"High",14,"Rainy","No",2.77
4101,"Bike","Street",60.77,28.76,"Low",70,"Cloudy","No",53.01
4102,"Bus","Main Road",25.23,24.26,"Medium",18,"Foggy","Yes",40.78
4103,"Truck","Rural Road",25.66,12.82,"Medium",165,"Sunny","No",51.13
4104,"Truck","City Road",86.95,21.72,"High",10,"Sunny","No",34.41
4105,"Van","Junction",24.11,16.91,"High",120,"Cloudy","No",31.01
4106,"Bike","Highway",51.25,8.63,"Medium",50,"Sunny","No",52.02
4107,"Truck","City Road",76.53,25.06,"Low",90,"Foggy","No",40.07
4108,"Bus","Main Road",108.04,1.02,"Medium",10,"Foggy","No",24.58
4109,"Bus","City Road",38.37,8.34,"Low",34,"Foggy","No",37.3
4110,"Truck","City Road",74.36,21.22,"Medium",48,"Foggy","No",51.84
4111,"Van","Junction",23.35,20.46,"Medium",148,"Cloudy","No",5.48
4112,"Auto","Main Road",90.53,7.58,"High",11,"Rainy","No",32.67
4113,"Car","Junction",66.14,26.56,"High",118,"Sunny","No",54.16
4114,"Auto","Bridge",102.98,11.6,"High",127,"Sunny","No",42.18
4115,"Car","Rural Road",88.88,18.04,"Low",78,"Rainy","No",58.34
4116,"Truck","Main Road",67.23,27.03,"High",130,"Rainy","No",32.47
4117,"Truck","Junction",104.83,29.01,"High",37,"Cloudy","No",27.35
4118,"Bus","City Road",61.14,29.86,"High",193,"Rainy","No",11.05
4119,"Car","Street",36.04,10.87,"Medium",47,"Cloudy","No",3.5
4120,"Truck","Street",33.73,13.42,"Low",124,"Cloudy","No",46.42
4121,"Truck","Main Road",68.61,24.22,"High",101,"Cloudy","No",32.7
4122,"Bus","Junction",46.91,2.51,"High",20,"Rainy","No",12.36
4123,"Car","Main Road",107.07,23.2,"Low",153,"Foggy","No",44.29
4124,"Car","City Road",92.8,22.81,"Medium",75,"Rainy","No",37.11
4125,"Van","Rural Road",26.83,18.06,"Low",50,"Cloudy","No",44.91
4126,"Bike","Main Road",81.73,6.6,"Low",99,"Cloudy","No",29.6
4127,"Bus","Junction",107.33,27.2,"Medium",172,"Rainy","No",49.02
4128,"Van","City Road",110.34,20.37,"High",57,"Sunny","No",51
4129,"Bus","Expressway",116.59,13.87,"High",120,"Sunny","No",49.5
4130,"Bike","Rural Road",41.57,5.81,"Medium",188,"Cloudy","No",35.52
4131,"Bus","City Road",43.03,13.62,"High",156,"Sunny","No",42.66
4132,"Van","Bridge",118.31,10.58,"Medium",104,"Cloudy","No",53.7
4133,"Van","Bridge",64.62,17.02,"Medium",47,"Rainy","No",47.63
4134,"Van","Expressway",77.84,10.39,"Medium",128,"Cloudy","No",26.17
4135,"Van","Main Road",20.01,22.83,"Medium",37,"Foggy","Yes",15.09
4136,"Truck","Junction",78.06,24.22,"Medium",17,"Cloudy","No",43.98
4137,"Bus","Junction",22.37,6.43,"Low",90,"Cloudy","No",36.88
4138,"Bike","Expressway",68.28,13.4,"Medium",72,"Sunny","No",20.14
4139,"Truck","Street",110.35,4.06,"Medium",136,"Sunny","No",31.42
4140,"Bike","Street",67.78,10.78,"Low",148,"Cloudy","No",27.76
4141,"Car","Highway",20.18,5.58,"Medium",56,"Rainy","No",41.49
4142,"Van","Rural Road",36.88,19.39,"High",117,"Cloudy","No",57.43
4143,"Auto","Main Road",73.9,9.85,"High",115,"Foggy","Yes",35.49
4144,"Bike","City Road",23.06,24.72,"Medium",28,"Cloudy","No",51.54
4145,"Truck","Rural Road",34.05,24.38,"High",78,"Sunny","No",46.54
4146,"Bus","Street",73.68,14.36,"Low",149,"Rainy","No",29.7
4147,"Auto","Highway",60.78,19.87,"Medium",20,"Sunny","No",58.55
4148,"Car","Street",57.79,28.18,"High",162,"Sunny","No",41.27
4149,"Car","Highway",46.81,16.35,"Low",130,"Cloudy","No",6.6
4150,"Van","Main Road",73.84,26.07,"Medium",179,"Rainy","No",36.31
4151,"Van","City Road",62.42,23.92,"High",101,"Rainy","Yes",0.04
4152,"Bike","Street",78.16,21.46,"High",158,"Sunny","No",34.63
4153,"Bike","Rural Road",64.08,25.93,"Low",103,"Cloudy","No",13.65
4154,"Auto","Main Road",98.01,14.07,"Medium",144,"Sunny","No",43.14
4155,"Bus","Main Road",86.81,2.69,"Low",15,"Sunny","No",59.84
4156,"Bus","Highway",37.4,25.12,"Medium",177,"Foggy","No",45.09
4157,"Auto","Main Road",58.4,14.1,"Low",11,"Foggy","No",18.97
4158,"Auto","Rural Road",104.77,11.25,"High",109,"Foggy","No",44.17
4159,"Auto","Main Road",106.45,13.08,"High",104,"Sunny","No",28.25
4160,"Car","Main Road",29.42,10.31,"Low",98,"Rainy","No",39.78
4161,"Van","Main Road",34.59,27.17,"High",88,"Rainy","Yes",46.01
4162,"Auto","City Road",99.04,8.65,"Medium",137,"Foggy","No",8
4163,"Van","Main Road",68.01,11.06,"Medium",13,"Foggy","No",49.79
4164,"Bus","Highway",85.28,6.86,"Medium",190,"Sunny","No",23.9
4165,"Bike","Bridge",21.78,17.12,"Medium",83,"Cloudy","No",20.28
4166,"Bike","Street",89.14,28.43,"High",34,"Foggy","No",53.92
4167,"Truck","Main Road",88.77,26.31,"Medium",108,"Foggy","No",47.7
4168,"Van","City Road",38.4,14.06,"High",150,"Sunny","Yes",4.05
4169,"Bus","Rural Road",75.87,27.81,"Low",127,"Foggy","No",13.71
4170,"Car","Main Road",28.69,29.3,"Medium",141,"Sunny","No",44.47
4171,"Bus","Junction",98.63,23.67,"Low",160,"Foggy","No",53.56
4172,"Bus","City Road",117.18,5.19,"High",11,"Rainy","No",31.69
4173,"Van","Bridge",28.17,14.91,"Medium",113,"Sunny","No",18.4
4174,"Car","Expressway",89.78,21.59,"High",132,"Sunny","Yes",19.56
4175,"Van","Street",49.35,19.44,"High",33,"Sunny","Yes",25.58
4176,"Bus","Bridge",39.63,4.53,"Low",180,"Rainy","No",33.91
4177,"Bus","City Road",31.33,1.53,"Low",109,"Sunny","Yes",0.95
4178,"Car","City Road",96.85,6.43,"High",52,"Cloudy","No",20.56
4179,"Auto","Rural Road",66.85,3.42,"Low",171,"Cloudy","No",13.89
4180,"Car","Street",23.51,21.02,"High",60,"Cloudy","No",14.38
4181,"Car","Highway",40.52,2.41,"High",177,"Foggy","No",2.54
4182,"Auto","Bridge",77.44,23.13,"Low",71,"Rainy","No",12.25
4183,"Van","Street",58.16,25.79,"Low",170,"Foggy","Yes",59.34
4184,"Truck","City Road",27.99,13.05,"Low",170,"Foggy","No",20.21
4185,"Bike","Street",106.78,23.81,"Low",24,"Cloudy","No",3.22
4186,"Bike","Street",36.9,13.25,"High",21,"Sunny","No",40.53
4187,"Bike","Highway",116.75,26.11,"Low",76,"Rainy","Yes",2
4188,"Auto","Bridge",37.3,11.44,"High",54,"Rainy","No",24.32
4189,"Car","Main Road",22.67,23.34,"Medium",71,"Rainy","No",0.4
4190,"Bus","Rural Road",38.73,5.08,"Medium",182,"Cloudy","No",21.27
4191,"Truck","Expressway",28.73,13.28,"Low",200,"Rainy","No",51.85
4192,"Van","Rural Road",116.94,16.49,"Medium",182,"Cloudy","No",38.69
4193,"Auto","City Road",108.01,21.09,"Low",107,"Cloudy","No",17.9
4194,"Car","Highway",83.09,5.36,"Medium",119,"Rainy","No",22.24
4195,"Truck","City Road",73.05,22.51,"High",64,"Rainy","No",21.43
4196,"Car","Highway",33.35,27.76,"Medium",158,"Foggy","No",43.76
4197,"Auto","Junction",36.12,27,"High",121,"Foggy","Yes",45.23
4198,"Van","Highway",43.72,18.07,"Medium",172,"Cloudy","No",30.33
4199,"Truck","City Road",95.66,7.4,"Low",109,"Cloudy","No",20.05
4200,"Auto","Highway",76.74,7.09,"Low",82,"Rainy","No",2.76
4201,"Bus","Expressway",32.23,19.49,"Low",192,"Cloudy","No",33.86
4202,"Van","City Road",51.72,29.31,"Low",77,"Cloudy","No",14.08
4203,"Auto","Highway",64.25,3.78,"High",148,"Foggy","Yes",48.59
4204,"Bus","Rural Road",24.49,22.92,"Medium",113,"Foggy","No",16.11
4205,"Car","Main Road",84.41,1.95,"High",140,"Foggy","No",58.69
4206,"Auto","Junction",111.04,19.43,"Medium",102,"Rainy","No",26.37
4207,"Auto","Rural Road",98.56,2.88,"Medium",122,"Foggy","No",48.1
4208,"Car","City Road",105.69,22.5,"Low",45,"Rainy","No",23.56
4209,"Van","Bridge",95.09,1.79,"Low",182,"Sunny","No",33.48
4210,"Bike","Expressway",57.64,9.69,"Medium",116,"Rainy","No",58.53
4211,"Car","Junction",90.79,6.53,"Medium",144,"Sunny","No",48.06
4212,"Bus","Rural Road",82.37,18.4,"Low",26,"Rainy","No",46.49
4213,"Auto","Junction",85.89,3.97,"High",155,"Cloudy","No",33.59
4214,"Auto","Rural Road",66.98,26.03,"Medium",195,"Sunny","No",4.47
4215,"Truck","Highway",103.43,29,"Medium",37,"Rainy","No",21.6
4216,"Truck","Rural Road",112.07,25.95,"Medium",118,"Sunny","No",17.19
4217,"Auto","City Road",56.26,23.6,"Low",188,"Foggy","No",25.83
4218,"Car","Bridge",56.79,12.24,"Low",93,"Sunny","No",16
4219,"Truck","Street",33.76,12.69,"Low",155,"Foggy","No",24.87
4220,"Car","City Road",26.71,2.94,"Low",24,"Rainy","No",8.89
4221,"Bike","Bridge",85.99,11.01,"High",186,"Foggy","No",59.04
4222,"Bike","Bridge",29.03,1.04,"Low",103,"Sunny","Yes",34.67
4223,"Truck","Rural Road",84.56,27.95,"High",99,"Rainy","No",55.72
4224,"Van","Street",68.43,21.97,"High",150,"Cloudy","No",8.56
4225,"Truck","Junction",103.88,18.46,"Low",78,"Rainy","No",32.47
4226,"Bike","Main Road",38.18,18.84,"High",25,"Rainy","No",51.69
4227,"Bike","Junction",35.79,7.37,"Medium",122,"Cloudy","No",58.2
4228,"Auto","Main Road",94.59,1.58,"High",184,"Cloudy","No",49.5
4229,"Bus","City Road",83.74,14.05,"Medium",196,"Cloudy","No",37.56
4230,"Bus","Rural Road",49.07,29.45,"Low",125,"Sunny","No",47.04
4231,"Bike","City Road",52.68,15.99,"Medium",136,"Sunny","No",18.39
4232,"Van","Bridge",88.16,26.84,"High",94,"Cloudy","No",44.58
4233,"Auto","Expressway",94.38,14.23,"Low",158,"Foggy","No",58.44
4234,"Van","Rural Road",92.03,2.47,"Low",37,"Foggy","Yes",10.1
4235,"Bike","Junction",107.28,29.62,"Medium",112,"Foggy","No",54.22
4236,"Car","Bridge",43.88,6.92,"High",153,"Sunny","No",49.8
4237,"Truck","City Road",100.13,25.22,"Low",104,"Foggy","No",24.57
4238,"Van","Highway",33.23,1.82,"Medium",102,"Rainy","No",29.2
4239,"Bus","Street",35.35,21.95,"Medium",68,"Sunny","No",21.49
4240,"Car","Bridge",34.16,27.65,"High",124,"Foggy","No",43.27
4241,"Truck","Main Road",39.21,9.78,"High",115,"Sunny","No",36.47
4242,"Bike","Expressway",108.33,18.32,"Medium",63,"Sunny","No",8.97
4243,"Auto","Junction",47.03,28.24,"Low",153,"Sunny","No",2.34
4244,"Car","Main Road",77.43,22.12,"Medium",158,"Cloudy","No",43.46
4245,"Bus","Rural Road",87,24.04,"Medium",98,"Rainy","No",50.67
4246,"Auto","City Road",70.89,14.9,"Medium",13,"Sunny","No",14.49
4247,"Van","Highway",43.82,2.38,"Low",106,"Rainy","No",22.69
4248,"Van","Highway",65.03,15.08,"Medium",145,"Cloudy","Yes",43.88
4249,"Bike","Street",78.33,8.19,"Low",170,"Foggy","No",24.2
4250,"Auto","Junction",88.19,4.36,"Medium",108,"Sunny","No",2.38
4251,"Bike","City Road",106.65,28.47,"Medium",75,"Sunny","No",30.49
4252,"Auto","Highway",103.96,1.15,"Low",199,"Cloudy","No",11.24
4253,"Car","Highway",90.66,1.9,"Medium",76,"Rainy","No",6.4
4254,"Bike","Expressway",100.02,24.15,"High",170,"Sunny","No",39.71
4255,"Bike","Bridge",109.4,10.56,"Low",116,"Foggy","No",57.66
4256,"Car","Street",83.71,19.84,"High",156,"Rainy","No",59.38
4257,"Car","Highway",73.52,17.06,"High",73,"Foggy","No",33.49
4258,"Bike","City Road",57.77,2.22,"Medium",150,"Cloudy","No",59.36
4259,"Car","City Road",80.41,4.73,"Medium",66,"Rainy","No",42.72
4260,"Truck","City Road",105.62,16.99,"High",12,"Rainy","No",59.27
4261,"Truck","Street",36.28,26.99,"Low",191,"Sunny","Yes",59.95
4262,"Van","Highway",76.63,16.87,"Medium",104,"Cloudy","No",16.81
4263,"Auto","Main Road",93.59,9.5,"Low",189,"Rainy","No",19.72
4264,"Van","Rural Road",53.11,27.96,"Medium",192,"Rainy","No",2.81
4265,"Auto","Main Road",24.12,10.98,"Low",44,"Cloudy","No",8.81
4266,"Van","Highway",95.22,28.28,"High",149,"Cloudy","No",20.44
4267,"Truck","Bridge",28.76,2.59,"High",144,"Sunny","Yes",10.87
4268,"Bus","Main Road",83.26,19.9,"Medium",146,"Cloudy","No",17.97
4269,"Van","Highway",84.21,15.73,"Low",87,"Foggy","Yes",1.64
4270,"Car","Rural Road",23.93,2.16,"Medium",20,"Rainy","No",13.08
4271,"Truck","Rural Road",37.88,9.09,"Medium",98,"Rainy","Yes",12.87
4272,"Van","Junction",106.15,7.39,"Low",175,"Cloudy","No",28.68
4273,"Bus","Main Road",84.52,10.54,"Medium",139,"Cloudy","No",30.02
4274,"Bike","Junction",64.75,7.44,"Low",113,"Sunny","No",35.33
4275,"Auto","Expressway",29.74,13,"Low",24,"Foggy","No",37
4276,"Bus","Main Road",59.6,19.49,"High",155,"Rainy","No",59.82
4277,"Bus","Junction",71.06,26.24,"Medium",148,"Cloudy","No",50.05
4278,"Bike","Bridge",90.75,6.22,"Medium",167,"Cloudy","No",16.31
4279,"Auto","City Road",24.54,8.3,"Medium",16,"Sunny","No",2.94
4280,"Auto","Bridge",114.96,12,"Medium",104,"Sunny","No",54.8
4281,"Truck","Expressway",88.23,8.59,"Medium",100,"Foggy","No",33.75
4282,"Truck","Bridge",100.29,8.25,"Medium",180,"Rainy","No",37.88
4283,"Bike","City Road",23.93,16.42,"High",89,"Sunny","No",6.39
4284,"Auto","Highway",91.04,4.5,"Low",54,"Cloudy","No",58.64
4285,"Auto","Street",80.52,19.31,"Low",134,"Foggy","No",6.33
4286,"Car","Rural Road",84.51,14.26,"Medium",162,"Foggy","No",37.3
4287,"Car","Bridge",70.42,1.98,"Low",40,"Sunny","No",30.04
4288,"Bike","Expressway",69.68,2.33,"Medium",116,"Cloudy","No",15.05
4289,"Car","Bridge",102.44,3.48,"Medium",57,"Foggy","No",17.73
4290,"Bus","Street",72.87,7.36,"Medium",37,"Cloudy","No",53.2
4291,"Bike","Expressway",119.12,16.01,"Medium",108,"Rainy","No",54.91
4292,"Auto","Highway",101.59,26.68,"Medium",179,"Foggy","No",46.16
4293,"Bike","Bridge",23.65,24.46,"Medium",39,"Cloudy","No",51.38
4294,"Car","Expressway",102.04,16.65,"High",170,"Sunny","No",54.95
4295,"Bus","City Road",55.89,17.9,"Low",127,"Sunny","No",50.59
4296,"Bike","Highway",92.25,15.11,"Low",139,"Cloudy","No",58.77
4297,"Bus","Expressway",45.42,8.83,"Low",79,"Foggy","No",30.9
4298,"Truck","Highway",96.28,16.3,"Low",73,"Foggy","No",18.13
4299,"Auto","City Road",44.79,13.09,"High",41,"Foggy","No",53.33
4300,"Van","Junction",95.08,6.56,"Medium",112,"Rainy","No",21.13
4301,"Bike","Junction",29.86,25.18,"Low",150,"Sunny","No",12.41
4302,"Truck","Street",97.51,19.19,"High",29,"Foggy","No",8.62
4303,"Bus","Bridge",88.59,23.54,"High",191,"Sunny","No",7.07
4304,"Car","Highway",30.74,11.81,"High",60,"Cloudy","No",58.2
4305,"Van","City Road",78.84,4.61,"Low",72,"Cloudy","Yes",18.31
4306,"Car","Street",118.53,18.13,"High",139,"Cloudy","No",53.49
4307,"Van","Main Road",89.53,25.3,"Medium",178,"Foggy","No",35.59
4308,"Auto","Main Road",57.83,5.82,"Low",51,"Sunny","No",1.12
4309,"Van","Bridge",116.47,8.36,"Medium",71,"Cloudy","No",10.04
4310,"Car","City Road",72.74,13.73,"Low",128,"Sunny","No",51.01
4311,"Van","Bridge",24.43,21.82,"Low",38,"Sunny","No",43.56
4312,"Bus","Expressway",87.27,25.75,"Low",69,"Foggy","No",32.07
4313,"Car","Main Road",81.31,13.91,"High",95,"Rainy","No",27.21
4314,"Truck","City Road",62.98,21.56,"Medium",48,"Cloudy","Yes",6.29
4315,"Bike","Main Road",59.39,13.56,"Low",31,"Rainy","No",30.57
4316,"Bike","Bridge",96.02,23.64,"High",11,"Rainy","No",22.95
4317,"Bike","Highway",55.21,21.81,"High",168,"Rainy","No",26.79
4318,"Truck","Highway",67.61,4.06,"High",11,"Sunny","No",41.74
4319,"Car","City Road",44.37,29.81,"Medium",56,"Cloudy","No",53.38
4320,"Bus","Bridge",84.58,20.28,"Low",17,"Cloudy","No",47.82
4321,"Auto","Highway",62.33,15.13,"Medium",87,"Cloudy","No",3.55
4322,"Bus","Highway",90.74,25.26,"High",99,"Foggy","No",40.52
4323,"Bike","Highway",102.56,7.06,"Low",115,"Foggy","No",37.38
4324,"Bike","Expressway",97.83,7.15,"High",84,"Sunny","No",7.66
4325,"Bus","Junction",40.55,25.66,"Medium",103,"Sunny","No",6.69
4326,"Truck","Rural Road",25.66,9.67,"High",99,"Cloudy","No",7.17
4327,"Bike","Main Road",57.82,11.99,"Medium",82,"Sunny","No",32.05
4328,"Truck","Highway",20.28,25.17,"Medium",47,"Cloudy","No",13.14
4329,"Auto","Main Road",86.32,14.99,"Low",149,"Foggy","No",18.88
4330,"Truck","Junction",118.49,14.27,"High",156,"Foggy","Yes",12.71
4331,"Truck","Junction",87.46,6.07,"High",199,"Foggy","No",10.56
4332,"Car","Main Road",25.14,22.95,"Low",160,"Foggy","No",32.78
4333,"Bus","Main Road",115.98,20.38,"Medium",168,"Sunny","No",4.23
4334,"Truck","Rural Road",23.43,14.62,"High",80,"Sunny","No",47.97
4335,"Truck","Bridge",58.21,3.2,"Medium",87,"Foggy","No",5.79
4336,"Truck","Street",109.45,24.18,"Medium",23,"Rainy","No",22.78
4337,"Auto","City Road",62.99,4.43,"High",18,"Rainy","No",55.83
4338,"Bike","Expressway",65.7,24.96,"Medium",39,"Rainy","No",13.09
4339,"Bus","Main Road",23.74,20.71,"High",177,"Foggy","No",46.39
4340,"Bike","Expressway",107.07,26.46,"High",112,"Rainy","No",43.67
4341,"Auto","City Road",110.52,27.54,"High",96,"Rainy","No",39.19
4342,"Car","Rural Road",65.79,27.02,"High",32,"Cloudy","No",15.28
4343,"Bus","Junction",96.76,24.6,"High",60,"Cloudy","No",57.36
4344,"Bike","City Road",42.01,16.99,"Low",95,"Sunny","No",18.02
4345,"Bus","Bridge",103.95,23.48,"Medium",57,"Rainy","No",42.24
4346,"Bus","Expressway",81.59,28.21,"Medium",37,"Rainy","No",25.37
4347,"Truck","Main Road",35.88,2.72,"Medium",11,"Foggy","No",12.49
4348,"Van","Rural Road",60.25,21.58,"Low",119,"Foggy","No",21.11
4349,"Van","Highway",113.62,20.59,"Medium",27,"Rainy","Yes",54.57
4350,"Truck","Rural Road",42.11,21.16,"Medium",117,"Sunny","No",32.35
4351,"Bus","Junction",44.4,7.82,"High",57,"Foggy","No",58.99
4352,"Car","Highway",36.29,24.91,"High",187,"Sunny","No",14.54
4353,"Auto","Rural Road",113.43,16.24,"Medium",187,"Rainy","Yes",14.95
4354,"Van","Bridge",69.1,7.97,"High",186,"Rainy","No",13.27
4355,"Bus","Rural Road",68.44,27.38,"Low",47,"Foggy","No",14.03
4356,"Auto","Bridge",39.55,22.67,"High",171,"Foggy","No",13.06
4357,"Bus","City Road",91.83,2.79,"Low",141,"Cloudy","No",52.33
4358,"Truck","Bridge",97.62,21.52,"Low",12,"Sunny","No",5.97
4359,"Auto","Rural Road",75.88,24.55,"Low",78,"Cloudy","No",22.65
4360,"Bike","Highway",65.86,26.02,"High",74,"Foggy","Yes",26.01
4361,"Car","Bridge",39.98,1.99,"Medium",146,"Sunny","No",30.26
4362,"Bike","Highway",37.44,11.82,"Low",104,"Foggy","No",44.19
4363,"Van","Main Road",63.61,3.43,"High",138,"Foggy","No",52.66
4364,"Truck","Highway",44.67,2.76,"Medium",131,"Cloudy","No",40.49
4365,"Truck","City Road",49.81,18.07,"Low",199,"Foggy","No",35.31
4366,"Car","Bridge",30.34,6.48,"High",50,"Sunny","No",18.33
4367,"Truck","Expressway",35.37,28.52,"Medium",102,"Cloudy","No",27.18
4368,"Car","Rural Road",92.04,8.9,"High",49,"Foggy","No",44.36
4369,"Truck","Expressway",64.36,9.33,"Low",197,"Rainy","No",53.6
4370,"Van","City Road",33.66,27.56,"Low",200,"Sunny","No",45.11
4371,"Truck","Rural Road",38.75,6.32,"Low",76,"Rainy","No",14.43
4372,"Bus","Junction",91.87,8.96,"Low",35,"Rainy","No",20.86
4373,"Bike","Highway",69.25,15.26,"Medium",86,"Sunny","No",26.89
4374,"Car","Rural Road",110.86,24.27,"High",103,"Cloudy","Yes",7.34
4375,"Van","Highway",77.29,25.38,"Low",18,"Rainy","No",33.07
4376,"Bus","Main Road",98.31,26.4,"Medium",83,"Sunny","Yes",31.98
4377,"Bus","Highway",96.35,24.29,"Low",12,"Foggy","No",22.61
4378,"Bus","Junction",90.32,29.11,"High",112,"Cloudy","No",22.98
4379,"Bus","Bridge",39.77,14.46,"Medium",100,"Sunny","Yes",15.71
4380,"Bus","City Road",42.16,5.55,"High",43,"Cloudy","No",25.93
4381,"Truck","Main Road",94.99,25.43,"Medium",76,"Cloudy","No",30.84
4382,"Bike","Expressway",57.45,11.08,"Low",76,"Sunny","No",30.58
4383,"Auto","Bridge",70.19,17.59,"Low",164,"Sunny","No",2.93
4384,"Auto","Highway",114.4,20.39,"High",85,"Foggy","No",43.68
4385,"Car","Bridge",55.94,14.61,"Medium",150,"Sunny","No",13.1
4386,"Auto","Main Road",100.04,5.97,"High",146,"Sunny","No",39.16
4387,"Truck","Rural Road",106.82,16,"High",63,"Rainy","Yes",3.55
4388,"Truck","Rural Road",76.21,17.3,"High",130,"Foggy","Yes",48.04
4389,"Bus","Highway",79.76,26.31,"High",118,"Foggy","No",54.57
4390,"Bike","City Road",89.52,11.46,"Low",89,"Rainy","No",0.19
4391,"Auto","City Road",41.52,7.16,"Medium",36,"Cloudy","No",46.46
4392,"Van","Main Road",40.02,5.88,"High",20,"Foggy","No",45.14
4393,"Car","Street",30.24,5.47,"Medium",19,"Cloudy","No",12.85
4394,"Auto","Main Road",58.1,21.36,"High",195,"Sunny","No",4.81
4395,"Bike","Main Road",83.36,11.97,"High",139,"Cloudy","No",52.41
4396,"Van","Rural Road",53.69,20.7,"Low",22,"Sunny","No",24.56
4397,"Auto","Rural Road",42.42,14.23,"High",105,"Sunny","No",58.1
4398,"Bus","Bridge",102.63,20.25,"Low",109,"Rainy","No",38.19
4399,"Auto","Highway",116.47,21.79,"High",118,"Sunny","No",50.36
4400,"Auto","Bridge",40.59,8.91,"Low",19,"Sunny","No",23.14
4401,"Bus","City Road",90.71,19.98,"Low",145,"Foggy","No",53.28
4402,"Bus","City Road",31.67,12.74,"High",86,"Sunny","Yes",47.16
4403,"Van","Junction",20.31,28.91,"Low",109,"Rainy","No",25.32
4404,"Car","Main Road",48.24,24.48,"Low",118,"Cloudy","No",31.55
4405,"Auto","Street",35.33,12.22,"Medium",116,"Cloudy","No",18.43
4406,"Auto","Main Road",73.1,1.88,"Medium",97,"Cloudy","No",4.65
4407,"Bus","Highway",30.64,29.18,"Low",37,"Sunny","No",59.4
4408,"Car","City Road",66.21,6.83,"High",45,"Foggy","No",9.74
4409,"Bus","Bridge",35.47,27.67,"Medium",109,"Sunny","No",18.49
4410,"Bike","Highway",48.33,24.02,"Low",12,"Foggy","No",8.09
4411,"Bus","City Road",24.97,24.16,"Low",102,"Sunny","No",57.1
4412,"Car","Expressway",49.97,28.84,"High",161,"Rainy","No",39.75
4413,"Auto","Rural Road",89.89,19.02,"High",57,"Foggy","No",50.49
4414,"Truck","Rural Road",42.87,28.34,"Low",45,"Sunny","No",49.29
4415,"Truck","Highway",84.69,17.89,"High",48,"Rainy","No",27.55
4416,"Truck","Rural Road",97.43,28.26,"Low",49,"Foggy","No",2.59
4417,"Bike","Junction",86.47,1.92,"Medium",68,"Rainy","No",7.74
4418,"Bus","Street",66.32,5.68,"High",153,"Cloudy","No",32.52
4419,"Van","Main Road",106.94,2.89,"High",62,"Foggy","No",0.18
4420,"Bus","Junction",97.76,25.09,"Low",175,"Foggy","No",22.21
4421,"Auto","Junction",68.59,7.22,"High",101,"Rainy","No",43.89
4422,"Bike","Expressway",40.3,15.3,"Low",83,"Cloudy","No",30.62
4423,"Auto","Rural Road",112.49,16.47,"Medium",25,"Foggy","No",14.13
4424,"Bike","Bridge",108.88,25.98,"Medium",186,"Foggy","No",36.73
4425,"Bus","City Road",32.97,26.99,"Low",134,"Sunny","No",40.19
4426,"Auto","Bridge",58.36,16.93,"Low",111,"Sunny","No",26.38
4427,"Car","Expressway",44.65,5.91,"High",121,"Rainy","No",2.23
4428,"Auto","City Road",77.63,6.8,"High",168,"Cloudy","No",54.63
4429,"Bus","City Road",41.83,19,"High",14,"Rainy","No",53.18
4430,"Truck","Expressway",74.54,21.14,"Low",100,"Rainy","Yes",50.63
4431,"Auto","Bridge",55.28,1.44,"Medium",183,"Foggy","No",54.03
4432,"Bike","Street",76.92,14.73,"High",83,"Sunny","No",12.03
4433,"Auto","Highway",38.3,29.79,"Low",55,"Rainy","No",3.54
4434,"Car","Highway",30.23,10.62,"Low",106,"Cloudy","No",45.32
4435,"Bike","Main Road",93.99,13.26,"Low",171,"Rainy","No",10.89
4436,"Van","Main Road",41.21,6.5,"High",73,"Rainy","Yes",14.55
4437,"Truck","Bridge",64.9,1.85,"Low",70,"Sunny","No",6.94
4438,"Bus","Expressway",61.04,23.94,"High",96,"Cloudy","No",12.09
4439,"Truck","Main Road",106.67,25.69,"High",125,"Cloudy","No",59.17
4440,"Truck","City Road",33.35,23.53,"Low",170,"Foggy","No",16.98
4441,"Van","Rural Road",26.35,26.84,"Low",157,"Rainy","No",5.8
4442,"Car","Junction",95.71,10.96,"Low",200,"Foggy","No",32.79
4443,"Truck","Expressway",26.28,23.63,"High",13,"Foggy","No",28.73
4444,"Bus","City Road",35.87,26.93,"Low",28,"Sunny","No",27.99
4445,"Bike","Bridge",44.85,24.94,"Low",45,"Rainy","No",46.72
4446,"Van","City Road",51.79,18.15,"Medium",12,"Rainy","No",33.2
4447,"Car","Bridge",39.12,13.03,"Medium",88,"Sunny","No",22.15
4448,"Bus","Street",101.68,26.3,"Medium",119,"Sunny","No",7.34
4449,"Truck","Highway",26.41,27.3,"Medium",164,"Sunny","No",56.77
4450,"Car","Street",83.08,18,"Low",42,"Rainy","No",55.15
4451,"Auto","Street",85.26,12.82,"High",175,"Foggy","No",30.54
4452,"Truck","Rural Road",61.3,9.3,"High",194,"Rainy","No",15.71
4453,"Bus","City Road",94.85,1.84,"High",128,"Sunny","No",5.41
4454,"Bus","City Road",102.28,7.42,"Low",189,"Sunny","No",37.31
4455,"Bike","Street",110.63,29.17,"Medium",149,"Foggy","No",55.13
4456,"Bus","City Road",86.02,9.38,"Low",140,"Rainy","No",53.94
4457,"Truck","Main Road",89.57,26.62,"Medium",22,"Cloudy","No",51.64
4458,"Bike","Rural Road",92.1,23.03,"Medium",86,"Cloudy","No",48.5
4459,"Car","Bridge",86.69,23.29,"High",191,"Rainy","No",24.45
4460,"Van","Junction",100.36,2.39,"Medium",112,"Sunny","No",48.66
4461,"Car","Expressway",110.39,3.95,"Medium",123,"Sunny","No",16.52
4462,"Auto","City Road",47.6,28.53,"Medium",79,"Sunny","No",9.8
4463,"Van","Street",54.86,24.85,"Medium",54,"Cloudy","No",15.79
4464,"Bike","Rural Road",39.29,8.21,"High",59,"Cloudy","No",21.54
4465,"Truck","Highway",75.08,13.93,"Low",61,"Cloudy","No",21.92
4466,"Bus","Junction",116.24,11.06,"Low",25,"Sunny","No",14.43
4467,"Truck","City Road",81.38,26.49,"Medium",140,"Foggy","No",36.19
4468,"Van","Highway",117.75,16.23,"Low",171,"Cloudy","No",37.21
4469,"Truck","Rural Road",119.12,29.28,"High",117,"Rainy","Yes",44.3
4470,"Car","Bridge",37.05,23.9,"High",134,"Sunny","No",56.83
4471,"Truck","Junction",86.64,9.9,"High",53,"Rainy","No",36.19
4472,"Bike","Highway",82.02,25.17,"Low",99,"Sunny","No",28.9
4473,"Truck","Street",41.61,21.35,"Low",87,"Sunny","No",12.49
4474,"Auto","Expressway",106.76,8.98,"Low",170,"Rainy","No",28.82
4475,"Bike","Bridge",87.98,27.51,"Medium",54,"Cloudy","No",22.92
4476,"Auto","Street",73.47,8.38,"Low",17,"Sunny","No",12.66
4477,"Truck","City Road",32.59,26.09,"Medium",36,"Cloudy","No",8.31
4478,"Van","Main Road",100.23,3.54,"Low",165,"Foggy","No",26
4479,"Auto","Rural Road",33.24,16.09,"High",166,"Rainy","No",23.65
4480,"Bike","Expressway",23.07,1.07,"Medium",98,"Foggy","No",50.37
4481,"Van","City Road",108.7,9.26,"Low",176,"Cloudy","No",30.16
4482,"Bike","City Road",47.29,15.73,"Medium",94,"Sunny","No",18
4483,"Bike","Highway",32.04,22.33,"High",84,"Cloudy","No",36.75
4484,"Car","Junction",84.64,4.68,"Low",183,"Foggy","Yes",17.32
4485,"Bus","Junction",25.86,22.82,"High",135,"Cloudy","No",33.73
4486,"Van","Rural Road",68.21,6.95,"High",37,"Sunny","No",2.96
4487,"Bus","Street",51.91,6.91,"Low",162,"Sunny","No",55.63
4488,"Bike","Main Road",39.28,2.41,"High",54,"Cloudy","No",1.76
4489,"Auto","City Road",46.35,2.69,"Low",200,"Sunny","No",53.94
4490,"Truck","Junction",78.07,17.66,"High",44,"Sunny","No",39.71
4491,"Bike","Highway",82.3,21.65,"Medium",27,"Sunny","No",24.11
4492,"Car","Street",30.8,25.96,"Low",109,"Sunny","No",37.99
4493,"Truck","Rural Road",60.52,15.25,"Medium",67,"Rainy","No",7.44
4494,"Bike","Main Road",101.17,25.31,"Low",177,"Rainy","No",46.96
4495,"Car","City Road",119.59,7.56,"Low",99,"Cloudy","No",1.47
4496,"Bike","Expressway",39.43,19.56,"High",146,"Foggy","No",27.22
4497,"Car","Main Road",110.88,15.54,"Medium",11,"Foggy","No",33.66
4498,"Car","Rural Road",89.9,8.25,"High",25,"Sunny","No",33.11
4499,"Bus","Street",22.3,25.45,"High",194,"Foggy","No",3.82
4500,"Car","Street",56.44,13.51,"Medium",21,"Cloudy","Yes",15.48
4501,"Car","Rural Road",82.53,18.76,"High",68,"Foggy","No",58.49
4502,"Truck","City Road",101.45,2.79,"Medium",92,"Rainy","No",10.94
4503,"Truck","Expressway",54.04,13.21,"Low",57,"Foggy","No",40.42
4504,"Truck","Rural Road",65.1,1.11,"Medium",39,"Foggy","Yes",13.51
4505,"Bike","Expressway",98.1,7.94,"Low",50,"Foggy","No",2.74
4506,"Bike","Highway",115.08,23.61,"High",173,"Sunny","No",0.28
4507,"Bus","Rural Road",35.48,16.11,"High",70,"Sunny","Yes",35.61
4508,"Auto","Main Road",112.03,15.7,"Medium",121,"Rainy","No",23.44
4509,"Van","Expressway",50.15,12.69,"Medium",123,"Cloudy","No",59.81
4510,"Car","Expressway",106.06,26.14,"Low",179,"Cloudy","No",6.25
4511,"Auto","Rural Road",72.81,15.9,"Medium",182,"Cloudy","No",23.04
4512,"Van","Highway",90.25,25.06,"Medium",134,"Rainy","No",25.2
4513,"Truck","Expressway",85.9,24.01,"Low",107,"Foggy","No",46.1
4514,"Truck","Junction",82.4,6.36,"Medium",19,"Rainy","No",26.75
4515,"Car","Highway",24.9,25.64,"Medium",113,"Foggy","No",39.31
4516,"Auto","Main Road",26.45,4.92,"High",114,"Cloudy","No",58.56
4517,"Truck","Main Road",54.73,3.31,"Medium",118,"Sunny","No",54.77
4518,"Bike","Street",57.75,24.42,"High",171,"Sunny","No",11.29
4519,"Auto","Expressway",22.07,21.51,"High",162,"Rainy","No",12.47
4520,"Truck","Junction",46.63,1.36,"High",23,"Foggy","No",48.03
4521,"Auto","Junction",90.56,11.22,"High",120,"Cloudy","No",50.8
4522,"Truck","Expressway",84.41,22.71,"High",142,"Foggy","No",16.31
4523,"Truck","Main Road",45.29,22.16,"High",152,"Sunny","No",20.1
4524,"Van","Main Road",94.58,1.72,"Low",38,"Cloudy","No",48.49
4525,"Bike","Main Road",111.63,1.45,"Low",165,"Cloudy","No",46.35
4526,"Truck","Junction",67.39,2.38,"High",48,"Sunny","No",18.09
4527,"Car","City Road",108.14,29.85,"Medium",147,"Sunny","Yes",57.71
4528,"Bike","Bridge",94.24,19.07,"Medium",94,"Sunny","No",7.41
4529,"Van","Street",41.72,15.02,"Medium",103,"Sunny","No",56.56
4530,"Truck","Highway",107.04,9.22,"Low",90,"Cloudy","Yes",55.46
4531,"Auto","Bridge",83.76,13.1,"Medium",139,"Cloudy","No",41.23
4532,"Bus","Street",63,17.15,"Medium",141,"Rainy","No",45.99
4533,"Van","Street",107.9,18.6,"Medium",179,"Sunny","Yes",16.71
4534,"Bus","Rural Road",48.52,19.33,"Low",139,"Sunny","No",33.29
4535,"Auto","Main Road",87.82,6.39,"Low",89,"Cloudy","No",13.01
4536,"Bus","Rural Road",113.2,5.67,"Medium",20,"Cloudy","No",52.75
4537,"Car","City Road",33.34,15.82,"Medium",70,"Cloudy","No",25.06
4538,"Bus","Bridge",101.11,9.64,"Low",147,"Foggy","No",29.25
4539,"Auto","Highway",22.42,20.36,"Low",166,"Rainy","No",48.2
4540,"Bike","Rural Road",28.96,17.67,"Medium",65,"Foggy","No",30.67
4541,"Auto","Highway",79.68,11.7,"Low",113,"Foggy","No",11.11
4542,"Van","Main Road",70.03,19.13,"Medium",93,"Sunny","No",6.88
4543,"Van","Junction",43.61,24.81,"Low",47,"Sunny","No",6.09
4544,"Truck","Junction",114.09,17.34,"Low",100,"Rainy","No",38.87
4545,"Car","Junction",111.51,10.28,"Low",121,"Cloudy","No",50.9
4546,"Bus","Main Road",40.28,8.91,"Medium",112,"Cloudy","No",17.08
4547,"Car","Highway",40.59,21.86,"Low",97,"Foggy","No",40.7
4548,"Bus","Bridge",38.28,5.76,"Medium",155,"Cloudy","No",22.9
4549,"Bus","Junction",94.23,12.45,"Low",152,"Rainy","No",11.3
4550,"Bike","Rural Road",56.36,21.6,"Medium",196,"Rainy","No",53.31
4551,"Van","Street",102.54,2.08,"Low",164,"Foggy","No",39.46
4552,"Bike","Street",114.54,13.81,"High",15,"Foggy","No",39.57
4553,"Auto","City Road",98.7,19.06,"Low",110,"Foggy","No",58.2
4554,"Car","Highway",45.17,12.62,"High",17,"Rainy","No",50.6
4555,"Car","Highway",24.57,16.85,"High",55,"Foggy","No",40.2
4556,"Bus","Expressway",63.05,13.49,"Low",131,"Rainy","No",37.19
4557,"Van","City Road",27.04,23.42,"Low",109,"Rainy","No",41.11
4558,"Car","City Road",50.19,1.34,"High",66,"Cloudy","Yes",21.76
4559,"Bike","Expressway",51.11,28.46,"High",28,"Cloudy","No",0.75
4560,"Auto","Bridge",43.77,18.62,"Medium",196,"Foggy","No",8.37
4561,"Bike","Highway",105.13,15.92,"Medium",182,"Foggy","No",11.56
4562,"Bike","Expressway",87.52,1.01,"Low",105,"Sunny","No",33.39
4563,"Car","Junction",109.29,26.83,"Low",21,"Sunny","No",33.11
4564,"Car","Expressway",64.44,3.27,"Low",115,"Cloudy","No",39.9
4565,"Car","Expressway",116.84,15.94,"High",129,"Sunny","No",33.27
4566,"Bus","Bridge",111.25,9.86,"Low",111,"Sunny","No",47.73
4567,"Bus","Rural Road",37.64,9.82,"High",199,"Foggy","No",30.01
4568,"Bike","Main Road",27.12,19.13,"High",198,"Rainy","No",45.96
4569,"Bike","Bridge",45.68,10.18,"High",149,"Rainy","No",14.27
4570,"Bus","Street",112.19,27,"High",153,"Sunny","No",46.81
4571,"Van","Bridge",69.03,25.2,"High",67,"Foggy","No",45.03
4572,"Car","Rural Road",38.56,4.1,"High",186,"Cloudy","No",2.79
4573,"Auto","City Road",109.38,15.94,"Medium",99,"Foggy","No",59.33
4574,"Bus","Bridge",49.26,28.48,"Medium",35,"Foggy","No",20.34
4575,"Bike","City Road",22.78,23.57,"Medium",79,"Rainy","No",45.98
4576,"Truck","Expressway",48.97,3.92,"Low",103,"Cloudy","No",12.48
4577,"Car","Junction",31.07,16.79,"Medium",180,"Foggy","Yes",42.45
4578,"Car","Main Road",98.43,10.42,"Medium",176,"Cloudy","No",21.76
4579,"Auto","Highway",115.99,6.02,"Low",132,"Cloudy","No",56.85
4580,"Bike","Rural Road",116.55,13.23,"Medium",78,"Rainy","No",7.24
4581,"Van","Junction",98.35,16.89,"Low",167,"Rainy","No",38.15
4582,"Car","Street",39.11,23.33,"High",68,"Foggy","No",10.4
4583,"Auto","Expressway",21.64,6.24,"Medium",42,"Rainy","No",12.77
4584,"Bus","Expressway",94.38,24.32,"Low",146,"Foggy","No",29.41
4585,"Truck","Street",105.84,1.63,"High",104,"Foggy","No",53.84
4586,"Bike","Main Road",93.38,18.75,"Low",152,"Rainy","No",22.79
4587,"Car","Main Road",85.02,6.38,"Medium",138,"Rainy","No",7.07
4588,"Car","Street",58.65,12.29,"High",42,"Sunny","No",45.57
4589,"Bike","Main Road",44.23,3.04,"Low",86,"Cloudy","No",27.14
4590,"Van","Main Road",26.39,25.37,"High",134,"Rainy","No",27.66
4591,"Bike","Main Road",69.77,4.33,"Low",22,"Foggy","No",40.63
4592,"Van","Street",39.56,13.47,"High",137,"Foggy","No",39.64
4593,"Van","City Road",93.76,7.78,"Low",93,"Rainy","No",11.21
4594,"Car","Bridge",92.32,11.8,"Low",78,"Sunny","No",46.08
4595,"Bike","Expressway",83.78,23.8,"Medium",36,"Foggy","No",3.78
4596,"Bike","Expressway",71.83,28.91,"Medium",150,"Sunny","No",12.13
4597,"Van","Rural Road",98.69,10.82,"Low",85,"Sunny","No",52.42
4598,"Bus","Bridge",108.01,25.82,"Low",185,"Rainy","No",12.18
4599,"Bus","Rural Road",113.78,10.28,"Low",54,"Sunny","No",7.22
4600,"Van","Rural Road",40.93,20.21,"Low",29,"Cloudy","No",22.88
4601,"Car","Junction",85.18,4.82,"Low",10,"Sunny","No",29.23
4602,"Bus","Street",70.65,25.15,"High",182,"Cloudy","No",1.68
4603,"Auto","Bridge",26.94,13.78,"High",179,"Rainy","No",31.78
4604,"Bike","Junction",110.18,24.93,"High",69,"Rainy","No",25.01
4605,"Van","Highway",72.46,25.09,"High",152,"Sunny","No",1.95
4606,"Bus","Bridge",22.93,6.48,"High",150,"Sunny","No",43.4
4607,"Bike","City Road",20.88,23.67,"High",116,"Cloudy","Yes",9.04
4608,"Bus","Main Road",38.27,26.47,"Low",26,"Sunny","No",50.31
4609,"Van","Rural Road",60.41,23.47,"Low",116,"Cloudy","No",12.47
4610,"Van","City Road",61.05,24.96,"High",75,"Foggy","No",34.04
4611,"Bus","Main Road",41.21,20.58,"Medium",179,"Sunny","No",10.72
4612,"Van","Junction",82.44,29.44,"High",47,"Foggy","No",8.29
4613,"Bus","Main Road",37.74,4.39,"Medium",61,"Cloudy","No",36.85
4614,"Van","Main Road",57.22,25.15,"High",177,"Foggy","No",2.58
4615,"Car","Bridge",46.92,18.52,"High",122,"Sunny","No",8.05
4616,"Auto","Rural Road",106.02,24.79,"High",91,"Foggy","No",24.47
4617,"Bike","City Road",119.99,8.87,"Low",12,"Cloudy","Yes",37.25
4618,"Truck","Highway",89.09,3.4,"High",117,"Rainy","No",14.32
4619,"Van","Street",35.87,13.37,"High",29,"Sunny","No",55.17
4620,"Truck","Bridge",115.34,24.98,"Medium",62,"Sunny","Yes",8.67
4621,"Auto","Street",38.1,26.49,"Medium",164,"Rainy","No",7.3
4622,"Auto","Street",27.92,16.47,"Medium",29,"Cloudy","No",10.22
4623,"Bus","Main Road",55.16,16.43,"Medium",150,"Sunny","No",2.79
4624,"Car","Junction",92.43,12.51,"High",99,"Cloudy","No",15.28
4625,"Van","Street",55.05,19.92,"Medium",103,"Rainy","No",26.23
4626,"Car","Junction",51.04,23.28,"Low",72,"Foggy","No",56.07
4627,"Auto","City Road",119.97,20.61,"Low",195,"Rainy","Yes",33.03
4628,"Bus","Street",78.48,26.31,"High",99,"Sunny","No",19.62
4629,"Van","City Road",68.96,21.38,"High",195,"Rainy","Yes",44.84
4630,"Van","Highway",26.56,22.63,"Low",34,"Sunny","No",47.43
4631,"Van","Bridge",64.04,5.1,"Low",18,"Foggy","Yes",28.62
4632,"Bike","Expressway",34.7,9.36,"Medium",173,"Sunny","No",7.18
4633,"Bus","Rural Road",51.98,19.84,"Medium",32,"Foggy","No",0.21
4634,"Truck","Main Road",108.67,20.64,"Medium",153,"Foggy","No",18.97
4635,"Auto","Street",106.99,24.17,"Low",30,"Foggy","No",2.47
4636,"Car","Junction",112.94,15.11,"High",102,"Rainy","Yes",53.79
4637,"Auto","Street",61.6,5.81,"High",94,"Foggy","No",23.37
4638,"Van","City Road",51.63,9.72,"Low",109,"Rainy","No",27.02
4639,"Van","Bridge",88.08,9.76,"High",167,"Foggy","No",48.62
4640,"Car","City Road",69.68,12.25,"High",183,"Foggy","No",13.54
4641,"Car","Junction",74.33,1.58,"Low",123,"Rainy","No",47.04
4642,"Bus","Bridge",23.07,27.34,"Medium",183,"Sunny","No",23.12
4643,"Car","Highway",25.92,18.65,"Low",41,"Foggy","No",5.68
4644,"Bus","Junction",73.06,19.73,"Medium",11,"Sunny","No",17.45
4645,"Truck","Highway",40.86,14.02,"High",186,"Rainy","No",16.3
4646,"Bus","Bridge",56.42,11.84,"High",129,"Sunny","No",37.39
4647,"Truck","Street",70.05,4.75,"High",47,"Cloudy","No",31.16
4648,"Van","Main Road",115.7,19.77,"Medium",79,"Sunny","No",22.31
4649,"Bus","Main Road",108.55,10.34,"Medium",128,"Cloudy","No",24.39
4650,"Car","Main Road",89.99,20.06,"High",78,"Rainy","No",35.36
4651,"Bike","Junction",82.24,3.21,"High",176,"Rainy","No",53.71
4652,"Van","Highway",114.32,10.25,"High",92,"Foggy","No",12.11
4653,"Bus","Street",75.2,24.57,"Medium",22,"Rainy","Yes",23.48
4654,"Auto","Main Road",80.82,7.85,"Medium",131,"Foggy","No",5.94
4655,"Van","Main Road",41.04,7.43,"High",30,"Rainy","No",17.41
4656,"Bus","City Road",95.73,16.99,"High",157,"Cloudy","No",1.65
4657,"Truck","Highway",102.28,21.36,"High",94,"Cloudy","No",30.44
4658,"Bike","Main Road",98.69,8.42,"Low",91,"Foggy","Yes",10.52
4659,"Van","City Road",102.82,12.47,"Low",31,"Foggy","No",9.99
4660,"Bus","Street",21.84,22.57,"High",128,"Rainy","No",6.74
4661,"Auto","City Road",57.38,20.4,"Medium",199,"Foggy","No",0.11
4662,"Bus","Rural Road",100.66,11.07,"High",74,"Foggy","No",21.41
4663,"Truck","Main Road",98.01,8.55,"High",163,"Foggy","No",29.65
4664,"Bus","Expressway",89.77,20.1,"High",182,"Foggy","Yes",47.76
4665,"Auto","Highway",60.45,24.6,"Medium",170,"Cloudy","No",28.76
4666,"Truck","Main Road",98.21,16.61,"Low",96,"Cloudy","No",27.57
4667,"Van","Bridge",78.42,14.47,"High",80,"Sunny","No",19.54
4668,"Auto","Street",72.97,16.84,"Medium",89,"Cloudy","No",34.85
4669,"Car","City Road",99.55,20.66,"Medium",132,"Cloudy","No",35.93
4670,"Car","Expressway",72.21,20.77,"High",95,"Sunny","No",2.23
4671,"Bike","Highway",91.33,20.76,"Medium",198,"Sunny","No",6.62
4672,"Auto","Street",47.56,27.57,"Low",106,"Rainy","No",6.91
4673,"Bike","Street",42.59,23.4,"Low",153,"Rainy","No",26.45
4674,"Bus","Street",21.39,19.51,"High",21,"Foggy","No",21.7
4675,"Auto","Main Road",84.74,16.31,"Medium",54,"Sunny","Yes",35.98
4676,"Van","Junction",32.17,24.23,"Medium",19,"Foggy","Yes",4.25
4677,"Bike","City Road",49.97,20.31,"High",38,"Cloudy","No",17.64
4678,"Bus","Street",66.97,7.69,"High",156,"Sunny","No",27.98
4679,"Bus","Expressway",62.44,9.37,"Low",50,"Rainy","No",16.13
4680,"Car","Highway",33.14,10.75,"High",175,"Sunny","No",20.16
4681,"Bike","Expressway",38.35,1.43,"Medium",176,"Cloudy","No",29.36
4682,"Car","City Road",44.83,26.13,"High",40,"Foggy","No",26.43
4683,"Car","City Road",69.04,24.94,"High",54,"Foggy","No",37.15
4684,"Car","Highway",96.34,23.85,"Medium",175,"Rainy","No",41.2
4685,"Truck","Bridge",100.85,16.31,"Medium",147,"Foggy","No",38.86
4686,"Car","Expressway",93.93,18.61,"Low",79,"Cloudy","No",29.25
4687,"Car","Junction",57.73,7.07,"Medium",56,"Sunny","No",47.55
4688,"Bus","Junction",69.64,5.76,"Low",164,"Cloudy","No",49.31
4689,"Auto","Junction",96.45,6.21,"High",22,"Rainy","No",28.52
4690,"Bus","Rural Road",107.62,24.47,"Low",177,"Foggy","Yes",29.03
4691,"Truck","Bridge",65.9,14.79,"Medium",179,"Rainy","No",3.71
4692,"Truck","Rural Road",83.25,13.9,"High",28,"Rainy","No",43.86
4693,"Van","Rural Road",91.19,1.87,"High",63,"Foggy","No",46.31
4694,"Auto","Bridge",62.37,22.85,"Medium",173,"Rainy","No",23.23
4695,"Auto","Street",26.01,27.04,"High",68,"Sunny","Yes",53.18
4696,"Bus","Highway",78.36,9.65,"Low",86,"Foggy","No",52.87
4697,"Auto","City Road",96.11,12.85,"High",146,"Rainy","No",26.91
4698,"Bike","Street",38.92,2.43,"Low",93,"Sunny","No",13.74
4699,"Bike","Expressway",45.73,16.48,"Medium",12,"Foggy","No",51.18
4700,"Truck","Junction",59.7,3.95,"High",141,"Rainy","No",45.84
4701,"Van","Main Road",53.07,20.32,"Low",26,"Sunny","No",57.47
4702,"Auto","Main Road",27.04,6.88,"High",94,"Rainy","No",29.4
4703,"Car","Street",80.23,2.41,"Medium",86,"Foggy","No",56.11
4704,"Van","Bridge",53.62,8.25,"Low",69,"Foggy","No",48.8
4705,"Truck","Main Road",88.85,28.51,"Low",22,"Rainy","Yes",14.47
4706,"Bus","Junction",115.81,7.29,"Medium",89,"Cloudy","No",11.72
4707,"Bike","Expressway",51.02,28.77,"High",175,"Foggy","No",5.36
4708,"Bike","Highway",62.99,1.64,"High",45,"Foggy","No",53.55
4709,"Car","Junction",35.11,2.67,"Medium",82,"Rainy","No",29.27
4710,"Bus","Street",56.14,29.72,"High",97,"Foggy","No",12.23
4711,"Car","Main Road",44.39,3.98,"High",137,"Foggy","No",41.73
4712,"Van","Bridge",114.54,5.94,"High",177,"Cloudy","No",18.94
4713,"Bus","City Road",30.26,19.02,"High",82,"Rainy","No",19.36
4714,"Van","Street",45.59,27.93,"Medium",37,"Cloudy","Yes",46.23
4715,"Truck","Expressway",106.93,23.28,"Medium",93,"Sunny","No",13.35
4716,"Bike","City Road",29.67,6.84,"Low",25,"Foggy","Yes",19.91
4717,"Van","Street",84.84,1.12,"Low",12,"Cloudy","No",1.36
4718,"Car","Junction",85.43,16.93,"High",54,"Rainy","Yes",34.83
4719,"Auto","Rural Road",69.51,29.84,"Medium",68,"Cloudy","No",47.84
4720,"Truck","Bridge",82.52,18.94,"Medium",21,"Rainy","No",9.83
4721,"Car","Bridge",35.02,5.95,"Low",24,"Rainy","No",18.22
4722,"Van","Street",37.62,6.57,"High",112,"Sunny","No",14.63
4723,"Van","Rural Road",100.5,12.65,"Medium",191,"Sunny","No",19.65
4724,"Bus","Junction",39.99,8.86,"Medium",143,"Cloudy","No",38.94
4725,"Car","Main Road",77.53,15.03,"High",70,"Foggy","No",11.86
4726,"Bike","Bridge",63.38,13.36,"Low",62,"Sunny","No",29.45
4727,"Truck","City Road",24.22,11.01,"Medium",200,"Sunny","No",22.39
4728,"Bus","City Road",44.52,29.86,"Low",160,"Cloudy","No",6.57
4729,"Auto","Main Road",54.91,8.66,"High",171,"Sunny","No",50.34
4730,"Bus","Bridge",105.92,2.22,"High",170,"Foggy","No",24.23
4731,"Bike","Bridge",57.49,16.15,"Low",38,"Foggy","No",16.43
4732,"Auto","City Road",96.35,20.2,"Medium",167,"Cloudy","No",23.21
4733,"Bike","Highway",57.29,27.75,"High",110,"Cloudy","No",43.19
4734,"Van","Street",20.02,26.57,"Medium",68,"Rainy","No",12.26
4735,"Auto","City Road",71.2,27.37,"Medium",113,"Foggy","No",47.46
4736,"Bike","Main Road",59.09,14.67,"High",11,"Sunny","No",13.97
4737,"Auto","City Road",85.26,3.53,"Low",54,"Sunny","No",35.3
4738,"Van","City Road",60.42,26.38,"Medium",104,"Sunny","No",13.8
4739,"Auto","Street",108.41,10.06,"Medium",15,"Foggy","No",20.86
4740,"Bus","Junction",66.53,7.08,"High",115,"Rainy","Yes",36.47
4741,"Bus","Junction",65.48,28.82,"Low",70,"Cloudy","No",52.07
4742,"Bus","Highway",113.44,5,"High",187,"Sunny","Yes",56.04
4743,"Bus","Highway",46.43,28.25,"Low",129,"Sunny","No",19.02
4744,"Van","Expressway",101.79,8.67,"High",110,"Foggy","No",45.24
4745,"Bus","City Road",31.75,5.46,"Medium",51,"Foggy","No",10.48
4746,"Bike","Rural Road",108.81,9.77,"Medium",98,"Sunny","No",51.09
4747,"Bike","Expressway",83.14,29.1,"Medium",149,"Rainy","No",41.69
4748,"Bus","Main Road",67.42,4.3,"Low",184,"Foggy","No",35.25
4749,"Bike","Junction",53.45,5.72,"High",127,"Cloudy","No",19.27
4750,"Auto","Street",50.69,25.78,"High",37,"Sunny","Yes",22.32
4751,"Bus","Street",92.96,8.68,"Low",60,"Foggy","No",59.09
4752,"Auto","Street",95.53,29.36,"Medium",81,"Foggy","No",40.89
4753,"Bike","Highway",39.2,17.81,"High",155,"Cloudy","No",22.19
4754,"Auto","Highway",88.33,10.36,"Medium",97,"Sunny","No",42.74
4755,"Car","Expressway",58.4,13.3,"Low",187,"Cloudy","Yes",22.67
4756,"Van","City Road",83.32,25.62,"Low",175,"Rainy","Yes",40.18
4757,"Van","Bridge",30.42,1.88,"Low",51,"Rainy","No",14.17
4758,"Van","Expressway",72.3,3.24,"Medium",22,"Foggy","No",20.26
4759,"Bus","City Road",91.04,4.18,"High",52,"Rainy","No",29.11
4760,"Van","Rural Road",22.15,14.76,"Medium",97,"Sunny","No",12.65
4761,"Bike","Rural Road",61.9,24.02,"High",67,"Cloudy","No",4.92
4762,"Truck","Junction",46.55,17.32,"Medium",30,"Foggy","Yes",9.83
4763,"Bus","Junction",119.74,1.16,"Low",30,"Sunny","No",5.39
4764,"Auto","Bridge",20.05,2.91,"Medium",75,"Cloudy","No",26.25
4765,"Car","Expressway",53.08,20.5,"Low",120,"Cloudy","No",4.93
4766,"Car","Expressway",114.54,3.78,"High",114,"Rainy","No",21.29
4767,"Bike","Bridge",40.82,3.25,"Medium",153,"Rainy","No",22.09
4768,"Bus","Highway",54.65,23.98,"Low",14,"Foggy","No",14.16
4769,"Truck","Bridge",117.52,13.68,"Low",135,"Foggy","No",4.56
4770,"Van","Street",101.59,4.96,"High",133,"Rainy","No",38.66
4771,"Van","Bridge",117.31,15.06,"Medium",116,"Cloudy","No",57.93
4772,"Bus","City Road",78.81,24.67,"Medium",81,"Sunny","No",47.44
4773,"Bus","Junction",113.75,26.96,"Medium",16,"Cloudy","No",0.55
4774,"Bus","Rural Road",42.35,6.12,"Medium",61,"Cloudy","No",45.93
4775,"Car","Junction",82.55,10.24,"Low",166,"Sunny","No",15.25
4776,"Van","Bridge",42.84,22.5,"High",152,"Rainy","No",39.12
4777,"Truck","Junction",96.91,9.51,"Low",76,"Rainy","No",6.07
4778,"Car","Bridge",64.49,11.49,"Low",167,"Foggy","No",38.44
4779,"Bike","Bridge",102.3,24.2,"Low",95,"Foggy","No",37.78
4780,"Auto","Street",82.38,21.89,"High",57,"Rainy","No",14.41
4781,"Car","Main Road",107.02,11.02,"Low",25,"Rainy","No",24.73
4782,"Bike","Main Road",96.43,9.86,"Medium",190,"Cloudy","No",13.38
4783,"Car","Street",45.29,20.96,"Low",77,"Sunny","Yes",42.19
4784,"Bike","Rural Road",47.15,3.3,"High",120,"Foggy","Yes",32.58
4785,"Truck","Highway",41.45,25.61,"Medium",197,"Foggy","No",36.29
4786,"Truck","City Road",73.92,9.74,"Low",138,"Sunny","No",39.07
4787,"Bus","Junction",106.16,7.64,"Low",148,"Rainy","No",50.68
4788,"Car","City Road",22.27,18.58,"High",46,"Rainy","No",34.19
4789,"Bus","Bridge",32.03,23.41,"High",27,"Sunny","No",25.13
4790,"Truck","Junction",30.56,27.15,"Medium",10,"Rainy","No",39.58
4791,"Auto","Street",85.13,11.32,"High",95,"Cloudy","No",9.1
4792,"Van","Main Road",43.22,25.48,"Low",55,"Cloudy","No",52.33
4793,"Bus","Street",43.13,20.8,"High",22,"Cloudy","No",42.14
4794,"Car","Junction",94.66,20.15,"Low",67,"Foggy","No",22.18
4795,"Auto","Expressway",117.97,10.73,"High",178,"Cloudy","No",13.15
4796,"Van","Main Road",115.31,8.29,"High",25,"Sunny","No",45.53
4797,"Bus","Rural Road",103.51,28.54,"Medium",110,"Sunny","No",25.28
4798,"Auto","Rural Road",113.85,9.43,"High",175,"Rainy","No",28.03
4799,"Bike","Rural Road",90.11,25.44,"Medium",24,"Foggy","No",30.27
4800,"Auto","Main Road",119.67,22.29,"High",56,"Sunny","No",6.78
4801,"Bike","Expressway",77.78,13.27,"Low",99,"Foggy","Yes",52.69
4802,"Bike","Expressway",104.18,17.84,"Medium",164,"Sunny","No",5.83
4803,"Bike","Highway",40.91,1.12,"Medium",29,"Sunny","No",56.46
4804,"Bike","Main Road",119.74,6.75,"Low",37,"Foggy","No",33.01
4805,"Auto","Highway",51.63,27.14,"High",11,"Sunny","No",26.54
4806,"Truck","Junction",68.02,19.65,"High",129,"Cloudy","No",58.45
4807,"Bus","Highway",73.91,13.41,"High",79,"Foggy","No",5.41
4808,"Car","Main Road",93.78,16.47,"High",152,"Sunny","Yes",9.29
4809,"Auto","Highway",78.81,3.64,"Medium",11,"Rainy","No",6.84
4810,"Car","Highway",85.19,27.68,"High",113,"Rainy","No",55.12
4811,"Car","Expressway",82.79,16.87,"Medium",152,"Foggy","No",19.13
4812,"Truck","Expressway",89.63,9.04,"Medium",64,"Rainy","No",24.4
4813,"Bus","Highway",20.46,15.75,"Medium",71,"Sunny","No",35.41
4814,"Van","Main Road",27.6,6.17,"Medium",78,"Foggy","No",13.18
4815,"Bike","Highway",83.83,10.37,"Low",79,"Cloudy","No",45.98
4816,"Auto","Bridge",30.97,7.72,"High",30,"Cloudy","No",48.02
4817,"Car","Expressway",92.09,25.6,"Medium",100,"Cloudy","No",3.41
4818,"Bus","Bridge",84.99,19.71,"Medium",54,"Rainy","No",0.98
4819,"Truck","Street",106.49,6.81,"Low",102,"Cloudy","No",26.3
4820,"Auto","Expressway",39.11,18.98,"Low",92,"Rainy","No",29.5
4821,"Car","Expressway",114.11,17.6,"High",173,"Cloudy","No",11.07
4822,"Auto","Rural Road",25.58,9.48,"Medium",194,"Foggy","Yes",32.43
4823,"Van","Bridge",100.98,4.04,"Low",113,"Foggy","No",18.39
4824,"Bike","City Road",67.56,6.71,"High",185,"Sunny","No",17.83
4825,"Bus","Street",104.49,19.75,"Low",111,"Foggy","No",4.66
4826,"Bus","Expressway",55.16,5.53,"High",29,"Rainy","No",23.12
4827,"Truck","Junction",53.65,19.11,"High",146,"Cloudy","No",21.17
4828,"Bike","Bridge",39.43,12.93,"Medium",140,"Sunny","No",21.42
4829,"Van","Bridge",49.23,3.01,"Medium",156,"Rainy","No",42.39
4830,"Car","City Road",41.78,14.69,"High",183,"Foggy","No",45.74
4831,"Auto","Main Road",39.35,11.33,"High",193,"Sunny","No",34.89
4832,"Auto","Main Road",54.65,26.06,"Medium",16,"Rainy","No",10.53
4833,"Van","Main Road",114.89,22.9,"High",35,"Sunny","No",38.69
4834,"Van","Highway",88.85,28.59,"Low",152,"Foggy","No",31.82
4835,"Car","Expressway",22.04,26.66,"Low",27,"Foggy","Yes",15.84
4836,"Car","Bridge",30.74,11.99,"High",101,"Foggy","No",18.4
4837,"Auto","City Road",80.13,21.53,"Medium",99,"Foggy","No",16.16
4838,"Bike","Bridge",98.9,22.11,"Medium",200,"Cloudy","No",10.99
4839,"Auto","Bridge",71.59,11.53,"Low",118,"Cloudy","Yes",27.81
4840,"Van","Expressway",118.54,15.75,"High",191,"Cloudy","No",43.95
4841,"Bike","Bridge",87.14,29.6,"Medium",116,"Sunny","No",34.3
4842,"Truck","Bridge",33.91,2.08,"Medium",92,"Cloudy","No",1.74
4843,"Auto","Expressway",99.98,10.28,"Medium",25,"Foggy","No",48.84
4844,"Van","Rural Road",68.34,17.71,"High",144,"Rainy","No",39.53
4845,"Car","City Road",28.67,4.58,"Medium",174,"Sunny","No",41.75
4846,"Truck","Highway",26.55,13.48,"High",72,"Rainy","No",11.96
4847,"Car","Rural Road",98.79,8.31,"Medium",134,"Sunny","No",50.84
4848,"Bus","Main Road",119.15,26.32,"Medium",39,"Cloudy","No",14.81
4849,"Van","City Road",85.61,27.42,"Low",116,"Cloudy","No",39.71
4850,"Van","Rural Road",93.2,16.89,"Medium",13,"Sunny","No",48.04
4851,"Bus","Street",67.43,10.97,"Medium",166,"Cloudy","No",19.89
4852,"Car","Junction",90.52,21.12,"Low",129,"Rainy","No",1.67
4853,"Car","Street",52.57,21.31,"Medium",79,"Sunny","No",22.05
4854,"Auto","Street",55.35,25.21,"Low",72,"Cloudy","No",14.46
4855,"Truck","Main Road",85.23,28.54,"Medium",183,"Sunny","No",56.95
4856,"Truck","Main Road",105.02,28.99,"Low",72,"Rainy","No",8.23
4857,"Car","Rural Road",42.54,11.64,"High",55,"Sunny","No",24.59
4858,"Auto","City Road",106.21,7.62,"Low",167,"Foggy","No",27.25
4859,"Van","Rural Road",85.54,8.45,"Medium",45,"Rainy","No",39.06
4860,"Van","Junction",34.87,18.33,"Medium",26,"Rainy","No",15.29
4861,"Truck","Rural Road",70.35,10.05,"Medium",107,"Rainy","No",3.36
4862,"Auto","Street",78.37,6.56,"Low",37,"Foggy","No",39.57
4863,"Bike","Main Road",24.88,29.93,"Medium",102,"Cloudy","No",25.61
4864,"Truck","Junction",47.15,1.06,"High",68,"Foggy","Yes",9.17
4865,"Truck","Highway",115.85,7.35,"Low",148,"Cloudy","No",2
4866,"Auto","Highway",94.56,2.98,"High",65,"Foggy","No",47.46
4867,"Van","Rural Road",118.18,19.14,"Low",159,"Foggy","No",32.94
4868,"Car","Bridge",89.7,22.94,"Low",36,"Rainy","No",31.62
4869,"Car","Junction",105.63,24.51,"Low",19,"Cloudy","Yes",4.18
4870,"Bike","Main Road",35.08,27.31,"High",14,"Rainy","No",40.57
4871,"Car","Expressway",53.96,4.73,"Medium",82,"Rainy","No",42.63
4872,"Car","Expressway",69.14,7.82,"Medium",189,"Foggy","No",56.41
4873,"Auto","Rural Road",47.79,20.26,"High",150,"Cloudy","No",15.85
4874,"Bus","Expressway",88.83,19.11,"High",105,"Sunny","No",50.69
4875,"Van","Expressway",106.21,25.07,"Medium",119,"Sunny","No",40.52
4876,"Van","City Road",60.38,10.23,"High",161,"Rainy","No",29.16
4877,"Car","Expressway",102.65,15.28,"Low",101,"Cloudy","No",4.02
4878,"Bike","Highway",24.25,18.01,"Low",143,"Sunny","No",19.05
4879,"Truck","City Road",106.36,7.17,"High",177,"Rainy","No",36.19
4880,"Bus","Bridge",68.15,9.85,"Low",164,"Foggy","No",45.39
4881,"Car","Expressway",59.46,13.27,"High",164,"Rainy","No",4.83
4882,"Van","City Road",71.03,21.14,"Low",182,"Sunny","No",12.22
4883,"Car","Highway",107.5,19.67,"Medium",55,"Cloudy","Yes",39.74
4884,"Bike","Junction",104.04,22.63,"Medium",199,"Cloudy","No",25.76
4885,"Bike","Expressway",116.28,9.9,"Medium",75,"Rainy","No",38.92
4886,"Truck","Main Road",35.29,29.04,"Low",18,"Foggy","No",54.8
4887,"Bus","City Road",76.62,22.92,"High",200,"Sunny","No",39.33
4888,"Bike","Main Road",105.41,26.18,"Low",131,"Rainy","No",55.47
4889,"Auto","Expressway",77.36,12.64,"Low",92,"Rainy","Yes",23.14
4890,"Auto","Junction",78.44,4.78,"High",60,"Cloudy","No",21.25
4891,"Bike","Junction",71.41,8.42,"High",26,"Sunny","No",58.12
4892,"Car","Bridge",111.62,5.01,"Low",94,"Cloudy","Yes",10.52
4893,"Bike","Bridge",31.92,28.07,"Low",187,"Cloudy","No",48.86
4894,"Bus","Expressway",93.99,10.23,"Low",117,"Rainy","No",42.08
4895,"Car","Junction",32.34,3.13,"High",199,"Rainy","No",40.17
4896,"Auto","City Road",68.56,14.4,"Low",154,"Sunny","No",34.76
4897,"Car","Bridge",47.96,19.16,"Medium",189,"Rainy","Yes",30.62
4898,"Bus","Rural Road",23,16.02,"High",62,"Rainy","No",45.1
4899,"Truck","Street",87.84,12.49,"High",118,"Cloudy","No",28.35
4900,"Bus","City Road",25.55,7.05,"Low",56,"Foggy","No",15.08
4901,"Van","Rural Road",80.36,14.26,"Medium",197,"Rainy","No",48.44
4902,"Auto","Highway",88.83,2.69,"High",10,"Cloudy","No",5.4
4903,"Bus","City Road",108.85,14.33,"Medium",124,"Sunny","No",5.14
4904,"Bike","Bridge",90.21,29.22,"Low",192,"Foggy","No",43.57
4905,"Bus","Bridge",38.65,7,"Medium",176,"Foggy","No",27.3
4906,"Car","Rural Road",83.8,25.72,"Medium",20,"Sunny","No",54.14
4907,"Truck","Main Road",65.65,8.62,"Medium",47,"Cloudy","No",40.5
4908,"Car","Main Road",82.18,2.11,"Low",90,"Sunny","No",27.75
4909,"Van","Street",51.79,9.83,"Low",118,"Sunny","No",24.96
4910,"Bus","Rural Road",69.52,20.44,"High",176,"Foggy","No",30.78
4911,"Van","Junction",77.91,24.99,"Low",40,"Foggy","No",24.12
4912,"Van","Rural Road",30.24,21.59,"Medium",102,"Cloudy","No",8.79
4913,"Van","Junction",93.48,25.18,"Low",54,"Cloudy","No",4.43
4914,"Truck","Expressway",52.5,5.72,"Low",124,"Cloudy","No",3.8
4915,"Van","Bridge",115.47,23.61,"Medium",90,"Cloudy","No",51.06
4916,"Bus","Junction",61,13.83,"Low",98,"Sunny","No",53.94
4917,"Van","Junction",115.19,24.83,"Medium",32,"Rainy","No",0.01
4918,"Truck","City Road",89.19,10.31,"High",167,"Sunny","No",37.94
4919,"Truck","Rural Road",116.81,29.6,"High",57,"Foggy","No",27.75
4920,"Bike","Highway",103.22,16.75,"Low",77,"Cloudy","No",56.19
4921,"Car","Main Road",93.32,29.92,"High",128,"Foggy","No",54.47
4922,"Auto","Bridge",54.31,22.18,"Low",26,"Sunny","No",29.32
4923,"Auto","Junction",116.43,10.49,"Medium",19,"Rainy","No",19.88
4924,"Truck","Highway",48.48,4,"Medium",194,"Sunny","Yes",35.25
4925,"Car","Rural Road",33.44,2.22,"Low",128,"Foggy","No",14.45
4926,"Bike","Junction",23.36,15.63,"Low",26,"Rainy","No",3.07
4927,"Bus","Expressway",75.89,21.51,"Low",38,"Cloudy","No",28.24
4928,"Van","Street",92.45,17.82,"High",140,"Rainy","Yes",55.37
4929,"Car","City Road",112.64,7.74,"Medium",109,"Sunny","Yes",32.34
4930,"Van","Expressway",36.85,23.8,"High",10,"Sunny","No",9.69
4931,"Car","Street",58.44,19.69,"High",156,"Rainy","No",2.12
4932,"Car","Rural Road",42.47,7.25,"High",188,"Foggy","No",15.68
4933,"Truck","Street",88.3,4.67,"High",113,"Sunny","No",28.02
4934,"Van","Street",26.64,2.14,"Medium",164,"Rainy","No",1.55
4935,"Bus","Main Road",97.71,21.07,"Low",177,"Foggy","No",59.97
4936,"Bike","Bridge",90.92,7.46,"Medium",63,"Cloudy","No",58.79
4937,"Auto","Street",61.63,4.24,"High",155,"Rainy","No",47.71
4938,"Bus","Bridge",25.77,25.61,"Medium",49,"Cloudy","No",27.28
4939,"Van","Junction",109.47,29.24,"High",36,"Cloudy","No",17.95
4940,"Car","Rural Road",21.77,23.87,"High",25,"Foggy","No",39.28
4941,"Bike","Main Road",90.67,6.19,"Low",193,"Rainy","No",52.22
4942,"Car","Bridge",56.27,15.08,"Low",190,"Rainy","No",51.83
4943,"Auto","Street",41.49,26.22,"Medium",74,"Rainy","No",42.17
4944,"Bus","Main Road",22.86,11.59,"Low",26,"Rainy","Yes",55.87
4945,"Bus","Street",108.07,6.1,"Low",142,"Foggy","No",29.41
4946,"Car","Highway",104.47,18.04,"Medium",49,"Rainy","Yes",49.48
4947,"Bike","Street",30.88,19.99,"Low",117,"Rainy","No",12.79
4948,"Truck","Highway",118.91,1.33,"Medium",180,"Foggy","No",26.62
4949,"Van","City Road",102.71,10.45,"Medium",30,"Cloudy","No",7.69
4950,"Truck","Street",49.91,12.16,"Low",147,"Foggy","No",28.68
4951,"Bike","Expressway",41.12,22.79,"High",27,"Sunny","No",43.14
4952,"Car","Junction",116.32,18.26,"Low",99,"Foggy","No",54.35
4953,"Car","Expressway",92.88,27.39,"Medium",145,"Sunny","No",41.87
4954,"Truck","Bridge",21.91,3.54,"Low",146,"Foggy","No",35.84
4955,"Truck","Street",87.08,28.81,"High",28,"Sunny","Yes",34.94
4956,"Auto","Street",59.9,19.04,"High",61,"Foggy","No",28.83
4957,"Auto","Highway",108,18.17,"High",59,"Foggy","No",18.86
4958,"Bike","Junction",27.5,24.88,"High",117,"Rainy","Yes",55.79
4959,"Bike","Bridge",86.18,4.9,"Low",146,"Foggy","No",20.99
4960,"Van","Highway",97,21.2,"Medium",196,"Rainy","No",47.65
4961,"Bus","City Road",100.19,7.62,"Medium",35,"Cloudy","No",19.26
4962,"Bus","Highway",38.95,1.38,"Medium",119,"Foggy","No",25.26
4963,"Bike","Bridge",43.82,29.3,"Low",108,"Foggy","No",53.42
4964,"Van","Bridge",100.86,14.74,"High",88,"Cloudy","No",40.32
4965,"Bus","Street",66.36,16.98,"Medium",79,"Rainy","No",28.39
4966,"Van","Expressway",58.07,23.46,"High",28,"Sunny","No",27.83
4967,"Van","City Road",105.49,10.64,"Medium",91,"Sunny","No",36.29
4968,"Auto","Bridge",114.91,20.59,"Low",120,"Sunny","No",48.27
4969,"Bike","Main Road",40.02,21.19,"High",11,"Cloudy","Yes",47.98
4970,"Truck","Highway",107.78,9.97,"Medium",199,"Sunny","Yes",0.19
4971,"Van","Expressway",35.38,3.26,"Low",172,"Foggy","No",9.55
4972,"Auto","Bridge",106.67,24.46,"Medium",96,"Foggy","No",40.55
4973,"Auto","Main Road",63.6,10.79,"High",65,"Rainy","No",56.55
4974,"Car","Bridge",101.51,25.66,"High",198,"Foggy","No",13.32
4975,"Bus","City Road",65.16,6.94,"Low",162,"Rainy","No",20.69
4976,"Truck","Junction",100.38,25.22,"Medium",84,"Foggy","No",20.77
4977,"Bike","Street",70.09,1.17,"High",65,"Sunny","No",41.1
4978,"Bike","Main Road",83.59,7.07,"Medium",42,"Rainy","No",46.87
4979,"Bike","Highway",118.98,20.79,"Low",30,"Rainy","No",19.18
4980,"Van","City Road",74.65,22.74,"High",29,"Foggy","Yes",22.29
4981,"Car","Junction",26.64,9.57,"High",146,"Rainy","No",54.85
4982,"Van","Street",108.21,21.06,"Low",127,"Sunny","No",11.3
4983,"Bus","Street",37.93,18.08,"Low",67,"Foggy","No",10.49
4984,"Auto","Rural Road",106.7,17.51,"Medium",120,"Foggy","No",55.07
4985,"Truck","Expressway",40.51,24.34,"Low",70,"Foggy","No",45.41
4986,"Truck","Main Road",97.45,20.33,"Medium",167,"Sunny","No",3.19
4987,"Bike","City Road",112.6,14.99,"Medium",162,"Foggy","No",13.15
4988,"Auto","Expressway",103.17,18.43,"Medium",14,"Cloudy","No",26.12
4989,"Van","Junction",109.44,25.47,"High",106,"Cloudy","No",44.43
4990,"Truck","Bridge",86.58,29.79,"High",59,"Rainy","No",54.39
4991,"Van","Expressway",37.53,6.17,"Medium",50,"Foggy","No",34.37
4992,"Car","Junction",26.12,20.72,"Medium",166,"Cloudy","No",39.06
4993,"Van","Highway",34.27,15.8,"Low",16,"Rainy","Yes",21.79
4994,"Car","City Road",51.89,8.13,"High",21,"Sunny","No",29.18
4995,"Truck","Rural Road",57.04,5.55,"Medium",61,"Rainy","No",42.61
4996,"Truck","Bridge",44.91,25.65,"Low",139,"Sunny","No",4.35
4997,"Car","Expressway",22.31,27.18,"High",89,"Rainy","No",57.86
4998,"Car","City Road",95.34,21.41,"Low",167,"Rainy","No",32.2
4999,"Bus","Bridge",88.88,23.79,"High",168,"Foggy","No",22.95
5000,"Car","Highway",22.74,13.8,"Medium",111,"Sunny","No",25.82
